coin,timestamp,price,volume
UST,2022-04-01 00:00:00+00:00,0.9998,5705731.5214
UST,2022-04-01 01:00:00+00:00,0.9996,3244175.8405
UST,2022-04-01 02:00:00+00:00,0.9998,21037819.6699
UST,2022-04-01 03:00:00+00:00,0.9998,9584178.5187
UST,2022-04-01 04:00:00+00:00,0.9999,11933714.6354
UST,2022-04-01 05:00:00+00:00,0.9999,3364808.2694
UST,2022-04-01 06:00:00+00:00,0.9999,4838735.1685
UST,2022-04-01 07:00:00+00:00,0.9999,1730362.2463
UST,2022-04-01 08:00:00+00:00,0.9998,12188477.598
UST,2022-04-01 09:00:00+00:00,0.9998,4620473.4701
UST,2022-04-01 10:00:00+00:00,0.9998,4885598.5226
UST,2022-04-01 11:00:00+00:00,0.9999,1221389.7624
UST,2022-04-01 12:00:00+00:00,1.0,5947224.1606
UST,2022-04-01 13:00:00+00:00,1.0001,11431203.3352
UST,2022-04-01 14:00:00+00:00,1.0,19735532.3818
UST,2022-04-01 15:00:00+00:00,1.0001,25420618.8906
UST,2022-04-01 16:00:00+00:00,1.0001,3371630.1012
UST,2022-04-01 17:00:00+00:00,1.0,2971533.1669
UST,2022-04-01 18:00:00+00:00,1.0,3721890.618
UST,2022-04-01 19:00:00+00:00,1.0,2271426.3654
UST,2022-04-01 20:00:00+00:00,1.0001,9794895.4651
UST,2022-04-01 21:00:00+00:00,1.0001,6871643.1965
UST,2022-04-01 22:00:00+00:00,1.0,6399111.9979
UST,2022-04-01 23:00:00+00:00,1.0002,8948635.2273
UST,2022-04-02 00:00:00+00:00,1.0002,3318211.1884
UST,2022-04-02 01:00:00+00:00,1.0001,5700308.9769
UST,2022-04-02 02:00:00+00:00,1.0001,13508904.1118
UST,2022-04-02 03:00:00+00:00,1.0001,10950336.3573
UST,2022-04-02 04:00:00+00:00,1.0001,4889975.6953
UST,2022-04-02 05:00:00+00:00,1.0002,2508696.7745
UST,2022-04-02 06:00:00+00:00,1.0,4713075.9029
UST,2022-04-02 07:00:00+00:00,1.0001,3610889.8013
UST,2022-04-02 08:00:00+00:00,1.0001,5577115.4784
UST,2022-04-02 09:00:00+00:00,1.0,7803691.3267
UST,2022-04-02 10:00:00+00:00,1.0001,15347658.6369
UST,2022-04-02 11:00:00+00:00,1.0002,3776811.4288
UST,2022-04-02 12:00:00+00:00,1.0002,5715588.9277
UST,2022-04-02 13:00:00+00:00,1.0002,3246044.5598
UST,2022-04-02 14:00:00+00:00,1.0001,2119290.7615
UST,2022-04-02 15:00:00+00:00,1.0002,5574778.5637
UST,2022-04-02 16:00:00+00:00,1.0002,9590762.878
UST,2022-04-02 17:00:00+00:00,1.0002,3268275.007
UST,2022-04-02 18:00:00+00:00,1.0003,9392494.6328
UST,2022-04-02 19:00:00+00:00,1.0002,1027766.8165
UST,2022-04-02 20:00:00+00:00,1.0001,7596299.3442
UST,2022-04-02 21:00:00+00:00,1.0002,1821481.3551
UST,2022-04-02 22:00:00+00:00,1.0,14647811.8143
UST,2022-04-02 23:00:00+00:00,1.0001,4529761.5545
UST,2022-04-03 00:00:00+00:00,1.0001,1548941.7213
UST,2022-04-03 01:00:00+00:00,1.0001,2064934.413
UST,2022-04-03 02:00:00+00:00,1.0001,2585217.3354
UST,2022-04-03 03:00:00+00:00,1.0001,2607354.0127
UST,2022-04-03 04:00:00+00:00,1.0001,2310213.1751
UST,2022-04-03 05:00:00+00:00,1.0001,3628967.2144
UST,2022-04-03 06:00:00+00:00,1.0002,4134751.5788
UST,2022-04-03 07:00:00+00:00,1.0001,5167596.8872
UST,2022-04-03 08:00:00+00:00,1.0002,8876008.2467
UST,2022-04-03 09:00:00+00:00,1.0,4908818.2769
UST,2022-04-03 10:00:00+00:00,1.0001,1773422.7885
UST,2022-04-03 11:00:00+00:00,1.0001,11582102.9848
UST,2022-04-03 12:00:00+00:00,1.0,1911260.1184
UST,2022-04-03 13:00:00+00:00,1.0,3266065.4232
UST,2022-04-03 14:00:00+00:00,1.0001,3158745.8467
UST,2022-04-03 15:00:00+00:00,1.0,4002371.4378
UST,2022-04-03 16:00:00+00:00,1.0,1324891.9515
UST,2022-04-03 17:00:00+00:00,1.0,1863435.8383
UST,2022-04-03 18:00:00+00:00,1.0,3294360.1183
UST,2022-04-03 19:00:00+00:00,1.0001,2473533.7875
UST,2022-04-03 20:00:00+00:00,1.0001,1019865.8757
UST,2022-04-03 21:00:00+00:00,1.0001,2805452.324
UST,2022-04-03 22:00:00+00:00,1.0001,2893993.4485
UST,2022-04-03 23:00:00+00:00,1.0001,5004576.1501
UST,2022-04-04 00:00:00+00:00,1.0,6611635.0849
UST,2022-04-04 01:00:00+00:00,1.0,2135638.1749
UST,2022-04-04 02:00:00+00:00,1.0001,3967734.4686
UST,2022-04-04 03:00:00+00:00,1.0001,1599943.8012
UST,2022-04-04 04:00:00+00:00,0.9999,2316338.291
UST,2022-04-04 05:00:00+00:00,1.0,1468137.8718
UST,2022-04-04 06:00:00+00:00,0.9999,1229222.3254
UST,2022-04-04 07:00:00+00:00,0.9999,2703960.1923
UST,2022-04-04 08:00:00+00:00,1.0,4113377.841
UST,2022-04-04 09:00:00+00:00,1.0001,4374440.1692
UST,2022-04-04 10:00:00+00:00,1.0001,1904307.1243
UST,2022-04-04 11:00:00+00:00,0.9999,9081343.5769
UST,2022-04-04 12:00:00+00:00,0.9998,15378585.405
UST,2022-04-04 13:00:00+00:00,0.9999,14819666.2365
UST,2022-04-04 14:00:00+00:00,1.0,6350621.4138
UST,2022-04-04 15:00:00+00:00,0.9998,8488951.879
UST,2022-04-04 16:00:00+00:00,1.0001,4555268.645
UST,2022-04-04 17:00:00+00:00,1.0,7348577.0717
UST,2022-04-04 18:00:00+00:00,1.0001,4563726.5592
UST,2022-04-04 19:00:00+00:00,1.0,7681590.8776
UST,2022-04-04 20:00:00+00:00,1.0001,14071381.8226
UST,2022-04-04 21:00:00+00:00,1.0002,4942572.4744
UST,2022-04-04 22:00:00+00:00,1.0001,3883923.8307
UST,2022-04-04 23:00:00+00:00,1.0,1911448.3111
UST,2022-04-05 00:00:00+00:00,1.0,2849035.2961
UST,2022-04-05 01:00:00+00:00,1.0001,2204357.4258
UST,2022-04-05 02:00:00+00:00,0.9999,4185548.4322
UST,2022-04-05 03:00:00+00:00,0.9999,1178125.6901
UST,2022-04-05 04:00:00+00:00,1.0,2044731.9564
UST,2022-04-05 05:00:00+00:00,1.0001,5324869.5347
UST,2022-04-05 06:00:00+00:00,1.0,1342008.1306
UST,2022-04-05 07:00:00+00:00,1.0,3088555.4784
UST,2022-04-05 08:00:00+00:00,1.0001,11581615.849
UST,2022-04-05 09:00:00+00:00,1.0001,7192254.8372
UST,2022-04-05 10:00:00+00:00,1.0001,5357233.5403
UST,2022-04-05 11:00:00+00:00,1.0002,6641453.4975
UST,2022-04-05 12:00:00+00:00,1.0,4918716.5342
UST,2022-04-05 13:00:00+00:00,1.0001,4514106.0414
UST,2022-04-05 14:00:00+00:00,1.0,5426288.5272
UST,2022-04-05 15:00:00+00:00,1.0,3095397.9082
UST,2022-04-05 16:00:00+00:00,1.0,4237202.9809
UST,2022-04-05 17:00:00+00:00,1.0,5820546.9983
UST,2022-04-05 18:00:00+00:00,1.0001,6206803.5741
UST,2022-04-05 19:00:00+00:00,1.0001,2956547.1862
UST,2022-04-05 20:00:00+00:00,1.0,9226551.9346
UST,2022-04-05 21:00:00+00:00,1.0,3116998.3028
UST,2022-04-05 22:00:00+00:00,1.0001,2484875.9271
UST,2022-04-05 23:00:00+00:00,1.0001,2869075.5471
UST,2022-04-06 00:00:00+00:00,0.9998,14140240.6355
UST,2022-04-06 01:00:00+00:00,0.9997,14103896.4065
UST,2022-04-06 02:00:00+00:00,0.9998,4673360.7268
UST,2022-04-06 03:00:00+00:00,0.9998,1587234.7135
UST,2022-04-06 04:00:00+00:00,0.9998,13685161.5306
UST,2022-04-06 05:00:00+00:00,1.0,4331814.8456
UST,2022-04-06 06:00:00+00:00,1.0001,5203934.7912
UST,2022-04-06 07:00:00+00:00,1.0001,4699481.0728
UST,2022-04-06 08:00:00+00:00,1.0001,11550898.7158
UST,2022-04-06 09:00:00+00:00,1.0001,7471112.9943
UST,2022-04-06 10:00:00+00:00,1.0001,5479758.8949
UST,2022-04-06 11:00:00+00:00,1.0001,9991066.9474
UST,2022-04-06 12:00:00+00:00,1.0001,8308275.6732
UST,2022-04-06 13:00:00+00:00,0.9998,9318538.7418
UST,2022-04-06 14:00:00+00:00,0.9999,32194238.9469
UST,2022-04-06 15:00:00+00:00,1.0,10696633.3487
UST,2022-04-06 16:00:00+00:00,1.0001,9939662.8746
UST,2022-04-06 17:00:00+00:00,1.0,7905138.5158
UST,2022-04-06 18:00:00+00:00,1.0,9050675.7182
UST,2022-04-06 19:00:00+00:00,1.0001,4421699.7093
UST,2022-04-06 20:00:00+00:00,1.0001,2863251.498
UST,2022-04-06 21:00:00+00:00,1.0001,7967939.9648
UST,2022-04-06 22:00:00+00:00,1.0001,5162660.6961
UST,2022-04-06 23:00:00+00:00,0.9999,6452477.7559
UST,2022-04-07 00:00:00+00:00,0.9998,4640313.688
UST,2022-04-07 01:00:00+00:00,0.9999,6463835.6436
UST,2022-04-07 02:00:00+00:00,1.0,6392579.061
UST,2022-04-07 03:00:00+00:00,1.0,11257404.2665
UST,2022-04-07 04:00:00+00:00,1.0,4930205.4175
UST,2022-04-07 05:00:00+00:00,0.9999,4987089.1367
UST,2022-04-07 06:00:00+00:00,1.0,2067876.3716
UST,2022-04-07 07:00:00+00:00,0.9999,9728098.252
UST,2022-04-07 08:00:00+00:00,0.9999,3148232.6964
UST,2022-04-07 09:00:00+00:00,1.0,4977064.0753
UST,2022-04-07 10:00:00+00:00,0.9999,4762266.4697
UST,2022-04-07 11:00:00+00:00,1.0,4671252.271
UST,2022-04-07 12:00:00+00:00,1.0,3919070.8061
UST,2022-04-07 13:00:00+00:00,1.0001,8496737.3894
UST,2022-04-07 14:00:00+00:00,1.0001,7836850.6766
UST,2022-04-07 15:00:00+00:00,1.0001,9930004.1636
UST,2022-04-07 16:00:00+00:00,1.0001,5371939.5779
UST,2022-04-07 17:00:00+00:00,1.0001,8641166.5723
UST,2022-04-07 18:00:00+00:00,1.0,4094277.5766
UST,2022-04-07 19:00:00+00:00,1.0,4295770.4346
UST,2022-04-07 20:00:00+00:00,1.0001,2009766.6667
UST,2022-04-07 21:00:00+00:00,1.0001,8638373.3078
UST,2022-04-07 22:00:00+00:00,1.0001,784287.5492
UST,2022-04-07 23:00:00+00:00,0.9998,8326352.2501
UST,2022-04-08 00:00:00+00:00,0.9999,15537954.9085
UST,2022-04-08 01:00:00+00:00,1.0,3599924.9509
UST,2022-04-08 02:00:00+00:00,1.0,5696342.4454
UST,2022-04-08 03:00:00+00:00,0.9999,5715909.9827
UST,2022-04-08 04:00:00+00:00,1.0,1731825.8332
UST,2022-04-08 05:00:00+00:00,1.0,2109057.7423
UST,2022-04-08 06:00:00+00:00,1.0,2734359.1379
UST,2022-04-08 07:00:00+00:00,1.0,9774549.0914
UST,2022-04-08 08:00:00+00:00,1.0,9117580.2632
UST,2022-04-08 09:00:00+00:00,1.0001,5203422.9559
UST,2022-04-08 10:00:00+00:00,1.0,4949815.0844
UST,2022-04-08 11:00:00+00:00,1.0,8694099.5664
UST,2022-04-08 12:00:00+00:00,1.0,7562179.2841
UST,2022-04-08 13:00:00+00:00,1.0,6766659.4911
UST,2022-04-08 14:00:00+00:00,1.0001,6619024.5911
UST,2022-04-08 15:00:00+00:00,1.0002,6944763.6547
UST,2022-04-08 16:00:00+00:00,1.0002,4027542.0801
UST,2022-04-08 17:00:00+00:00,1.0,9161889.2626
UST,2022-04-08 18:00:00+00:00,1.0002,9474226.5158
UST,2022-04-08 19:00:00+00:00,1.0002,9992799.6181
UST,2022-04-08 20:00:00+00:00,1.0002,4189859.1201
UST,2022-04-08 21:00:00+00:00,1.0002,10139703.5636
UST,2022-04-08 22:00:00+00:00,1.0002,13622922.3252
UST,2022-04-08 23:00:00+00:00,1.0002,6456727.4196
UST,2022-04-09 00:00:00+00:00,1.0002,6704846.2517
UST,2022-04-09 01:00:00+00:00,1.0002,3053772.7811
UST,2022-04-09 02:00:00+00:00,1.0001,9540043.3475
UST,2022-04-09 03:00:00+00:00,1.0002,2802474.6092
UST,2022-04-09 04:00:00+00:00,1.0002,3536479.1002
UST,2022-04-09 05:00:00+00:00,1.0002,1910041.3177
UST,2022-04-09 06:00:00+00:00,1.0001,4889223.6104
UST,2022-04-09 07:00:00+00:00,1.0002,11985617.8642
UST,2022-04-09 08:00:00+00:00,1.0002,4437389.115
UST,2022-04-09 09:00:00+00:00,1.0002,2537663.9418
UST,2022-04-09 10:00:00+00:00,1.0001,3289333.1687
UST,2022-04-09 11:00:00+00:00,1.0001,1642106.8148
UST,2022-04-09 12:00:00+00:00,1.0002,3370280.5925
UST,2022-04-09 13:00:00+00:00,1.0002,6652679.1153
UST,2022-04-09 14:00:00+00:00,1.0002,7332665.3224
UST,2022-04-09 15:00:00+00:00,1.0003,5212517.1538
UST,2022-04-09 16:00:00+00:00,1.0003,2471659.2796
UST,2022-04-09 17:00:00+00:00,1.0003,3186209.4941
UST,2022-04-09 18:00:00+00:00,1.0003,3840697.642
UST,2022-04-09 19:00:00+00:00,1.0003,1022468.6558
UST,2022-04-09 20:00:00+00:00,1.0003,7113946.7281
UST,2022-04-09 21:00:00+00:00,1.0003,11914529.7503
UST,2022-04-09 22:00:00+00:00,1.0003,1652908.9859
UST,2022-04-09 23:00:00+00:00,1.0003,5351556.2911
UST,2022-04-10 00:00:00+00:00,1.0003,2330094.2538
UST,2022-04-10 01:00:00+00:00,1.0003,2809973.3778
UST,2022-04-10 02:00:00+00:00,1.0003,5310382.148
UST,2022-04-10 03:00:00+00:00,1.0003,3075561.0467
UST,2022-04-10 04:00:00+00:00,1.0003,2219537.5796
UST,2022-04-10 05:00:00+00:00,1.0003,1573299.6715
UST,2022-04-10 06:00:00+00:00,1.0003,6511306.1854
UST,2022-04-10 07:00:00+00:00,1.0002,1468526.7553
UST,2022-04-10 08:00:00+00:00,1.0002,2787513.0071
UST,2022-04-10 09:00:00+00:00,1.0003,1171335.8015
UST,2022-04-10 10:00:00+00:00,1.0003,1107006.1072
UST,2022-04-10 11:00:00+00:00,1.0004,4319529.0436
UST,2022-04-10 12:00:00+00:00,1.0003,4328617.8809
UST,2022-04-10 13:00:00+00:00,1.0003,4297024.3969
UST,2022-04-10 14:00:00+00:00,1.0004,3466432.4824
UST,2022-04-10 15:00:00+00:00,1.0004,2487746.3406
UST,2022-04-10 16:00:00+00:00,1.0001,8378243.8447
UST,2022-04-10 17:00:00+00:00,1.0003,2885020.146
UST,2022-04-10 18:00:00+00:00,1.0004,2720202.2419
UST,2022-04-10 19:00:00+00:00,1.0003,797940.7231
UST,2022-04-10 20:00:00+00:00,1.0004,1347277.4198
UST,2022-04-10 21:00:00+00:00,1.0004,9369156.5563
UST,2022-04-10 22:00:00+00:00,1.0003,5679054.9149
UST,2022-04-10 23:00:00+00:00,1.0004,1658743.7586
UST,2022-04-11 00:00:00+00:00,1.0004,7023435.474
UST,2022-04-11 01:00:00+00:00,1.0003,2639095.0832
UST,2022-04-11 02:00:00+00:00,1.0004,18689604.0982
UST,2022-04-11 03:00:00+00:00,1.0003,16703428.5378
UST,2022-04-11 04:00:00+00:00,1.0003,2842356.4279
UST,2022-04-11 05:00:00+00:00,1.0004,4599457.072
UST,2022-04-11 06:00:00+00:00,1.0005,8550719.7108
UST,2022-04-11 07:00:00+00:00,1.0004,5151978.0603
UST,2022-04-11 08:00:00+00:00,1.0005,3357656.9087
UST,2022-04-11 09:00:00+00:00,1.0003,12179214.8039
UST,2022-04-11 10:00:00+00:00,1.0003,12786134.2958
UST,2022-04-11 11:00:00+00:00,1.0004,7851830.4751
UST,2022-04-11 12:00:00+00:00,1.0004,4343986.2074
UST,2022-04-11 13:00:00+00:00,1.0004,6410707.7309
UST,2022-04-11 14:00:00+00:00,1.0003,5005484.4465
UST,2022-04-11 15:00:00+00:00,1.0004,9769799.4281
UST,2022-04-11 16:00:00+00:00,1.0004,7008183.3203
UST,2022-04-11 17:00:00+00:00,1.0004,10128667.9374
UST,2022-04-11 18:00:00+00:00,1.0005,6870238.5897
UST,2022-04-11 19:00:00+00:00,1.0005,6393610.3358
UST,2022-04-11 20:00:00+00:00,1.0003,5516351.2216
UST,2022-04-11 21:00:00+00:00,1.0002,7118413.1971
UST,2022-04-11 22:00:00+00:00,1.0002,6138979.2532
UST,2022-04-11 23:00:00+00:00,1.0,3658520.1723
UST,2022-04-12 00:00:00+00:00,1.0,3703622.5059
UST,2022-04-12 01:00:00+00:00,1.0,3472213.0447
UST,2022-04-12 02:00:00+00:00,1.0,3709702.2438
UST,2022-04-12 03:00:00+00:00,1.0001,5548732.412
UST,2022-04-12 04:00:00+00:00,1.0001,1468458.1744
UST,2022-04-12 05:00:00+00:00,1.0002,3815366.5614
UST,2022-04-12 06:00:00+00:00,1.0,3492092.9904
UST,2022-04-12 07:00:00+00:00,1.0003,3152751.0446
UST,2022-04-12 08:00:00+00:00,1.0004,3740697.8016
UST,2022-04-12 09:00:00+00:00,1.0004,4967441.1059
UST,2022-04-12 10:00:00+00:00,1.0005,3818587.3644
UST,2022-04-12 11:00:00+00:00,1.0004,3088395.2289
UST,2022-04-12 12:00:00+00:00,1.0003,4950257.6068
UST,2022-04-12 13:00:00+00:00,1.0002,6907709.0526
UST,2022-04-12 14:00:00+00:00,1.0004,4998346.436
UST,2022-04-12 15:00:00+00:00,1.0002,4743302.9192
UST,2022-04-12 16:00:00+00:00,1.0002,2328242.6746
UST,2022-04-12 17:00:00+00:00,1.0003,2145255.0348
UST,2022-04-12 18:00:00+00:00,1.0004,4032721.7737
UST,2022-04-12 19:00:00+00:00,1.0004,4406619.7352
UST,2022-04-12 20:00:00+00:00,1.0005,3664406.8655
UST,2022-04-12 21:00:00+00:00,1.0004,2852409.8414
UST,2022-04-12 22:00:00+00:00,1.0004,2276782.5109
UST,2022-04-12 23:00:00+00:00,1.0005,2609397.5717
UST,2022-04-13 00:00:00+00:00,1.0005,1635643.2903
UST,2022-04-13 01:00:00+00:00,1.0004,4184112.0364
UST,2022-04-13 02:00:00+00:00,1.0005,2192241.2093
UST,2022-04-13 03:00:00+00:00,1.0004,2790597.6041
UST,2022-04-13 04:00:00+00:00,1.0007,2783622.5879
UST,2022-04-13 05:00:00+00:00,1.0008,4149912.5687
UST,2022-04-13 06:00:00+00:00,1.0004,3907258.0016
UST,2022-04-13 07:00:00+00:00,1.0006,2462815.4043
UST,2022-04-13 08:00:00+00:00,1.0007,4039504.267
UST,2022-04-13 09:00:00+00:00,1.0009,2435660.431
UST,2022-04-13 10:00:00+00:00,1.0007,4219545.1825
UST,2022-04-13 11:00:00+00:00,1.0007,3609915.0458
UST,2022-04-13 12:00:00+00:00,1.0007,2909859.342
UST,2022-04-13 13:00:00+00:00,1.0009,7054847.1878
UST,2022-04-13 14:00:00+00:00,1.0008,7985063.8223
UST,2022-04-13 15:00:00+00:00,1.0009,3313794.3367
UST,2022-04-13 16:00:00+00:00,1.0007,4440144.0002
UST,2022-04-13 17:00:00+00:00,1.0009,3440963.1078
UST,2022-04-13 18:00:00+00:00,1.0009,3776814.0953
UST,2022-04-13 19:00:00+00:00,1.0007,4631166.4658
UST,2022-04-13 20:00:00+00:00,1.0009,2796187.9283
UST,2022-04-13 21:00:00+00:00,1.0009,2286861.7632
UST,2022-04-13 22:00:00+00:00,1.0009,1419874.7716
UST,2022-04-13 23:00:00+00:00,1.0008,1781831.33
UST,2022-04-14 00:00:00+00:00,1.001,1212053.7575
UST,2022-04-14 01:00:00+00:00,1.001,1207411.9061
UST,2022-04-14 02:00:00+00:00,1.001,1910327.1651
UST,2022-04-14 03:00:00+00:00,1.001,2082453.0623
UST,2022-04-14 04:00:00+00:00,1.001,2229596.9887
UST,2022-04-14 05:00:00+00:00,1.0011,2166288.8168
UST,2022-04-14 06:00:00+00:00,1.0013,5291048.631
UST,2022-04-14 07:00:00+00:00,1.0014,2588812.5228
UST,2022-04-14 08:00:00+00:00,1.0014,2688122.2284
UST,2022-04-14 09:00:00+00:00,1.0016,4011733.4563
UST,2022-04-14 10:00:00+00:00,1.0015,2274593.5879
UST,2022-04-14 11:00:00+00:00,1.0013,5236435.8239
UST,2022-04-14 12:00:00+00:00,1.0014,4124691.3754
UST,2022-04-14 13:00:00+00:00,1.001,6038611.5519
UST,2022-04-14 14:00:00+00:00,1.0008,6758415.1631
UST,2022-04-14 15:00:00+00:00,1.001,6454396.5827
UST,2022-04-14 16:00:00+00:00,1.0014,5714266.862
UST,2022-04-14 17:00:00+00:00,1.0014,2430629.443
UST,2022-04-14 18:00:00+00:00,1.0017,2533506.1093
UST,2022-04-14 19:00:00+00:00,1.0018,3874786.9647
UST,2022-04-14 20:00:00+00:00,1.002,2614283.1671
UST,2022-04-14 21:00:00+00:00,1.0016,4205646.9978
UST,2022-04-14 22:00:00+00:00,1.0017,2263312.203
UST,2022-04-14 23:00:00+00:00,1.0017,1251919.4347
UST,2022-04-15 00:00:00+00:00,1.0017,3608285.0583
UST,2022-04-15 01:00:00+00:00,1.0019,1091710.3822
UST,2022-04-15 02:00:00+00:00,1.0019,2020346.7598
UST,2022-04-15 03:00:00+00:00,1.0019,1355559.3626
UST,2022-04-15 04:00:00+00:00,1.0016,2509966.7089
UST,2022-04-15 05:00:00+00:00,1.0016,2968633.5716
UST,2022-04-15 06:00:00+00:00,1.0017,4620919.3738
UST,2022-04-15 07:00:00+00:00,1.0021,4188557.995
UST,2022-04-15 08:00:00+00:00,1.002,3215056.9608
UST,2022-04-15 09:00:00+00:00,1.0019,5246832.8929
UST,2022-04-15 10:00:00+00:00,1.0019,3210284.9532
UST,2022-04-15 11:00:00+00:00,1.0021,1641639.119
UST,2022-04-15 12:00:00+00:00,1.0022,4797326.886
UST,2022-04-15 13:00:00+00:00,1.0019,2985329.5397
UST,2022-04-15 14:00:00+00:00,1.0024,4929839.6296
UST,2022-04-15 15:00:00+00:00,1.0022,2662614.0438
UST,2022-04-15 16:00:00+00:00,1.0021,4496287.8414
UST,2022-04-15 17:00:00+00:00,1.0021,4541308.6031
UST,2022-04-15 18:00:00+00:00,1.0021,1884328.8356
UST,2022-04-15 19:00:00+00:00,1.0021,1681168.4064
UST,2022-04-15 20:00:00+00:00,1.002,2684380.7315
UST,2022-04-15 21:00:00+00:00,1.0022,664299.4837
UST,2022-04-15 22:00:00+00:00,1.0023,858528.1446
UST,2022-04-15 23:00:00+00:00,1.0024,1282428.1125
UST,2022-04-16 00:00:00+00:00,1.0021,2398749.8823
UST,2022-04-16 01:00:00+00:00,1.0023,2251543.0902
UST,2022-04-16 02:00:00+00:00,1.0023,1144503.0729
UST,2022-04-16 03:00:00+00:00,1.0024,873863.2487
UST,2022-04-16 04:00:00+00:00,1.0024,2570387.6501
UST,2022-04-16 05:00:00+00:00,1.0025,1116528.9724
UST,2022-04-16 06:00:00+00:00,1.0023,1289893.6157
UST,2022-04-16 07:00:00+00:00,1.0023,3754745.1158
UST,2022-04-16 08:00:00+00:00,1.0023,1032811.7628
UST,2022-04-16 09:00:00+00:00,1.0025,1730977.3095
UST,2022-04-16 10:00:00+00:00,1.0023,3073581.579
UST,2022-04-16 11:00:00+00:00,1.0023,1476615.3321
UST,2022-04-16 12:00:00+00:00,1.0025,1726155.2041
UST,2022-04-16 13:00:00+00:00,1.0025,2532492.988
UST,2022-04-16 14:00:00+00:00,1.0024,1611122.5635
UST,2022-04-16 15:00:00+00:00,1.0025,4207231.0854
UST,2022-04-16 16:00:00+00:00,1.0028,2895636.0817
UST,2022-04-16 17:00:00+00:00,1.0028,2018733.7949
UST,2022-04-16 18:00:00+00:00,1.0027,1541009.5302
UST,2022-04-16 19:00:00+00:00,1.0026,1480795.4349
UST,2022-04-16 20:00:00+00:00,1.0028,697749.679
UST,2022-04-16 21:00:00+00:00,1.003,1275784.8731
UST,2022-04-16 22:00:00+00:00,1.0026,5120477.2783
UST,2022-04-16 23:00:00+00:00,1.0026,2315690.4552
UST,2022-04-17 00:00:00+00:00,1.0026,4166550.7789
UST,2022-04-17 01:00:00+00:00,1.0027,2331334.9803
UST,2022-04-17 02:00:00+00:00,1.0026,2181451.0699
UST,2022-04-17 03:00:00+00:00,1.0026,1994378.6705
UST,2022-04-17 04:00:00+00:00,1.0025,2452334.6336
UST,2022-04-17 05:00:00+00:00,1.0025,2430869.0764
UST,2022-04-17 06:00:00+00:00,1.0025,1855285.3309
UST,2022-04-17 07:00:00+00:00,1.0024,1734867.8218
UST,2022-04-17 08:00:00+00:00,1.0024,923309.4512
UST,2022-04-17 09:00:00+00:00,1.0025,8114808.4558
UST,2022-04-17 10:00:00+00:00,1.0026,2124731.4185
UST,2022-04-17 11:00:00+00:00,1.0027,1343423.2618
UST,2022-04-17 12:00:00+00:00,1.0028,3005182.7174
UST,2022-04-17 13:00:00+00:00,1.0027,2342688.3132
UST,2022-04-17 14:00:00+00:00,1.0026,3138908.9325
UST,2022-04-17 15:00:00+00:00,1.0028,10054617.1961
UST,2022-04-17 16:00:00+00:00,1.0027,6396110.0914
UST,2022-04-17 17:00:00+00:00,1.0027,1836852.7981
UST,2022-04-17 18:00:00+00:00,1.0027,3869882.5135
UST,2022-04-17 19:00:00+00:00,1.0029,1577796.1632
UST,2022-04-17 20:00:00+00:00,1.0028,1045723.2641
UST,2022-04-17 21:00:00+00:00,1.0028,1401071.1084
UST,2022-04-17 22:00:00+00:00,1.0028,1282775.1616
UST,2022-04-17 23:00:00+00:00,1.0025,6304813.232
UST,2022-04-18 00:00:00+00:00,1.0028,2855168.4317
UST,2022-04-18 01:00:00+00:00,1.0028,1712362.9254
UST,2022-04-18 02:00:00+00:00,1.0028,1623696.4099
UST,2022-04-18 03:00:00+00:00,1.0028,2072836.7345
UST,2022-04-18 04:00:00+00:00,1.0031,7231729.3573
UST,2022-04-18 05:00:00+00:00,1.0029,7063174.0662
UST,2022-04-18 06:00:00+00:00,1.0028,10494993.6386
UST,2022-04-18 07:00:00+00:00,1.0026,5261275.0478
UST,2022-04-18 08:00:00+00:00,1.0026,1505205.1161
UST,2022-04-18 09:00:00+00:00,1.0023,9280374.4999
UST,2022-04-18 10:00:00+00:00,1.002,15530493.5044
UST,2022-04-18 11:00:00+00:00,1.0022,8883832.0815
UST,2022-04-18 12:00:00+00:00,1.0027,10641917.4837
UST,2022-04-18 13:00:00+00:00,1.0026,3401148.887
UST,2022-04-18 14:00:00+00:00,1.0026,6587288.823
UST,2022-04-18 15:00:00+00:00,1.0028,2518050.6737
UST,2022-04-18 16:00:00+00:00,1.003,13995331.5002
UST,2022-04-18 17:00:00+00:00,1.0029,12554676.6315
UST,2022-04-18 18:00:00+00:00,1.0031,21213227.095
UST,2022-04-18 19:00:00+00:00,1.0028,11333951.325
UST,2022-04-18 20:00:00+00:00,1.0028,4266261.2404
UST,2022-04-18 21:00:00+00:00,1.0029,3447734.7147
UST,2022-04-18 22:00:00+00:00,1.0029,1201429.108
UST,2022-04-18 23:00:00+00:00,1.0029,3842162.6757
UST,2022-04-19 00:00:00+00:00,1.003,2700523.9445
UST,2022-04-19 01:00:00+00:00,1.003,2378024.5285
UST,2022-04-19 02:00:00+00:00,1.0029,2070557.3566
UST,2022-04-19 03:00:00+00:00,1.0029,1634248.9373
UST,2022-04-19 04:00:00+00:00,1.0031,36942102.6393
UST,2022-04-19 05:00:00+00:00,1.0032,1598316.616
UST,2022-04-19 06:00:00+00:00,1.0031,4087169.7001
UST,2022-04-19 07:00:00+00:00,1.003,2008499.0121
UST,2022-04-19 08:00:00+00:00,1.0032,2869697.7006
UST,2022-04-19 09:00:00+00:00,1.0032,6377438.1825
UST,2022-04-19 10:00:00+00:00,1.0031,7533410.3194
UST,2022-04-19 11:00:00+00:00,1.003,26768399.8906
UST,2022-04-19 12:00:00+00:00,1.0031,2696837.5264
UST,2022-04-19 13:00:00+00:00,1.0031,4366439.3613
UST,2022-04-19 14:00:00+00:00,1.0031,22616999.6635
UST,2022-04-19 15:00:00+00:00,1.0031,5525474.4372
UST,2022-04-19 16:00:00+00:00,1.0033,4452837.0391
UST,2022-04-19 17:00:00+00:00,1.0032,6557441.8111
UST,2022-04-19 18:00:00+00:00,1.0033,3308547.8929
UST,2022-04-19 19:00:00+00:00,1.0033,1926963.6142
UST,2022-04-19 20:00:00+00:00,1.0034,2116540.6771
UST,2022-04-19 21:00:00+00:00,1.0033,1607357.161
UST,2022-04-19 22:00:00+00:00,1.0034,2157230.5039
UST,2022-04-19 23:00:00+00:00,1.0032,1875505.9632
UST,2022-04-20 00:00:00+00:00,1.0035,3886284.3632
UST,2022-04-20 01:00:00+00:00,1.0034,1483110.042
UST,2022-04-20 02:00:00+00:00,1.0034,1589314.9464
UST,2022-04-20 03:00:00+00:00,1.0031,6478836.9074
UST,2022-04-20 04:00:00+00:00,1.0032,2063926.5634
UST,2022-04-20 05:00:00+00:00,1.0032,2370949.0964
UST,2022-04-20 06:00:00+00:00,1.0033,2124381.9279
UST,2022-04-20 07:00:00+00:00,1.0033,3431947.3895
UST,2022-04-20 08:00:00+00:00,1.0033,5211859.6321
UST,2022-04-20 09:00:00+00:00,1.0032,3272913.751
UST,2022-04-20 10:00:00+00:00,1.0034,3280235.1376
UST,2022-04-20 11:00:00+00:00,1.0034,3223315.8897
UST,2022-04-20 12:00:00+00:00,1.0034,3692574.661
UST,2022-04-20 13:00:00+00:00,1.0034,5893916.653
UST,2022-04-20 14:00:00+00:00,1.0034,3697658.8269
UST,2022-04-20 15:00:00+00:00,1.0036,26655381.3494
UST,2022-04-20 16:00:00+00:00,1.0037,3879700.474
UST,2022-04-20 17:00:00+00:00,1.0039,5110983.896
UST,2022-04-20 18:00:00+00:00,1.004,95534111.1381
UST,2022-04-20 19:00:00+00:00,1.0047,51665565.0572
UST,2022-04-20 20:00:00+00:00,1.0046,87576076.4578
UST,2022-04-20 21:00:00+00:00,1.0041,59583495.3433
UST,2022-04-20 22:00:00+00:00,1.0042,1426822.0061
UST,2022-04-20 23:00:00+00:00,1.0042,1177523.4073
UST,2022-04-21 00:00:00+00:00,1.0045,129909249.089
UST,2022-04-21 01:00:00+00:00,1.0032,63375982.4872
UST,2022-04-21 02:00:00+00:00,1.0031,13068081.4378
UST,2022-04-21 03:00:00+00:00,1.0033,6131563.4975
UST,2022-04-21 04:00:00+00:00,1.0034,6480878.6169
UST,2022-04-21 05:00:00+00:00,1.0033,2315436.8508
UST,2022-04-21 06:00:00+00:00,1.0033,2845304.9018
UST,2022-04-21 07:00:00+00:00,1.0027,15844796.8301
UST,2022-04-21 08:00:00+00:00,1.0026,14839262.907
UST,2022-04-21 09:00:00+00:00,1.003,7290848.6325
UST,2022-04-21 10:00:00+00:00,1.0029,5469648.4327
UST,2022-04-21 11:00:00+00:00,1.003,7773372.0761
UST,2022-04-21 12:00:00+00:00,1.0031,2796379.8516
UST,2022-04-21 13:00:00+00:00,1.0029,4295275.9588
UST,2022-04-21 14:00:00+00:00,1.0027,11574792.4718
UST,2022-04-21 15:00:00+00:00,1.0029,7829367.9767
UST,2022-04-21 16:00:00+00:00,1.0029,59851043.4038
UST,2022-04-21 17:00:00+00:00,1.0029,3278808.3982
UST,2022-04-21 18:00:00+00:00,1.0031,2497504.0432
UST,2022-04-21 19:00:00+00:00,1.0031,3081898.6841
UST,2022-04-21 20:00:00+00:00,1.0034,4987874.4712
UST,2022-04-21 21:00:00+00:00,1.004,12987986.8233
UST,2022-04-21 22:00:00+00:00,1.0034,10386684.434
UST,2022-04-21 23:00:00+00:00,1.0034,4657288.8563
UST,2022-04-22 00:00:00+00:00,1.0035,3172284.8208
UST,2022-04-22 01:00:00+00:00,1.0024,11839482.6812
UST,2022-04-22 02:00:00+00:00,1.0021,10698039.8155
UST,2022-04-22 03:00:00+00:00,1.0026,7103392.8002
UST,2022-04-22 04:00:00+00:00,1.0027,8242981.4796
UST,2022-04-22 05:00:00+00:00,1.0024,5199286.2196
UST,2022-04-22 06:00:00+00:00,1.0023,4255668.6313
UST,2022-04-22 07:00:00+00:00,1.0022,11797261.7791
UST,2022-04-22 08:00:00+00:00,1.0018,26688163.2214
UST,2022-04-22 09:00:00+00:00,1.0019,5564733.7073
UST,2022-04-22 10:00:00+00:00,1.002,4048837.1382
UST,2022-04-22 11:00:00+00:00,1.0021,10859592.677
UST,2022-04-22 12:00:00+00:00,1.0017,22451223.6063
UST,2022-04-22 13:00:00+00:00,1.0019,34728846.7038
UST,2022-04-22 14:00:00+00:00,1.0021,6239044.4565
UST,2022-04-22 15:00:00+00:00,1.0018,6661415.5504
UST,2022-04-22 16:00:00+00:00,1.0021,10633896.4165
UST,2022-04-22 17:00:00+00:00,1.0021,6038976.2096
UST,2022-04-22 18:00:00+00:00,1.002,7680389.0398
UST,2022-04-22 19:00:00+00:00,1.0021,4608722.9566
UST,2022-04-22 20:00:00+00:00,1.002,3506845.5075
UST,2022-04-22 21:00:00+00:00,1.0026,6131566.2123
UST,2022-04-22 22:00:00+00:00,1.002,6668830.4171
UST,2022-04-22 23:00:00+00:00,1.0021,1524047.3842
UST,2022-04-23 00:00:00+00:00,1.002,5861688.1632
UST,2022-04-23 01:00:00+00:00,1.0019,1909466.1642
UST,2022-04-23 02:00:00+00:00,1.002,1198797.0455
UST,2022-04-23 03:00:00+00:00,1.002,1718796.3769
UST,2022-04-23 04:00:00+00:00,1.0019,4974557.4893
UST,2022-04-23 05:00:00+00:00,1.0021,1228696.0576
UST,2022-04-23 06:00:00+00:00,1.0017,7387118.5623
UST,2022-04-23 07:00:00+00:00,1.0017,2028864.277
UST,2022-04-23 08:00:00+00:00,1.0019,1443943.2502
UST,2022-04-23 09:00:00+00:00,1.0019,1825536.1239
UST,2022-04-23 10:00:00+00:00,1.0019,1400569.0241
UST,2022-04-23 11:00:00+00:00,1.0015,5371791.6774
UST,2022-04-23 12:00:00+00:00,1.0016,4929250.3385
UST,2022-04-23 13:00:00+00:00,1.0014,1688654.259
UST,2022-04-23 14:00:00+00:00,1.0013,7675984.0691
UST,2022-04-23 15:00:00+00:00,1.0013,3627114.1034
UST,2022-04-23 16:00:00+00:00,1.0013,1049831.1599
UST,2022-04-23 17:00:00+00:00,1.0014,1503164.0561
UST,2022-04-23 18:00:00+00:00,1.0014,797848.4777
UST,2022-04-23 19:00:00+00:00,1.0015,1472376.5636
UST,2022-04-23 20:00:00+00:00,1.0015,1401895.2167
UST,2022-04-23 21:00:00+00:00,1.0015,752211.6495
UST,2022-04-23 22:00:00+00:00,1.0015,1028632.3707
UST,2022-04-23 23:00:00+00:00,1.0015,2656431.1258
UST,2022-04-24 00:00:00+00:00,1.0012,5797798.1973
UST,2022-04-24 01:00:00+00:00,1.001,4855565.2396
UST,2022-04-24 02:00:00+00:00,1.0013,3485738.8128
UST,2022-04-24 03:00:00+00:00,1.0011,1171765.3022
UST,2022-04-24 04:00:00+00:00,1.0011,3428713.3093
UST,2022-04-24 05:00:00+00:00,1.0013,1916689.6075
UST,2022-04-24 06:00:00+00:00,1.0013,1923272.765
UST,2022-04-24 07:00:00+00:00,1.0013,2742733.2734
UST,2022-04-24 08:00:00+00:00,1.0013,4229108.5064
UST,2022-04-24 09:00:00+00:00,1.0012,10731006.7775
UST,2022-04-24 10:00:00+00:00,1.0011,5533591.8777
UST,2022-04-24 11:00:00+00:00,1.0009,2232776.7276
UST,2022-04-24 12:00:00+00:00,1.001,4490331.9074
UST,2022-04-24 13:00:00+00:00,1.001,3599255.1914
UST,2022-04-24 14:00:00+00:00,1.0011,8329796.2155
UST,2022-04-24 15:00:00+00:00,1.0009,2346396.832
UST,2022-04-24 16:00:00+00:00,1.0012,4719220.3537
UST,2022-04-24 17:00:00+00:00,1.001,4940058.915
UST,2022-04-24 18:00:00+00:00,1.001,3126144.9803
UST,2022-04-24 19:00:00+00:00,1.0011,3601015.0365
UST,2022-04-24 20:00:00+00:00,1.0011,2380562.5717
UST,2022-04-24 21:00:00+00:00,1.001,1860723.924
UST,2022-04-24 22:00:00+00:00,1.0011,5668488.8198
UST,2022-04-24 23:00:00+00:00,1.0009,961081.6189
UST,2022-04-25 00:00:00+00:00,1.0011,6307791.0526
UST,2022-04-25 01:00:00+00:00,1.0011,5931739.8313
UST,2022-04-25 02:00:00+00:00,1.0009,3841485.2706
UST,2022-04-25 03:00:00+00:00,1.0011,4291555.5829
UST,2022-04-25 04:00:00+00:00,1.001,2040333.3554
UST,2022-04-25 05:00:00+00:00,1.0011,6625733.6488
UST,2022-04-25 06:00:00+00:00,1.0011,7853406.9798
UST,2022-04-25 07:00:00+00:00,1.001,13644437.0854
UST,2022-04-25 08:00:00+00:00,1.0009,18293300.2932
UST,2022-04-25 09:00:00+00:00,1.0008,4189951.1818
UST,2022-04-25 10:00:00+00:00,1.0007,2853374.9615
UST,2022-04-25 11:00:00+00:00,1.0007,4134431.3586
UST,2022-04-25 12:00:00+00:00,1.0008,4315733.7306
UST,2022-04-25 13:00:00+00:00,1.0009,4176565.9961
UST,2022-04-25 14:00:00+00:00,1.0009,10249104.8808
UST,2022-04-25 15:00:00+00:00,1.0008,12943399.169
UST,2022-04-25 16:00:00+00:00,1.0009,16848062.9094
UST,2022-04-25 17:00:00+00:00,1.0006,12029267.7365
UST,2022-04-25 18:00:00+00:00,1.0009,6804473.6793
UST,2022-04-25 19:00:00+00:00,1.0009,2849935.8212
UST,2022-04-25 20:00:00+00:00,1.001,9868858.6367
UST,2022-04-25 21:00:00+00:00,1.0009,1391388.5156
UST,2022-04-25 22:00:00+00:00,1.0009,3282100.9823
UST,2022-04-25 23:00:00+00:00,1.0008,5794048.4432
UST,2022-04-26 00:00:00+00:00,1.0009,3929034.8151
UST,2022-04-26 01:00:00+00:00,1.0008,4717252.4425
UST,2022-04-26 02:00:00+00:00,1.0007,1934097.297
UST,2022-04-26 03:00:00+00:00,1.0007,2831735.7253
UST,2022-04-26 04:00:00+00:00,1.0008,2314096.0298
UST,2022-04-26 05:00:00+00:00,1.0008,4936806.1656
UST,2022-04-26 06:00:00+00:00,1.0007,5877867.3572
UST,2022-04-26 07:00:00+00:00,1.0009,2738171.8794
UST,2022-04-26 08:00:00+00:00,1.0008,4357721.0901
UST,2022-04-26 09:00:00+00:00,1.0006,33317551.9725
UST,2022-04-26 10:00:00+00:00,1.0005,8740250.8048
UST,2022-04-26 11:00:00+00:00,1.0004,18305854.4809
UST,2022-04-26 12:00:00+00:00,1.0005,19488271.0359
UST,2022-04-26 13:00:00+00:00,1.0005,10504352.7301
UST,2022-04-26 14:00:00+00:00,1.0005,9330454.4442
UST,2022-04-26 15:00:00+00:00,1.0006,11798061.0487
UST,2022-04-26 16:00:00+00:00,1.0006,7448785.8367
UST,2022-04-26 17:00:00+00:00,1.0006,5761347.4561
UST,2022-04-26 18:00:00+00:00,1.0006,9084154.0124
UST,2022-04-26 19:00:00+00:00,1.0005,3998113.3212
UST,2022-04-26 20:00:00+00:00,1.0005,7290391.2169
UST,2022-04-26 21:00:00+00:00,1.0005,6095833.8225
UST,2022-04-26 22:00:00+00:00,1.0006,2081557.8612
UST,2022-04-26 23:00:00+00:00,1.0006,7166702.9766
UST,2022-04-27 00:00:00+00:00,1.0005,3924551.0855
UST,2022-04-27 01:00:00+00:00,1.0006,15429904.4618
UST,2022-04-27 02:00:00+00:00,1.0007,10297642.7973
UST,2022-04-27 03:00:00+00:00,1.0006,8265601.8274
UST,2022-04-27 04:00:00+00:00,1.0006,10865180.66
UST,2022-04-27 05:00:00+00:00,1.0007,7156853.6831
UST,2022-04-27 06:00:00+00:00,1.0007,8208503.2778
UST,2022-04-27 07:00:00+00:00,1.0007,9785977.0261
UST,2022-04-27 08:00:00+00:00,1.0007,7736551.2702
UST,2022-04-27 09:00:00+00:00,1.0006,8195259.3773
UST,2022-04-27 10:00:00+00:00,1.0005,3811576.8496
UST,2022-04-27 11:00:00+00:00,1.0004,5244790.2511
UST,2022-04-27 12:00:00+00:00,1.0003,4747056.6646
UST,2022-04-27 13:00:00+00:00,1.0003,12840685.7654
UST,2022-04-27 14:00:00+00:00,1.0003,4016267.3797
UST,2022-04-27 15:00:00+00:00,1.0003,3223148.1956
UST,2022-04-27 16:00:00+00:00,1.0002,4701526.6342
UST,2022-04-27 17:00:00+00:00,1.0002,10866698.0851
UST,2022-04-27 18:00:00+00:00,1.0002,3133916.5754
UST,2022-04-27 19:00:00+00:00,1.0001,1931662.9293
UST,2022-04-27 20:00:00+00:00,1.0002,1556341.0104
UST,2022-04-27 21:00:00+00:00,1.0002,1364750.3644
UST,2022-04-27 22:00:00+00:00,1.0002,38741039.0775
UST,2022-04-27 23:00:00+00:00,1.0002,1547689.636
UST,2022-04-28 00:00:00+00:00,1.0001,2636072.3824
UST,2022-04-28 01:00:00+00:00,1.0003,1366181.8972
UST,2022-04-28 02:00:00+00:00,1.0003,2301286.3925
UST,2022-04-28 03:00:00+00:00,1.0003,1661431.9537
UST,2022-04-28 04:00:00+00:00,1.0002,2581172.6648
UST,2022-04-28 05:00:00+00:00,1.0001,2861908.9159
UST,2022-04-28 06:00:00+00:00,1.0,2418546.4038
UST,2022-04-28 07:00:00+00:00,1.0001,2822295.1328
UST,2022-04-28 08:00:00+00:00,1.0002,1749851.3537
UST,2022-04-28 09:00:00+00:00,1.0002,6329040.1717
UST,2022-04-28 10:00:00+00:00,1.0002,2891599.3103
UST,2022-04-28 11:00:00+00:00,1.0001,3350560.4287
UST,2022-04-28 12:00:00+00:00,1.0,2430861.8604
UST,2022-04-28 13:00:00+00:00,0.9999,9386784.7384
UST,2022-04-28 14:00:00+00:00,0.9999,10144909.0915
UST,2022-04-28 15:00:00+00:00,0.9998,9584467.4857
UST,2022-04-28 16:00:00+00:00,0.9998,3059987.1501
UST,2022-04-28 17:00:00+00:00,1.0,8296064.0273
UST,2022-04-28 18:00:00+00:00,1.0,3739660.1712
UST,2022-04-28 19:00:00+00:00,1.0001,7826376.8483
UST,2022-04-28 20:00:00+00:00,1.0,7249638.2035
UST,2022-04-28 21:00:00+00:00,0.9999,1119174.7981
UST,2022-04-28 22:00:00+00:00,0.9999,4473128.3044
UST,2022-04-28 23:00:00+00:00,0.9999,2279227.9376
UST,2022-04-29 00:00:00+00:00,0.9999,1066185.8197
UST,2022-04-29 01:00:00+00:00,0.9998,3267486.7165
UST,2022-04-29 02:00:00+00:00,0.9999,4960445.4824
UST,2022-04-29 03:00:00+00:00,0.9999,2460553.121
UST,2022-04-29 04:00:00+00:00,0.9998,2600442.9029
UST,2022-04-29 05:00:00+00:00,0.9998,5150724.0221
UST,2022-04-29 06:00:00+00:00,0.9999,5527632.551
UST,2022-04-29 07:00:00+00:00,0.9999,5566779.1001
UST,2022-04-29 08:00:00+00:00,0.9998,5000238.8451
UST,2022-04-29 09:00:00+00:00,1.0,7943117.8674
UST,2022-04-29 10:00:00+00:00,1.0,3102993.3419
UST,2022-04-29 11:00:00+00:00,1.0,11727652.8886
UST,2022-04-29 12:00:00+00:00,0.9999,7244311.0548
UST,2022-04-29 13:00:00+00:00,0.9999,4341423.4341
UST,2022-04-29 14:00:00+00:00,1.0,3298127.7938
UST,2022-04-29 15:00:00+00:00,1.0001,4017706.0719
UST,2022-04-29 16:00:00+00:00,1.0001,4007430.2156
UST,2022-04-29 17:00:00+00:00,1.0001,5802402.6524
UST,2022-04-29 18:00:00+00:00,1.0,3107793.8891
UST,2022-04-29 19:00:00+00:00,1.0,3413158.0148
UST,2022-04-29 20:00:00+00:00,1.0001,2897047.8631
UST,2022-04-29 21:00:00+00:00,1.0001,2568489.3701
UST,2022-04-29 22:00:00+00:00,1.0001,5751313.361
UST,2022-04-29 23:00:00+00:00,1.0001,3384089.0638
UST,2022-04-30 00:00:00+00:00,0.9999,5254795.0334
UST,2022-04-30 01:00:00+00:00,1.0001,2094807.8988
UST,2022-04-30 02:00:00+00:00,1.0,3969731.7424
UST,2022-04-30 03:00:00+00:00,1.0001,2135474.2891
UST,2022-04-30 04:00:00+00:00,1.0002,787587.0199
UST,2022-04-30 05:00:00+00:00,1.0001,1714458.32
UST,2022-04-30 06:00:00+00:00,1.0002,2911619.9968
UST,2022-04-30 07:00:00+00:00,1.0001,5444363.1419
UST,2022-04-30 08:00:00+00:00,1.0001,4109060.7448
UST,2022-04-30 09:00:00+00:00,1.0001,1866072.5391
UST,2022-04-30 10:00:00+00:00,1.0002,1700498.5595
UST,2022-04-30 11:00:00+00:00,0.9999,5881316.3348
UST,2022-04-30 12:00:00+00:00,1.0,2731192.3091
UST,2022-04-30 13:00:00+00:00,0.9999,4564835.6593
UST,2022-04-30 14:00:00+00:00,0.9999,9662510.3333
UST,2022-04-30 15:00:00+00:00,0.9999,11524169.8871
UST,2022-04-30 16:00:00+00:00,0.9999,5845501.2666
UST,2022-04-30 17:00:00+00:00,0.9999,4277883.3762
UST,2022-04-30 18:00:00+00:00,1.0001,2871448.3011
UST,2022-04-30 19:00:00+00:00,1.0001,9203108.7163
UST,2022-04-30 20:00:00+00:00,0.9999,2670631.6621
UST,2022-04-30 21:00:00+00:00,0.9999,5922458.0671
UST,2022-04-30 22:00:00+00:00,0.9999,3399231.4556
UST,2022-04-30 23:00:00+00:00,1.0,18922653.0661
UST,2022-05-01 00:00:00+00:00,0.9999,20009327.5369
UST,2022-05-01 01:00:00+00:00,0.9998,10439024.3614
UST,2022-05-01 02:00:00+00:00,0.9997,14490575.5881
UST,2022-05-01 03:00:00+00:00,0.9997,2158641.3026
UST,2022-05-01 04:00:00+00:00,0.9997,6661628.0686
UST,2022-05-01 05:00:00+00:00,0.9998,3494441.4685
UST,2022-05-01 06:00:00+00:00,0.9999,3789770.1923
UST,2022-05-01 07:00:00+00:00,0.9997,2086804.4859
UST,2022-05-01 08:00:00+00:00,1.0,9143804.0209
UST,2022-05-01 09:00:00+00:00,1.0,5095965.3228
UST,2022-05-01 10:00:00+00:00,1.0,4382442.2184
UST,2022-05-01 11:00:00+00:00,0.9999,1677402.9729
UST,2022-05-01 12:00:00+00:00,1.0,3139438.8709
UST,2022-05-01 13:00:00+00:00,0.9999,1616542.5717
UST,2022-05-01 14:00:00+00:00,1.0,4537973.1143
UST,2022-05-01 15:00:00+00:00,0.9999,5107725.377
UST,2022-05-01 16:00:00+00:00,1.0,3923281.6198
UST,2022-05-01 17:00:00+00:00,0.9999,6803865.7011
UST,2022-05-01 18:00:00+00:00,1.0,4891461.3594
UST,2022-05-01 19:00:00+00:00,1.0,10747900.0627
UST,2022-05-01 20:00:00+00:00,1.0001,1848818.3933
UST,2022-05-01 21:00:00+00:00,1.0001,1724550.3877
UST,2022-05-01 22:00:00+00:00,1.0,1507186.9843
UST,2022-05-01 23:00:00+00:00,0.9999,3366879.8299
UST,2022-05-02 00:00:00+00:00,1.0,5837833.8416
UST,2022-05-02 01:00:00+00:00,1.0,3466050.0735
UST,2022-05-02 02:00:00+00:00,1.0,5573162.6842
UST,2022-05-02 03:00:00+00:00,1.0001,4977146.9334
UST,2022-05-02 04:00:00+00:00,1.0,4676028.1278
UST,2022-05-02 05:00:00+00:00,1.0001,4278052.2166
UST,2022-05-02 06:00:00+00:00,1.0,4175408.416
UST,2022-05-02 07:00:00+00:00,1.0001,5484178.1097
UST,2022-05-02 08:00:00+00:00,1.0,3296457.42
UST,2022-05-02 09:00:00+00:00,1.0001,3419263.7551
UST,2022-05-02 10:00:00+00:00,1.0001,3132944.5155
UST,2022-05-02 11:00:00+00:00,1.0,5794272.5697
UST,2022-05-02 12:00:00+00:00,1.0001,4368337.418
UST,2022-05-02 13:00:00+00:00,1.0002,6977255.2807
UST,2022-05-02 14:00:00+00:00,1.0002,10042031.4291
UST,2022-05-02 15:00:00+00:00,1.0001,5529869.6072
UST,2022-05-02 16:00:00+00:00,1.0002,3025890.69
UST,2022-05-02 17:00:00+00:00,1.0002,4725944.8817
UST,2022-05-02 18:00:00+00:00,1.0001,16103447.0034
UST,2022-05-02 19:00:00+00:00,1.0002,4175535.2375
UST,2022-05-02 20:00:00+00:00,1.0002,3586846.1347
UST,2022-05-02 21:00:00+00:00,1.0001,2118697.038
UST,2022-05-02 22:00:00+00:00,1.0002,2446356.6282
UST,2022-05-02 23:00:00+00:00,1.0002,2653358.9403
UST,2022-05-03 00:00:00+00:00,1.0001,6686532.7709
UST,2022-05-03 01:00:00+00:00,1.0,2991843.3705
UST,2022-05-03 02:00:00+00:00,1.0001,2658572.05
UST,2022-05-03 03:00:00+00:00,1.0,3731974.4185
UST,2022-05-03 04:00:00+00:00,1.0,3336129.061
UST,2022-05-03 05:00:00+00:00,1.0001,3633400.7607
UST,2022-05-03 06:00:00+00:00,1.0001,6113542.9321
UST,2022-05-03 07:00:00+00:00,1.0,6497462.9507
UST,2022-05-03 08:00:00+00:00,1.0,1983531.4891
UST,2022-05-03 09:00:00+00:00,1.0001,3333031.7896
UST,2022-05-03 10:00:00+00:00,1.0,4290836.6106
UST,2022-05-03 11:00:00+00:00,1.0,5836766.902
UST,2022-05-03 12:00:00+00:00,0.9999,3693515.8472
UST,2022-05-03 13:00:00+00:00,1.0,2935608.5198
UST,2022-05-03 14:00:00+00:00,0.9999,2208333.7121
UST,2022-05-03 15:00:00+00:00,1.0001,4742847.3505
UST,2022-05-03 16:00:00+00:00,1.0001,3252092.9791
UST,2022-05-03 17:00:00+00:00,1.0001,7726201.7078
UST,2022-05-03 18:00:00+00:00,1.0,6679510.4889
UST,2022-05-03 19:00:00+00:00,0.9999,2496702.9637
UST,2022-05-03 20:00:00+00:00,0.9999,2025008.5033
UST,2022-05-03 21:00:00+00:00,0.9999,1089825.0188
UST,2022-05-03 22:00:00+00:00,0.9999,1167440.3665
UST,2022-05-03 23:00:00+00:00,1.0001,2947804.3583
UST,2022-05-04 00:00:00+00:00,1.0001,1268749.0574
UST,2022-05-04 01:00:00+00:00,1.0,1894388.504
UST,2022-05-04 02:00:00+00:00,0.9999,3427700.8091
UST,2022-05-04 03:00:00+00:00,0.9999,935296.8534
UST,2022-05-04 04:00:00+00:00,1.0,624279.0013
UST,2022-05-04 05:00:00+00:00,1.0,1756224.3313
UST,2022-05-04 06:00:00+00:00,0.9999,1678215.5898
UST,2022-05-04 07:00:00+00:00,1.0,1914565.5634
UST,2022-05-04 08:00:00+00:00,1.0,6752618.3532
UST,2022-05-04 09:00:00+00:00,1.0001,2791647.1496
UST,2022-05-04 10:00:00+00:00,1.0,5189088.0996
UST,2022-05-04 11:00:00+00:00,0.9999,3875354.4584
UST,2022-05-04 12:00:00+00:00,1.0,1947578.8633
UST,2022-05-04 13:00:00+00:00,1.0,4991583.4728
UST,2022-05-04 14:00:00+00:00,1.0,3589188.661
UST,2022-05-04 15:00:00+00:00,1.0,2626396.2913
UST,2022-05-04 16:00:00+00:00,0.9999,7195501.6921
UST,2022-05-04 17:00:00+00:00,1.0,3013042.9459
UST,2022-05-04 18:00:00+00:00,0.9999,12176141.0474
UST,2022-05-04 19:00:00+00:00,0.9998,29078675.5645
UST,2022-05-04 20:00:00+00:00,0.9999,7850286.29
UST,2022-05-04 21:00:00+00:00,1.0,3959095.7871
UST,2022-05-04 22:00:00+00:00,1.0,2305139.132
UST,2022-05-04 23:00:00+00:00,0.9999,1140480.0841
UST,2022-05-05 00:00:00+00:00,1.0,2817307.3028
UST,2022-05-05 01:00:00+00:00,0.9998,3053000.487
UST,2022-05-05 02:00:00+00:00,0.9999,3109579.2972
UST,2022-05-05 03:00:00+00:00,0.9999,2311258.2785
UST,2022-05-05 04:00:00+00:00,1.0,2561477.448
UST,2022-05-05 05:00:00+00:00,1.0,6666824.8031
UST,2022-05-05 06:00:00+00:00,1.0,5702966.8609
UST,2022-05-05 07:00:00+00:00,0.9999,3857708.4406
UST,2022-05-05 08:00:00+00:00,1.0001,2964876.6612
UST,2022-05-05 09:00:00+00:00,1.0,3029329.0505
UST,2022-05-05 10:00:00+00:00,1.0001,3360896.9415
UST,2022-05-05 11:00:00+00:00,1.0001,2425192.4113
UST,2022-05-05 12:00:00+00:00,1.0,7382830.0354
UST,2022-05-05 13:00:00+00:00,1.0,6461232.3198
UST,2022-05-05 14:00:00+00:00,1.0002,20147254.5794
UST,2022-05-05 15:00:00+00:00,0.9997,20183777.3212
UST,2022-05-05 16:00:00+00:00,0.9997,6759888.1476
UST,2022-05-05 17:00:00+00:00,0.9998,5972315.5645
UST,2022-05-05 18:00:00+00:00,0.9996,9501912.6631
UST,2022-05-05 19:00:00+00:00,0.9997,11229602.9592
UST,2022-05-05 20:00:00+00:00,1.0001,11915758.0989
UST,2022-05-05 21:00:00+00:00,0.9999,7318137.1671
UST,2022-05-05 22:00:00+00:00,0.9998,15029291.1791
UST,2022-05-05 23:00:00+00:00,0.9997,8725642.2369
UST,2022-05-06 00:00:00+00:00,0.9998,5835643.9606
UST,2022-05-06 01:00:00+00:00,0.9997,7738837.819
UST,2022-05-06 02:00:00+00:00,1.0,1429486.9938
UST,2022-05-06 03:00:00+00:00,0.9999,2684195.3928
UST,2022-05-06 04:00:00+00:00,0.9998,13216951.5973
UST,2022-05-06 05:00:00+00:00,0.9998,3496380.0345
UST,2022-05-06 06:00:00+00:00,0.9997,3063743.195
UST,2022-05-06 07:00:00+00:00,0.9998,5237178.5621
UST,2022-05-06 08:00:00+00:00,0.9997,8187743.569
UST,2022-05-06 09:00:00+00:00,0.9997,6132356.6612
UST,2022-05-06 10:00:00+00:00,0.9998,2875892.2111
UST,2022-05-06 11:00:00+00:00,0.9998,6367814.8228
UST,2022-05-06 12:00:00+00:00,0.9998,3092575.3528
UST,2022-05-06 13:00:00+00:00,0.9997,12517202.1034
UST,2022-05-06 14:00:00+00:00,0.9997,6474004.9693
UST,2022-05-06 15:00:00+00:00,0.9998,6975955.1663
UST,2022-05-06 16:00:00+00:00,0.9998,6607346.3593
UST,2022-05-06 17:00:00+00:00,0.9997,2863605.0729
UST,2022-05-06 18:00:00+00:00,0.9998,1480371.7102
UST,2022-05-06 19:00:00+00:00,0.9997,1390120.4817
UST,2022-05-06 20:00:00+00:00,0.9998,2357108.2922
UST,2022-05-06 21:00:00+00:00,0.9998,1556894.6569
UST,2022-05-06 22:00:00+00:00,0.9996,928067.0521
UST,2022-05-06 23:00:00+00:00,0.9998,3448051.9876
UST,2022-05-07 00:00:00+00:00,0.9997,4230619.233
UST,2022-05-07 01:00:00+00:00,0.9998,2630742.6223
UST,2022-05-07 02:00:00+00:00,0.9998,1680712.724
UST,2022-05-07 03:00:00+00:00,0.9999,2165704.6954
UST,2022-05-07 04:00:00+00:00,0.9998,7167321.9155
UST,2022-05-07 05:00:00+00:00,0.9996,12936761.8957
UST,2022-05-07 06:00:00+00:00,0.9997,5828785.8307
UST,2022-05-07 07:00:00+00:00,0.9996,5504551.8548
UST,2022-05-07 08:00:00+00:00,0.9996,5672435.2996
UST,2022-05-07 09:00:00+00:00,0.9996,3028351.1683
UST,2022-05-07 10:00:00+00:00,0.9996,5317281.7547
UST,2022-05-07 11:00:00+00:00,0.9997,2112070.9543
UST,2022-05-07 12:00:00+00:00,0.9997,2619613.7339
UST,2022-05-07 13:00:00+00:00,0.9995,6731346.666
UST,2022-05-07 14:00:00+00:00,0.9993,31633127.8229
UST,2022-05-07 15:00:00+00:00,0.9991,30331457.8965
UST,2022-05-07 16:00:00+00:00,0.9992,39108629.3052
UST,2022-05-07 17:00:00+00:00,0.9978,26533841.992
UST,2022-05-07 18:00:00+00:00,0.9981,24551463.0396
UST,2022-05-07 19:00:00+00:00,0.9968,33999417.0043
UST,2022-05-07 20:00:00+00:00,0.9963,27513284.6262
UST,2022-05-07 21:00:00+00:00,0.9952,82093553.2889
UST,2022-05-07 22:00:00+00:00,0.9884,101163681.4931
UST,2022-05-07 23:00:00+00:00,0.9939,144251509.1257
UST,2022-05-08 00:00:00+00:00,0.9928,61543930.237
UST,2022-05-08 01:00:00+00:00,0.9891,140042186.6349
UST,2022-05-08 02:00:00+00:00,0.9941,119186719.5186
UST,2022-05-08 03:00:00+00:00,0.996,81106217.532
UST,2022-05-08 04:00:00+00:00,0.9979,92708976.8472
UST,2022-05-08 05:00:00+00:00,0.9971,76660981.0057
UST,2022-05-08 06:00:00+00:00,0.9962,31316329.9424
UST,2022-05-08 07:00:00+00:00,0.996,38176092.6345
UST,2022-05-08 08:00:00+00:00,0.9951,43646995.1698
UST,2022-05-08 09:00:00+00:00,0.9948,45824645.6133
UST,2022-05-08 10:00:00+00:00,0.9933,45025734.921
UST,2022-05-08 11:00:00+00:00,0.9931,13211686.3075
UST,2022-05-08 12:00:00+00:00,0.9925,30418895.7658
UST,2022-05-08 13:00:00+00:00,0.9921,34180619.1929
UST,2022-05-08 14:00:00+00:00,0.998,60798386.4954
UST,2022-05-08 15:00:00+00:00,0.998,71199721.8665
UST,2022-05-08 16:00:00+00:00,0.997,31540091.7666
UST,2022-05-08 17:00:00+00:00,0.9957,32466919.7565
UST,2022-05-08 18:00:00+00:00,0.9952,17700279.8981
UST,2022-05-08 19:00:00+00:00,0.9952,5646200.0278
UST,2022-05-08 20:00:00+00:00,0.9953,3442450.8403
UST,2022-05-08 21:00:00+00:00,0.9959,7378284.004
UST,2022-05-08 22:00:00+00:00,0.9954,7929713.6087
UST,2022-05-08 23:00:00+00:00,0.9954,6032157.3991
UST,2022-05-09 00:00:00+00:00,0.9952,4038792.5121
UST,2022-05-09 01:00:00+00:00,0.9956,7514704.1144
UST,2022-05-09 02:00:00+00:00,0.9954,18526168.93
UST,2022-05-09 03:00:00+00:00,0.9957,13975297.2788
UST,2022-05-09 04:00:00+00:00,0.9956,12129765.1268
UST,2022-05-09 05:00:00+00:00,0.995,19751618.8081
UST,2022-05-09 06:00:00+00:00,0.995,17055781.2893
UST,2022-05-09 07:00:00+00:00,0.995,11282416.256
UST,2022-05-09 08:00:00+00:00,0.9949,27658568.1604
UST,2022-05-09 09:00:00+00:00,0.995,18471781.8254
UST,2022-05-09 10:00:00+00:00,0.995,33700795.8969
UST,2022-05-09 11:00:00+00:00,0.9948,21441392.2478
UST,2022-05-09 12:00:00+00:00,0.9944,17273549.5669
UST,2022-05-09 13:00:00+00:00,0.9905,43109707.2182
UST,2022-05-09 14:00:00+00:00,0.9899,80548759.8904
UST,2022-05-09 15:00:00+00:00,0.9846,104568111.8686
UST,2022-05-09 16:00:00+00:00,0.9811,118550581.5842
UST,2022-05-09 17:00:00+00:00,0.98,133547689.6175
UST,2022-05-09 18:00:00+00:00,0.9483,206383710.6321
UST,2022-05-09 19:00:00+00:00,0.9498,125085823.9887
UST,2022-05-09 20:00:00+00:00,0.9346,98677383.4603
UST,2022-05-09 21:00:00+00:00,0.8662,104022826.4222
UST,2022-05-09 22:00:00+00:00,0.8856,160490946.3591
UST,2022-05-09 23:00:00+00:00,0.754,111580272.5839
UST,2022-05-10 00:00:00+00:00,0.8042,136835993.2455
UST,2022-05-10 01:00:00+00:00,0.79,110878507.2603
UST,2022-05-10 02:00:00+00:00,0.7501,67002015.1235
UST,2022-05-10 03:00:00+00:00,0.747,94370047.4368
UST,2022-05-10 04:00:00+00:00,0.8492,151202454.0433
UST,2022-05-10 05:00:00+00:00,0.9028,176730869.2968
UST,2022-05-10 06:00:00+00:00,0.9389,180580672.1777
UST,2022-05-10 07:00:00+00:00,0.9032,168485544.2628
UST,2022-05-10 08:00:00+00:00,0.9193,138315002.9587
UST,2022-05-10 09:00:00+00:00,0.8968,126000988.558
UST,2022-05-10 10:00:00+00:00,0.9018,98528352.1809
UST,2022-05-10 11:00:00+00:00,0.9186,63053490.8865
UST,2022-05-10 12:00:00+00:00,0.9223,45930280.861
UST,2022-05-10 13:00:00+00:00,0.9282,75449561.4118
UST,2022-05-10 14:00:00+00:00,0.9103,79562924.5202
UST,2022-05-10 15:00:00+00:00,0.9076,90691349.1608
UST,2022-05-10 16:00:00+00:00,0.9059,31883362.2935
UST,2022-05-10 17:00:00+00:00,0.9155,16323720.3151
UST,2022-05-10 18:00:00+00:00,0.9162,13346159.492
UST,2022-05-10 19:00:00+00:00,0.9131,43278724.7691
UST,2022-05-10 20:00:00+00:00,0.9087,44810823.23
UST,2022-05-10 21:00:00+00:00,0.794,91486281.336
UST,2022-05-10 22:00:00+00:00,0.7188,109791673.4447
UST,2022-05-10 23:00:00+00:00,0.7987,77461524.6212
UST,2022-05-11 00:00:00+00:00,0.8049,49642268.0795
UST,2022-05-11 01:00:00+00:00,0.7821,33683670.433
UST,2022-05-11 02:00:00+00:00,0.8476,50219387.9058
UST,2022-05-11 03:00:00+00:00,0.8327,31678728.1425
UST,2022-05-11 04:00:00+00:00,0.776,44771360.4547
UST,2022-05-11 05:00:00+00:00,0.6988,68121726.7143
UST,2022-05-11 06:00:00+00:00,0.5084,174474653.6382
UST,2022-05-11 07:00:00+00:00,0.376,164683970.2593
UST,2022-05-11 08:00:00+00:00,0.5,138006470.7185
UST,2022-05-11 09:00:00+00:00,0.4719,93324661.3705
UST,2022-05-11 10:00:00+00:00,0.475,137011029.3475
UST,2022-05-11 11:00:00+00:00,0.437,70158644.7458
UST,2022-05-11 12:00:00+00:00,0.28976,78349404.948765
UST,2022-05-11 13:00:00+00:00,0.463011,91364227.742513
UST,2022-05-11 14:00:00+00:00,0.493997,110427364.608542
UST,2022-05-11 15:00:00+00:00,0.54994,75905297.488434
UST,2022-05-11 16:00:00+00:00,0.6499,104764851.329246
UST,2022-05-11 17:00:00+00:00,0.67,96683151.681034
UST,2022-05-11 18:00:00+00:00,0.648899,65869740.613625
UST,2022-05-11 19:00:00+00:00,0.659727,51462376.020084
UST,2022-05-11 20:00:00+00:00,0.6855,37974318.061394
UST,2022-05-11 21:00:00+00:00,0.746,61411157.687602
UST,2022-05-11 22:00:00+00:00,0.749,57283434.945379
UST,2022-05-11 23:00:00+00:00,0.760489,35627201.61614
UST,2022-05-12 00:00:00+00:00,0.775101,30290899.764715
UST,2022-05-12 01:00:00+00:00,0.722995,41041259.354257
UST,2022-05-12 02:00:00+00:00,0.596591,57810872.97932
UST,2022-05-12 03:00:00+00:00,0.6425,69226420.617393
UST,2022-05-12 04:00:00+00:00,0.5951,38150918.863042
UST,2022-05-12 05:00:00+00:00,0.501981,49442173.583852
UST,2022-05-12 06:00:00+00:00,0.518707,46643923.981259
UST,2022-05-12 07:00:00+00:00,0.619502,60903726.000145
UST,2022-05-12 08:00:00+00:00,0.59853,65532834.067758
UST,2022-05-12 09:00:00+00:00,0.411989,64726354.24159
UST,2022-05-12 10:00:00+00:00,0.427756,64731350.817769
UST,2022-05-12 11:00:00+00:00,0.58405,47744188.498083
UST,2022-05-12 12:00:00+00:00,0.631432,79597473.9814
UST,2022-05-12 13:00:00+00:00,0.6176,78807571.440126
UST,2022-05-12 14:00:00+00:00,0.449896,79137737.06983
UST,2022-05-12 15:00:00+00:00,0.392967,47587214.814228
UST,2022-05-12 16:00:00+00:00,0.340322,80251263.057105
UST,2022-05-12 17:00:00+00:00,0.376738,27631841.578679
UST,2022-05-12 18:00:00+00:00,0.360145,33230104.165541
UST,2022-05-12 19:00:00+00:00,0.382284,32083208.362145
UST,2022-05-12 20:00:00+00:00,0.424909,32743266.008779
UST,2022-05-12 21:00:00+00:00,0.446938,73990382.905469
UST,2022-05-12 22:00:00+00:00,0.443,30354583.796348
UST,2022-05-12 23:00:00+00:00,0.363505,30465367.634679
UST,2022-05-13 00:00:00+00:00,0.245779,36576235.339188
USDC,2022-04-01 00:00:00+00:00,0.9997,3672002.9278
USDC,2022-04-01 01:00:00+00:00,0.9997,8516435.2141
USDC,2022-04-01 02:00:00+00:00,0.9997,5453904.7151
USDC,2022-04-01 03:00:00+00:00,0.9998,4018406.4818
USDC,2022-04-01 04:00:00+00:00,0.9998,3828342.7084
USDC,2022-04-01 05:00:00+00:00,0.9997,4261044.4731
USDC,2022-04-01 06:00:00+00:00,0.9998,3734501.9806
USDC,2022-04-01 07:00:00+00:00,0.9997,7383555.0243
USDC,2022-04-01 08:00:00+00:00,0.9997,9914200.8948
USDC,2022-04-01 09:00:00+00:00,0.9996,11582284.1287
USDC,2022-04-01 10:00:00+00:00,0.9995,7497141.3857
USDC,2022-04-01 11:00:00+00:00,0.9996,6699028.9728
USDC,2022-04-01 12:00:00+00:00,0.9996,6091690.7238
USDC,2022-04-01 13:00:00+00:00,0.9996,8916067.6226
USDC,2022-04-01 14:00:00+00:00,0.9996,12754014.3785
USDC,2022-04-01 15:00:00+00:00,0.9996,12473247.2342
USDC,2022-04-01 16:00:00+00:00,0.9996,19663252.3355
USDC,2022-04-01 17:00:00+00:00,0.9996,15161632.0832
USDC,2022-04-01 18:00:00+00:00,0.9997,9486576.159
USDC,2022-04-01 19:00:00+00:00,0.9996,3458736.2846
USDC,2022-04-01 20:00:00+00:00,0.9997,26638747.9843
USDC,2022-04-01 21:00:00+00:00,0.9997,2485453.5298
USDC,2022-04-01 22:00:00+00:00,0.9996,3439129.9686
USDC,2022-04-01 23:00:00+00:00,0.9997,2796929.048
USDC,2022-04-02 00:00:00+00:00,0.9997,10638593.5649
USDC,2022-04-02 01:00:00+00:00,0.9997,5450769.5431
USDC,2022-04-02 02:00:00+00:00,0.9997,4610493.1081
USDC,2022-04-02 03:00:00+00:00,0.9997,12508266.0627
USDC,2022-04-02 04:00:00+00:00,0.9998,6049176.6405
USDC,2022-04-02 05:00:00+00:00,0.9997,5650712.8137
USDC,2022-04-02 06:00:00+00:00,0.9996,4624085.9237
USDC,2022-04-02 07:00:00+00:00,0.9997,3595323.4239
USDC,2022-04-02 08:00:00+00:00,0.9997,4327595.0174
USDC,2022-04-02 09:00:00+00:00,0.9996,4464594.2624
USDC,2022-04-02 10:00:00+00:00,0.9997,6465119.4248
USDC,2022-04-02 11:00:00+00:00,0.9997,5660644.6461
USDC,2022-04-02 12:00:00+00:00,0.9997,6196408.7373
USDC,2022-04-02 13:00:00+00:00,0.9997,7253552.4934
USDC,2022-04-02 14:00:00+00:00,0.9997,5718628.7568
USDC,2022-04-02 15:00:00+00:00,0.9997,8558516.1567
USDC,2022-04-02 16:00:00+00:00,0.9997,5816961.2107
USDC,2022-04-02 17:00:00+00:00,0.9996,5786675.9459
USDC,2022-04-02 18:00:00+00:00,0.9997,5944283.3772
USDC,2022-04-02 19:00:00+00:00,0.9997,3781310.1459
USDC,2022-04-02 20:00:00+00:00,0.9997,3744811.8581
USDC,2022-04-02 21:00:00+00:00,0.9997,4421703.3404
USDC,2022-04-02 22:00:00+00:00,0.9997,4337401.0168
USDC,2022-04-02 23:00:00+00:00,0.9997,4148027.4468
USDC,2022-04-03 00:00:00+00:00,0.9997,3985433.2866
USDC,2022-04-03 01:00:00+00:00,0.9996,7519881.0082
USDC,2022-04-03 02:00:00+00:00,0.9997,4812399.3603
USDC,2022-04-03 03:00:00+00:00,0.9996,3539289.6012
USDC,2022-04-03 04:00:00+00:00,0.9997,2921125.5632
USDC,2022-04-03 05:00:00+00:00,0.9997,4178344.2893
USDC,2022-04-03 06:00:00+00:00,0.9997,4352577.5262
USDC,2022-04-03 07:00:00+00:00,0.9997,4444217.2887
USDC,2022-04-03 08:00:00+00:00,0.9996,5392398.4938
USDC,2022-04-03 09:00:00+00:00,0.9997,4390965.8122
USDC,2022-04-03 10:00:00+00:00,0.9997,4524755.6146
USDC,2022-04-03 11:00:00+00:00,0.9997,4127493.7182
USDC,2022-04-03 12:00:00+00:00,0.9997,4848073.3069
USDC,2022-04-03 13:00:00+00:00,0.9996,8176905.4013
USDC,2022-04-03 14:00:00+00:00,0.9997,8729656.055
USDC,2022-04-03 15:00:00+00:00,0.9997,8880718.3037
USDC,2022-04-03 16:00:00+00:00,0.9997,12474136.0646
USDC,2022-04-03 17:00:00+00:00,0.9998,4070230.8998
USDC,2022-04-03 18:00:00+00:00,0.9997,4264962.7849
USDC,2022-04-03 19:00:00+00:00,0.9998,4190556.7075
USDC,2022-04-03 20:00:00+00:00,0.9998,2811757.2642
USDC,2022-04-03 21:00:00+00:00,0.9998,3196378.5573
USDC,2022-04-03 22:00:00+00:00,0.9998,7146973.2545
USDC,2022-04-03 23:00:00+00:00,0.9997,4578319.0734
USDC,2022-04-04 00:00:00+00:00,0.9997,5089920.1356
USDC,2022-04-04 01:00:00+00:00,0.9997,4920263.6771
USDC,2022-04-04 02:00:00+00:00,0.9998,5999067.8762
USDC,2022-04-04 03:00:00+00:00,0.9997,3110278.745
USDC,2022-04-04 04:00:00+00:00,0.9998,2942121.1051
USDC,2022-04-04 05:00:00+00:00,0.9998,8179764.0996
USDC,2022-04-04 06:00:00+00:00,0.9998,3237857.71
USDC,2022-04-04 07:00:00+00:00,0.9997,4385426.6755
USDC,2022-04-04 08:00:00+00:00,0.9998,4004838.4542
USDC,2022-04-04 09:00:00+00:00,0.9998,16460153.748
USDC,2022-04-04 10:00:00+00:00,0.9998,9291160.9615
USDC,2022-04-04 11:00:00+00:00,0.9997,6989018.8473
USDC,2022-04-04 12:00:00+00:00,0.9997,11867139.0548
USDC,2022-04-04 13:00:00+00:00,0.9997,6472507.5334
USDC,2022-04-04 14:00:00+00:00,0.9998,7769765.461
USDC,2022-04-04 15:00:00+00:00,0.9998,7765872.2263
USDC,2022-04-04 16:00:00+00:00,0.9998,9470941.2671
USDC,2022-04-04 17:00:00+00:00,0.9998,7742606.6518
USDC,2022-04-04 18:00:00+00:00,0.9998,5221130.6909
USDC,2022-04-04 19:00:00+00:00,0.9998,8389094.1631
USDC,2022-04-04 20:00:00+00:00,0.9997,12097639.0715
USDC,2022-04-04 21:00:00+00:00,0.9998,6563468.9328
USDC,2022-04-04 22:00:00+00:00,0.9999,18100149.4687
USDC,2022-04-04 23:00:00+00:00,0.9998,14220735.0946
USDC,2022-04-05 00:00:00+00:00,0.9998,5254166.0182
USDC,2022-04-05 01:00:00+00:00,0.9998,2160737.7277
USDC,2022-04-05 02:00:00+00:00,0.9998,5716956.8718
USDC,2022-04-05 03:00:00+00:00,0.9999,13191633.0214
USDC,2022-04-05 04:00:00+00:00,0.9998,4838088.1757
USDC,2022-04-05 05:00:00+00:00,0.9998,5340930.0969
USDC,2022-04-05 06:00:00+00:00,0.9997,10396916.2057
USDC,2022-04-05 07:00:00+00:00,0.9998,6869217.6749
USDC,2022-04-05 08:00:00+00:00,0.9997,11043596.7004
USDC,2022-04-05 09:00:00+00:00,0.9998,5212800.1436
USDC,2022-04-05 10:00:00+00:00,0.9998,4828798.1246
USDC,2022-04-05 11:00:00+00:00,0.9997,6666035.4407
USDC,2022-04-05 12:00:00+00:00,0.9998,14083325.9679
USDC,2022-04-05 13:00:00+00:00,0.9998,12414094.1851
USDC,2022-04-05 14:00:00+00:00,0.9998,29858809.1581
USDC,2022-04-05 15:00:00+00:00,0.9998,14591165.8818
USDC,2022-04-05 16:00:00+00:00,0.9999,11029706.7987
USDC,2022-04-05 17:00:00+00:00,0.9998,7985968.5314
USDC,2022-04-05 18:00:00+00:00,0.9999,7447552.5765
USDC,2022-04-05 19:00:00+00:00,0.9999,5645708.8695
USDC,2022-04-05 20:00:00+00:00,0.9999,3988140.3436
USDC,2022-04-05 21:00:00+00:00,0.9998,5634672.9211
USDC,2022-04-05 22:00:00+00:00,0.9999,3100633.7512
USDC,2022-04-05 23:00:00+00:00,0.9999,3044679.7576
USDC,2022-04-06 00:00:00+00:00,0.9998,16915319.7716
USDC,2022-04-06 01:00:00+00:00,0.9998,6726762.0943
USDC,2022-04-06 02:00:00+00:00,0.9998,3710170.4775
USDC,2022-04-06 03:00:00+00:00,0.9998,4496035.233
USDC,2022-04-06 04:00:00+00:00,0.9998,6538096.1547
USDC,2022-04-06 05:00:00+00:00,0.9998,4344695.4285
USDC,2022-04-06 06:00:00+00:00,0.9998,4343964.5174
USDC,2022-04-06 07:00:00+00:00,0.9998,3105566.2528
USDC,2022-04-06 08:00:00+00:00,0.9999,15457799.3242
USDC,2022-04-06 09:00:00+00:00,0.9999,14276338.5762
USDC,2022-04-06 10:00:00+00:00,0.9998,19702272.8707
USDC,2022-04-06 11:00:00+00:00,0.9997,24219404.5959
USDC,2022-04-06 12:00:00+00:00,0.9998,17308241.046
USDC,2022-04-06 13:00:00+00:00,0.9997,9773364.0796
USDC,2022-04-06 14:00:00+00:00,0.9998,21292549.8222
USDC,2022-04-06 15:00:00+00:00,1.0,14722216.9516
USDC,2022-04-06 16:00:00+00:00,1.0,20791372.0088
USDC,2022-04-06 17:00:00+00:00,0.9999,14563836.4698
USDC,2022-04-06 18:00:00+00:00,0.9999,13418061.3728
USDC,2022-04-06 19:00:00+00:00,1.0,6883489.1595
USDC,2022-04-06 20:00:00+00:00,0.9999,3621761.9697
USDC,2022-04-06 21:00:00+00:00,0.9999,10894521.0029
USDC,2022-04-06 22:00:00+00:00,1.0,19925562.9531
USDC,2022-04-06 23:00:00+00:00,0.9999,7642262.4046
USDC,2022-04-07 00:00:00+00:00,0.9999,7861117.4691
USDC,2022-04-07 01:00:00+00:00,0.9999,4098570.6065
USDC,2022-04-07 02:00:00+00:00,0.9998,31227755.6352
USDC,2022-04-07 03:00:00+00:00,0.9999,4425474.8683
USDC,2022-04-07 04:00:00+00:00,0.9999,5149069.6473
USDC,2022-04-07 05:00:00+00:00,0.9999,8496071.0232
USDC,2022-04-07 06:00:00+00:00,0.9999,2822377.8028
USDC,2022-04-07 07:00:00+00:00,0.9998,4389073.8017
USDC,2022-04-07 08:00:00+00:00,0.9999,8607837.4202
USDC,2022-04-07 09:00:00+00:00,0.9999,9204814.9281
USDC,2022-04-07 10:00:00+00:00,0.9999,4472392.462
USDC,2022-04-07 11:00:00+00:00,1.0,6280432.7145
USDC,2022-04-07 12:00:00+00:00,0.9999,5627071.2472
USDC,2022-04-07 13:00:00+00:00,0.9999,8087868.4481
USDC,2022-04-07 14:00:00+00:00,1.0,12819514.9324
USDC,2022-04-07 15:00:00+00:00,0.9999,21477203.4882
USDC,2022-04-07 16:00:00+00:00,0.9999,11238742.5597
USDC,2022-04-07 17:00:00+00:00,0.9998,10274534.2039
USDC,2022-04-07 18:00:00+00:00,0.9999,7743009.2093
USDC,2022-04-07 19:00:00+00:00,0.9999,4373802.2101
USDC,2022-04-07 20:00:00+00:00,0.9998,2557391.019
USDC,2022-04-07 21:00:00+00:00,0.9999,3256903.4656
USDC,2022-04-07 22:00:00+00:00,0.9999,2895246.8598
USDC,2022-04-07 23:00:00+00:00,0.9999,3341834.8804
USDC,2022-04-08 00:00:00+00:00,1.0,7241483.0131
USDC,2022-04-08 01:00:00+00:00,1.0,2058897.8185
USDC,2022-04-08 02:00:00+00:00,1.0,3730564.1785
USDC,2022-04-08 03:00:00+00:00,0.9999,12752843.4714
USDC,2022-04-08 04:00:00+00:00,0.9999,4515662.2368
USDC,2022-04-08 05:00:00+00:00,0.9999,11001740.9565
USDC,2022-04-08 06:00:00+00:00,0.9998,4028140.4521
USDC,2022-04-08 07:00:00+00:00,0.9999,17019301.9716
USDC,2022-04-08 08:00:00+00:00,0.9998,7966186.3687
USDC,2022-04-08 09:00:00+00:00,0.9999,2577971.9418
USDC,2022-04-08 10:00:00+00:00,0.9998,6519818.867
USDC,2022-04-08 11:00:00+00:00,0.9997,4869436.1377
USDC,2022-04-08 12:00:00+00:00,0.9997,16300558.3659
USDC,2022-04-08 13:00:00+00:00,0.9998,12396731.4001
USDC,2022-04-08 14:00:00+00:00,0.9998,19693874.6225
USDC,2022-04-08 15:00:00+00:00,0.9998,22772903.9805
USDC,2022-04-08 16:00:00+00:00,0.9997,3881396.8134
USDC,2022-04-08 17:00:00+00:00,0.9998,14936760.2494
USDC,2022-04-08 18:00:00+00:00,0.9998,6163586.9786
USDC,2022-04-08 19:00:00+00:00,0.9997,3202419.6834
USDC,2022-04-08 20:00:00+00:00,0.9997,3952746.6284
USDC,2022-04-08 21:00:00+00:00,0.9997,9814818.6651
USDC,2022-04-08 22:00:00+00:00,0.9997,5602798.9622
USDC,2022-04-08 23:00:00+00:00,0.9998,5093987.8642
USDC,2022-04-09 00:00:00+00:00,0.9998,5056056.7602
USDC,2022-04-09 01:00:00+00:00,0.9998,2857592.2588
USDC,2022-04-09 02:00:00+00:00,0.9998,1931676.4758
USDC,2022-04-09 03:00:00+00:00,0.9998,1603015.7329
USDC,2022-04-09 04:00:00+00:00,0.9998,2226812.9867
USDC,2022-04-09 05:00:00+00:00,0.9998,1666081.3307
USDC,2022-04-09 06:00:00+00:00,0.9999,2345924.1118
USDC,2022-04-09 07:00:00+00:00,0.9998,4722921.451
USDC,2022-04-09 08:00:00+00:00,0.9998,4110538.3159
USDC,2022-04-09 09:00:00+00:00,0.9999,1417029.4203
USDC,2022-04-09 10:00:00+00:00,0.9999,1555101.7942
USDC,2022-04-09 11:00:00+00:00,0.9999,1952741.4089
USDC,2022-04-09 12:00:00+00:00,0.9998,2601511.5096
USDC,2022-04-09 13:00:00+00:00,0.9998,5331386.571
USDC,2022-04-09 14:00:00+00:00,0.9998,2846734.1752
USDC,2022-04-09 15:00:00+00:00,0.9998,4020396.195
USDC,2022-04-09 16:00:00+00:00,0.9997,12878116.8552
USDC,2022-04-09 17:00:00+00:00,0.9998,1902278.6109
USDC,2022-04-09 18:00:00+00:00,0.9997,1519569.6837
USDC,2022-04-09 19:00:00+00:00,0.9998,1245412.7586
USDC,2022-04-09 20:00:00+00:00,0.9998,1017462.9123
USDC,2022-04-09 21:00:00+00:00,0.9997,1166418.0433
USDC,2022-04-09 22:00:00+00:00,0.9997,1929370.2747
USDC,2022-04-09 23:00:00+00:00,0.9998,1731637.7413
USDC,2022-04-10 00:00:00+00:00,0.9997,10654629.851
USDC,2022-04-10 01:00:00+00:00,0.9997,5935474.8115
USDC,2022-04-10 02:00:00+00:00,0.9997,1555351.9181
USDC,2022-04-10 03:00:00+00:00,0.9997,1613284.5557
USDC,2022-04-10 04:00:00+00:00,0.9997,6550794.9566
USDC,2022-04-10 05:00:00+00:00,0.9997,4764405.4041
USDC,2022-04-10 06:00:00+00:00,0.9997,2036368.0203
USDC,2022-04-10 07:00:00+00:00,0.9996,1778928.5589
USDC,2022-04-10 08:00:00+00:00,0.9996,3485327.8755
USDC,2022-04-10 09:00:00+00:00,0.9996,4216814.5722
USDC,2022-04-10 10:00:00+00:00,0.9996,2689223.1973
USDC,2022-04-10 11:00:00+00:00,0.9997,2585827.8165
USDC,2022-04-10 12:00:00+00:00,0.9997,3777589.2085
USDC,2022-04-10 13:00:00+00:00,0.9997,2906963.494
USDC,2022-04-10 14:00:00+00:00,0.9997,4077959.5038
USDC,2022-04-10 15:00:00+00:00,0.9997,3063582.553
USDC,2022-04-10 16:00:00+00:00,0.9997,6877995.8858
USDC,2022-04-10 17:00:00+00:00,0.9998,8864914.5026
USDC,2022-04-10 18:00:00+00:00,0.9997,2266992.1773
USDC,2022-04-10 19:00:00+00:00,0.9997,2416081.9336
USDC,2022-04-10 20:00:00+00:00,0.9997,2384001.123
USDC,2022-04-10 21:00:00+00:00,0.9998,1870866.7548
USDC,2022-04-10 22:00:00+00:00,0.9997,4691468.8659
USDC,2022-04-10 23:00:00+00:00,0.9998,3238569.7619
USDC,2022-04-11 00:00:00+00:00,0.9998,3860449.1895
USDC,2022-04-11 01:00:00+00:00,0.9998,2608853.0338
USDC,2022-04-11 02:00:00+00:00,0.9998,4572776.1134
USDC,2022-04-11 03:00:00+00:00,0.9998,2542757.5625
USDC,2022-04-11 04:00:00+00:00,0.9997,3851972.7239
USDC,2022-04-11 05:00:00+00:00,0.9997,3717437.6924
USDC,2022-04-11 06:00:00+00:00,0.9998,2944324.6676
USDC,2022-04-11 07:00:00+00:00,0.9998,3881677.4217
USDC,2022-04-11 08:00:00+00:00,0.9997,4547864.6001
USDC,2022-04-11 09:00:00+00:00,0.9997,6040320.8644
USDC,2022-04-11 10:00:00+00:00,0.9998,15180659.3373
USDC,2022-04-11 11:00:00+00:00,0.9997,15285829.9826
USDC,2022-04-11 12:00:00+00:00,0.9997,5007704.9464
USDC,2022-04-11 13:00:00+00:00,0.9998,5366602.5831
USDC,2022-04-11 14:00:00+00:00,0.9998,11040055.6471
USDC,2022-04-11 15:00:00+00:00,0.9999,18779783.1811
USDC,2022-04-11 16:00:00+00:00,0.9998,9130484.9052
USDC,2022-04-11 17:00:00+00:00,0.9998,5887813.3135
USDC,2022-04-11 18:00:00+00:00,0.9999,6116984.8771
USDC,2022-04-11 19:00:00+00:00,0.9998,9199116.2915
USDC,2022-04-11 20:00:00+00:00,0.9999,9959806.0928
USDC,2022-04-11 21:00:00+00:00,0.9998,8338307.9532
USDC,2022-04-11 22:00:00+00:00,0.9999,6586730.4665
USDC,2022-04-11 23:00:00+00:00,0.9999,2500018.2695
USDC,2022-04-12 00:00:00+00:00,0.9998,2709592.0637
USDC,2022-04-12 01:00:00+00:00,0.9998,7746064.8044
USDC,2022-04-12 02:00:00+00:00,0.9999,3434646.248
USDC,2022-04-12 03:00:00+00:00,0.9999,6725053.6311
USDC,2022-04-12 04:00:00+00:00,0.9999,14519473.1988
USDC,2022-04-12 05:00:00+00:00,0.9999,4581396.6536
USDC,2022-04-12 06:00:00+00:00,0.9998,4320559.3383
USDC,2022-04-12 07:00:00+00:00,0.9999,10053383.6109
USDC,2022-04-12 08:00:00+00:00,0.9998,5861398.3661
USDC,2022-04-12 09:00:00+00:00,0.9998,5124409.988
USDC,2022-04-12 10:00:00+00:00,0.9998,3764382.5958
USDC,2022-04-12 11:00:00+00:00,0.9998,5316912.7442
USDC,2022-04-12 12:00:00+00:00,0.9998,9069031.4686
USDC,2022-04-12 13:00:00+00:00,0.9997,14785048.2544
USDC,2022-04-12 14:00:00+00:00,0.9998,11949403.9697
USDC,2022-04-12 15:00:00+00:00,0.9997,7155964.3523
USDC,2022-04-12 16:00:00+00:00,0.9998,5169478.5829
USDC,2022-04-12 17:00:00+00:00,0.9998,5792623.3948
USDC,2022-04-12 18:00:00+00:00,0.9998,8152866.3373
USDC,2022-04-12 19:00:00+00:00,0.9999,5386569.4387
USDC,2022-04-12 20:00:00+00:00,0.9998,5547801.0564
USDC,2022-04-12 21:00:00+00:00,0.9998,3070577.5228
USDC,2022-04-12 22:00:00+00:00,0.9999,2068908.7719
USDC,2022-04-12 23:00:00+00:00,0.9998,2941716.5341
USDC,2022-04-13 00:00:00+00:00,0.9998,4489882.6735
USDC,2022-04-13 01:00:00+00:00,0.9999,5553037.6312
USDC,2022-04-13 02:00:00+00:00,0.9999,6104030.53
USDC,2022-04-13 03:00:00+00:00,0.9998,3147581.259
USDC,2022-04-13 04:00:00+00:00,0.9998,2389662.697
USDC,2022-04-13 05:00:00+00:00,0.9999,5464773.8959
USDC,2022-04-13 06:00:00+00:00,0.9998,2434466.2276
USDC,2022-04-13 07:00:00+00:00,0.9998,4324246.7408
USDC,2022-04-13 08:00:00+00:00,0.9998,3232968.2551
USDC,2022-04-13 09:00:00+00:00,0.9999,4419133.0405
USDC,2022-04-13 10:00:00+00:00,0.9998,3757720.5305
USDC,2022-04-13 11:00:00+00:00,0.9998,3286753.8112
USDC,2022-04-13 12:00:00+00:00,0.9999,11384622.1148
USDC,2022-04-13 13:00:00+00:00,0.9998,5905334.5157
USDC,2022-04-13 14:00:00+00:00,0.9998,6920008.1862
USDC,2022-04-13 15:00:00+00:00,0.9998,6666531.3125
USDC,2022-04-13 16:00:00+00:00,0.9998,5842413.4877
USDC,2022-04-13 17:00:00+00:00,0.9999,5689030.4573
USDC,2022-04-13 18:00:00+00:00,0.9998,3784030.9054
USDC,2022-04-13 19:00:00+00:00,0.9998,3233070.3082
USDC,2022-04-13 20:00:00+00:00,0.9998,6922419.0437
USDC,2022-04-13 21:00:00+00:00,0.9998,3685357.4555
USDC,2022-04-13 22:00:00+00:00,0.9999,2684729.0461
USDC,2022-04-13 23:00:00+00:00,0.9999,3606966.5569
USDC,2022-04-14 00:00:00+00:00,0.9998,1162060.4556
USDC,2022-04-14 01:00:00+00:00,0.9999,2789396.91
USDC,2022-04-14 02:00:00+00:00,0.9998,3828317.0759
USDC,2022-04-14 03:00:00+00:00,0.9998,2167160.1024
USDC,2022-04-14 04:00:00+00:00,0.9999,2067369.5537
USDC,2022-04-14 05:00:00+00:00,0.9999,2761929.8559
USDC,2022-04-14 06:00:00+00:00,0.9998,6960091.5707
USDC,2022-04-14 07:00:00+00:00,0.9998,5145084.4508
USDC,2022-04-14 08:00:00+00:00,0.9999,1975037.1489
USDC,2022-04-14 09:00:00+00:00,0.9999,5050652.3897
USDC,2022-04-14 10:00:00+00:00,0.9998,3380865.5081
USDC,2022-04-14 11:00:00+00:00,0.9998,23480198.0274
USDC,2022-04-14 12:00:00+00:00,0.9997,8316851.457
USDC,2022-04-14 13:00:00+00:00,0.9998,5410816.104
USDC,2022-04-14 14:00:00+00:00,0.9998,5344960.1888
USDC,2022-04-14 15:00:00+00:00,0.9998,5697841.4905
USDC,2022-04-14 16:00:00+00:00,0.9998,10902901.4469
USDC,2022-04-14 17:00:00+00:00,0.9999,4962694.0522
USDC,2022-04-14 18:00:00+00:00,1.0,3367723.9631
USDC,2022-04-14 19:00:00+00:00,1.0,3717756.356
USDC,2022-04-14 20:00:00+00:00,0.9999,3874304.8778
USDC,2022-04-14 21:00:00+00:00,1.0,2803426.3355
USDC,2022-04-14 22:00:00+00:00,0.9999,4748920.2659
USDC,2022-04-14 23:00:00+00:00,1.0,1501524.2791
USDC,2022-04-15 00:00:00+00:00,0.9999,1667545.6809
USDC,2022-04-15 01:00:00+00:00,1.0,2128830.4143
USDC,2022-04-15 02:00:00+00:00,1.0,2591108.4011
USDC,2022-04-15 03:00:00+00:00,1.0,2579344.7381
USDC,2022-04-15 04:00:00+00:00,1.0,2803760.0467
USDC,2022-04-15 05:00:00+00:00,0.9999,3409554.2986
USDC,2022-04-15 06:00:00+00:00,1.0,16026896.3068
USDC,2022-04-15 07:00:00+00:00,1.0,3603229.1132
USDC,2022-04-15 08:00:00+00:00,0.9999,4887814.2412
USDC,2022-04-15 09:00:00+00:00,0.9999,12896826.4011
USDC,2022-04-15 10:00:00+00:00,1.0,5321420.2432
USDC,2022-04-15 11:00:00+00:00,0.9999,9831679.4732
USDC,2022-04-15 12:00:00+00:00,0.9999,12044422.4593
USDC,2022-04-15 13:00:00+00:00,0.9999,6293033.5282
USDC,2022-04-15 14:00:00+00:00,0.9998,17386787.2535
USDC,2022-04-15 15:00:00+00:00,0.9998,7477949.3942
USDC,2022-04-15 16:00:00+00:00,0.9998,7909914.8931
USDC,2022-04-15 17:00:00+00:00,0.9998,4572021.9239
USDC,2022-04-15 18:00:00+00:00,0.9998,4515237.3335
USDC,2022-04-15 19:00:00+00:00,0.9998,2531671.7989
USDC,2022-04-15 20:00:00+00:00,0.9998,3030594.8585
USDC,2022-04-15 21:00:00+00:00,0.9997,2466910.1395
USDC,2022-04-15 22:00:00+00:00,0.9998,1833347.7333
USDC,2022-04-15 23:00:00+00:00,0.9998,1956032.3449
USDC,2022-04-16 00:00:00+00:00,0.9998,4377024.4027
USDC,2022-04-16 01:00:00+00:00,0.9998,2949904.8436
USDC,2022-04-16 02:00:00+00:00,0.9998,3148896.1041
USDC,2022-04-16 03:00:00+00:00,0.9997,2590430.1739
USDC,2022-04-16 04:00:00+00:00,0.9998,1825361.2131
USDC,2022-04-16 05:00:00+00:00,0.9997,2567482.8344
USDC,2022-04-16 06:00:00+00:00,0.9998,2454082.7414
USDC,2022-04-16 07:00:00+00:00,0.9998,3039458.2198
USDC,2022-04-16 08:00:00+00:00,0.9997,2847567.3394
USDC,2022-04-16 09:00:00+00:00,0.9997,2844751.0448
USDC,2022-04-16 10:00:00+00:00,0.9997,4936446.2239
USDC,2022-04-16 11:00:00+00:00,0.9997,2958771.9426
USDC,2022-04-16 12:00:00+00:00,0.9998,2881694.3652
USDC,2022-04-16 13:00:00+00:00,0.9998,6675750.2828
USDC,2022-04-16 14:00:00+00:00,0.9999,5300579.8963
USDC,2022-04-16 15:00:00+00:00,0.9998,4009769.9658
USDC,2022-04-16 16:00:00+00:00,0.9998,2074266.7922
USDC,2022-04-16 17:00:00+00:00,0.9999,4837927.3203
USDC,2022-04-16 18:00:00+00:00,0.9998,1395218.6097
USDC,2022-04-16 19:00:00+00:00,0.9999,2063161.6277
USDC,2022-04-16 20:00:00+00:00,0.9998,4664207.6088
USDC,2022-04-16 21:00:00+00:00,0.9998,1923160.2573
USDC,2022-04-16 22:00:00+00:00,0.9999,3115137.166
USDC,2022-04-16 23:00:00+00:00,0.9999,952062.3052
USDC,2022-04-17 00:00:00+00:00,0.9999,1291618.4735
USDC,2022-04-17 01:00:00+00:00,0.9999,844592.5056
USDC,2022-04-17 02:00:00+00:00,0.9999,4062438.4542
USDC,2022-04-17 03:00:00+00:00,0.9998,3543399.8988
USDC,2022-04-17 04:00:00+00:00,0.9999,3285144.3323
USDC,2022-04-17 05:00:00+00:00,0.9999,4626759.4627
USDC,2022-04-17 06:00:00+00:00,0.9999,1415660.0945
USDC,2022-04-17 07:00:00+00:00,0.9999,3759726.544
USDC,2022-04-17 08:00:00+00:00,0.9998,7589076.9051
USDC,2022-04-17 09:00:00+00:00,0.9999,3958192.309
USDC,2022-04-17 10:00:00+00:00,0.9998,2171006.6076
USDC,2022-04-17 11:00:00+00:00,0.9997,6525453.2993
USDC,2022-04-17 12:00:00+00:00,0.9997,17272987.6269
USDC,2022-04-17 13:00:00+00:00,0.9997,22147930.482
USDC,2022-04-17 14:00:00+00:00,0.9998,2764726.5653
USDC,2022-04-17 15:00:00+00:00,0.9997,11636026.0888
USDC,2022-04-17 16:00:00+00:00,0.9996,4150743.6567
USDC,2022-04-17 17:00:00+00:00,0.9997,4846007.3167
USDC,2022-04-17 18:00:00+00:00,0.9997,5828615.274
USDC,2022-04-17 19:00:00+00:00,0.9998,2669419.3497
USDC,2022-04-17 20:00:00+00:00,0.9997,1125029.2717
USDC,2022-04-17 21:00:00+00:00,0.9997,1149899.3832
USDC,2022-04-17 22:00:00+00:00,0.9998,1735937.8695
USDC,2022-04-17 23:00:00+00:00,0.9998,3588790.9572
USDC,2022-04-18 00:00:00+00:00,0.9998,4431922.8002
USDC,2022-04-18 01:00:00+00:00,0.9998,1856068.5965
USDC,2022-04-18 02:00:00+00:00,0.9998,1616315.5979
USDC,2022-04-18 03:00:00+00:00,0.9998,6671866.0391
USDC,2022-04-18 04:00:00+00:00,0.9997,26487266.2203
USDC,2022-04-18 05:00:00+00:00,0.9996,9847415.4511
USDC,2022-04-18 06:00:00+00:00,0.9997,5591577.1864
USDC,2022-04-18 07:00:00+00:00,0.9997,11517128.4824
USDC,2022-04-18 08:00:00+00:00,0.9997,21215347.0567
USDC,2022-04-18 09:00:00+00:00,0.9997,5566065.405
USDC,2022-04-18 10:00:00+00:00,0.9996,5415005.0514
USDC,2022-04-18 11:00:00+00:00,0.9997,5122214.635
USDC,2022-04-18 12:00:00+00:00,0.9997,7271395.2788
USDC,2022-04-18 13:00:00+00:00,0.9997,8541824.1596
USDC,2022-04-18 14:00:00+00:00,0.9998,9157863.4106
USDC,2022-04-18 15:00:00+00:00,0.9998,17839389.9109
USDC,2022-04-18 16:00:00+00:00,0.9997,10477831.361
USDC,2022-04-18 17:00:00+00:00,0.9997,6085569.69
USDC,2022-04-18 18:00:00+00:00,0.9997,9023719.2341
USDC,2022-04-18 19:00:00+00:00,0.9997,9468574.6264
USDC,2022-04-18 20:00:00+00:00,0.9998,5527487.8868
USDC,2022-04-18 21:00:00+00:00,0.9998,5074045.5622
USDC,2022-04-18 22:00:00+00:00,0.9999,9251147.4035
USDC,2022-04-18 23:00:00+00:00,0.9999,6522314.8641
USDC,2022-04-19 00:00:00+00:00,1.0,6806441.6698
USDC,2022-04-19 01:00:00+00:00,0.9998,6176215.0471
USDC,2022-04-19 02:00:00+00:00,0.9999,4470937.7444
USDC,2022-04-19 03:00:00+00:00,0.9999,4318012.0221
USDC,2022-04-19 04:00:00+00:00,0.9999,3025772.2
USDC,2022-04-19 05:00:00+00:00,0.9998,2741972.5176
USDC,2022-04-19 06:00:00+00:00,0.9998,4767121.557
USDC,2022-04-19 07:00:00+00:00,0.9998,6854278.1112
USDC,2022-04-19 08:00:00+00:00,0.9998,9616926.2678
USDC,2022-04-19 09:00:00+00:00,0.9998,10522831.5291
USDC,2022-04-19 10:00:00+00:00,0.9998,7902735.3909
USDC,2022-04-19 11:00:00+00:00,0.9998,11005036.7117
USDC,2022-04-19 12:00:00+00:00,0.9998,7053424.7076
USDC,2022-04-19 13:00:00+00:00,0.9998,7721643.1956
USDC,2022-04-19 14:00:00+00:00,0.9998,9886652.0892
USDC,2022-04-19 15:00:00+00:00,0.9997,16124966.8396
USDC,2022-04-19 16:00:00+00:00,0.9997,7299503.0614
USDC,2022-04-19 17:00:00+00:00,0.9997,5218653.2899
USDC,2022-04-19 18:00:00+00:00,0.9998,3262397.6263
USDC,2022-04-19 19:00:00+00:00,0.9997,2156774.2778
USDC,2022-04-19 20:00:00+00:00,0.9997,2791773.1301
USDC,2022-04-19 21:00:00+00:00,0.9998,4934141.5782
USDC,2022-04-19 22:00:00+00:00,0.9998,3281208.6025
USDC,2022-04-19 23:00:00+00:00,0.9997,3942664.4112
USDC,2022-04-20 00:00:00+00:00,0.9997,4942554.646
USDC,2022-04-20 01:00:00+00:00,0.9998,5415178.7336
USDC,2022-04-20 02:00:00+00:00,0.9998,3641114.9881
USDC,2022-04-20 03:00:00+00:00,0.9997,4329503.125
USDC,2022-04-20 04:00:00+00:00,0.9997,9456901.4029
USDC,2022-04-20 05:00:00+00:00,0.9998,3372480.1768
USDC,2022-04-20 06:00:00+00:00,0.9998,6077900.9624
USDC,2022-04-20 07:00:00+00:00,0.9997,5216392.7397
USDC,2022-04-20 08:00:00+00:00,0.9997,4720884.2235
USDC,2022-04-20 09:00:00+00:00,0.9996,22121758.2469
USDC,2022-04-20 10:00:00+00:00,0.9997,11395726.9931
USDC,2022-04-20 11:00:00+00:00,0.9997,15032233.5451
USDC,2022-04-20 12:00:00+00:00,0.9998,24399050.4541
USDC,2022-04-20 13:00:00+00:00,0.9998,18388435.9868
USDC,2022-04-20 14:00:00+00:00,0.9997,10655687.231
USDC,2022-04-20 15:00:00+00:00,0.9998,15925954.922
USDC,2022-04-20 16:00:00+00:00,0.9997,34260115.2837
USDC,2022-04-20 17:00:00+00:00,0.9997,7390552.3761
USDC,2022-04-20 18:00:00+00:00,0.9998,7210909.6673
USDC,2022-04-20 19:00:00+00:00,0.9998,6946379.689
USDC,2022-04-20 20:00:00+00:00,0.9998,10459569.871
USDC,2022-04-20 21:00:00+00:00,0.9999,5580296.1575
USDC,2022-04-20 22:00:00+00:00,0.9999,3700503.2469
USDC,2022-04-20 23:00:00+00:00,0.9998,3566812.5933
USDC,2022-04-21 00:00:00+00:00,0.9999,2147635.0285
USDC,2022-04-21 01:00:00+00:00,0.9998,4286219.754
USDC,2022-04-21 02:00:00+00:00,0.9998,4958774.5662
USDC,2022-04-21 03:00:00+00:00,0.9999,4886489.1134
USDC,2022-04-21 04:00:00+00:00,0.9998,5654080.5918
USDC,2022-04-21 05:00:00+00:00,0.9999,3097366.5134
USDC,2022-04-21 06:00:00+00:00,0.9998,4102232.1153
USDC,2022-04-21 07:00:00+00:00,0.9998,7064917.0409
USDC,2022-04-21 08:00:00+00:00,0.9999,16822216.4931
USDC,2022-04-21 09:00:00+00:00,0.9998,12586805.4447
USDC,2022-04-21 10:00:00+00:00,0.9997,12449196.3473
USDC,2022-04-21 11:00:00+00:00,0.9996,28736992.2113
USDC,2022-04-21 12:00:00+00:00,0.9997,6002024.7284
USDC,2022-04-21 13:00:00+00:00,0.9997,5086558.9843
USDC,2022-04-21 14:00:00+00:00,0.9998,26762674.983
USDC,2022-04-21 15:00:00+00:00,0.9998,10383079.5518
USDC,2022-04-21 16:00:00+00:00,0.9996,20254164.98
USDC,2022-04-21 17:00:00+00:00,0.9997,5345806.727
USDC,2022-04-21 18:00:00+00:00,0.9998,7613893.86
USDC,2022-04-21 19:00:00+00:00,0.9999,7208789.2209
USDC,2022-04-21 20:00:00+00:00,0.9999,8254448.1436
USDC,2022-04-21 21:00:00+00:00,0.9998,3613943.401
USDC,2022-04-21 22:00:00+00:00,0.9999,5272686.219
USDC,2022-04-21 23:00:00+00:00,0.9999,2794648.2204
USDC,2022-04-22 00:00:00+00:00,0.9998,6223904.8671
USDC,2022-04-22 01:00:00+00:00,0.9999,6755325.5492
USDC,2022-04-22 02:00:00+00:00,0.9999,4163676.8302
USDC,2022-04-22 03:00:00+00:00,0.9998,5696693.4445
USDC,2022-04-22 04:00:00+00:00,0.9999,7050805.0033
USDC,2022-04-22 05:00:00+00:00,0.9998,21363657.2552
USDC,2022-04-22 06:00:00+00:00,0.9998,39860326.1947
USDC,2022-04-22 07:00:00+00:00,0.9998,13909261.278
USDC,2022-04-22 08:00:00+00:00,0.9999,8519993.5007
USDC,2022-04-22 09:00:00+00:00,0.9998,4804967.8054
USDC,2022-04-22 10:00:00+00:00,0.9998,4678738.0528
USDC,2022-04-22 11:00:00+00:00,0.9998,3502142.7235
USDC,2022-04-22 12:00:00+00:00,0.9999,3674945.3469
USDC,2022-04-22 13:00:00+00:00,0.9999,9340074.1508
USDC,2022-04-22 14:00:00+00:00,0.9999,7704765.6188
USDC,2022-04-22 15:00:00+00:00,0.9999,8267956.9102
USDC,2022-04-22 16:00:00+00:00,0.9999,11710809.5049
USDC,2022-04-22 17:00:00+00:00,1.0,3348128.1878
USDC,2022-04-22 18:00:00+00:00,1.0,3183718.0663
USDC,2022-04-22 19:00:00+00:00,0.9999,2686114.4401
USDC,2022-04-22 20:00:00+00:00,0.9999,2997235.6724
USDC,2022-04-22 21:00:00+00:00,0.9999,5903732.8817
USDC,2022-04-22 22:00:00+00:00,0.9999,1568433.8846
USDC,2022-04-22 23:00:00+00:00,0.9999,2210613.2834
USDC,2022-04-23 00:00:00+00:00,1.0,2328258.8849
USDC,2022-04-23 01:00:00+00:00,0.9999,1529773.1978
USDC,2022-04-23 02:00:00+00:00,0.9999,2054806.8336
USDC,2022-04-23 03:00:00+00:00,1.0,1280120.9496
USDC,2022-04-23 04:00:00+00:00,0.9999,3249258.0092
USDC,2022-04-23 05:00:00+00:00,0.9998,3235844.3141
USDC,2022-04-23 06:00:00+00:00,0.9999,3858482.7381
USDC,2022-04-23 07:00:00+00:00,0.9999,2364689.4201
USDC,2022-04-23 08:00:00+00:00,0.9998,3015608.5478
USDC,2022-04-23 09:00:00+00:00,0.9999,1966383.5311
USDC,2022-04-23 10:00:00+00:00,0.9998,5535035.4255
USDC,2022-04-23 11:00:00+00:00,0.9998,4912731.3869
USDC,2022-04-23 12:00:00+00:00,0.9999,2389485.5775
USDC,2022-04-23 13:00:00+00:00,0.9999,2543989.1025
USDC,2022-04-23 14:00:00+00:00,0.9999,3188127.766
USDC,2022-04-23 15:00:00+00:00,0.9998,2962276.4687
USDC,2022-04-23 16:00:00+00:00,0.9998,2926398.9064
USDC,2022-04-23 17:00:00+00:00,0.9999,2313086.7192
USDC,2022-04-23 18:00:00+00:00,0.9999,2842187.9071
USDC,2022-04-23 19:00:00+00:00,0.9998,1759485.1452
USDC,2022-04-23 20:00:00+00:00,0.9999,1321689.554
USDC,2022-04-23 21:00:00+00:00,0.9998,977498.6437
USDC,2022-04-23 22:00:00+00:00,0.9998,2015995.8673
USDC,2022-04-23 23:00:00+00:00,0.9998,1966553.1449
USDC,2022-04-24 00:00:00+00:00,0.9998,2817706.1388
USDC,2022-04-24 01:00:00+00:00,0.9998,1428660.7868
USDC,2022-04-24 02:00:00+00:00,0.9999,1353834.4397
USDC,2022-04-24 03:00:00+00:00,0.9999,1081162.7879
USDC,2022-04-24 04:00:00+00:00,0.9998,1112046.0655
USDC,2022-04-24 05:00:00+00:00,0.9998,2893188.6933
USDC,2022-04-24 06:00:00+00:00,0.9999,4085779.2175
USDC,2022-04-24 07:00:00+00:00,0.9999,9538145.6279
USDC,2022-04-24 08:00:00+00:00,0.9998,5175745.0042
USDC,2022-04-24 09:00:00+00:00,0.9999,1929890.0698
USDC,2022-04-24 10:00:00+00:00,0.9998,30024281.6927
USDC,2022-04-24 11:00:00+00:00,0.9997,2738329.8081
USDC,2022-04-24 12:00:00+00:00,0.9997,3634487.1231
USDC,2022-04-24 13:00:00+00:00,0.9997,16357519.5392
USDC,2022-04-24 14:00:00+00:00,0.9997,9742664.2452
USDC,2022-04-24 15:00:00+00:00,0.9998,8722998.9585
USDC,2022-04-24 16:00:00+00:00,0.9997,5811399.3679
USDC,2022-04-24 17:00:00+00:00,0.9997,3637193.5941
USDC,2022-04-24 18:00:00+00:00,0.9998,2889557.6867
USDC,2022-04-24 19:00:00+00:00,0.9998,2085023.6968
USDC,2022-04-24 20:00:00+00:00,0.9997,1888471.2513
USDC,2022-04-24 21:00:00+00:00,0.9997,1466022.2275
USDC,2022-04-24 22:00:00+00:00,0.9998,2078764.2267
USDC,2022-04-24 23:00:00+00:00,0.9998,1933182.855
USDC,2022-04-25 00:00:00+00:00,0.9998,6213893.1626
USDC,2022-04-25 01:00:00+00:00,0.9997,5259320.8856
USDC,2022-04-25 02:00:00+00:00,0.9998,3221448.9982
USDC,2022-04-25 03:00:00+00:00,0.9998,11840946.9566
USDC,2022-04-25 04:00:00+00:00,0.9998,2045077.7105
USDC,2022-04-25 05:00:00+00:00,0.9998,2871009.0462
USDC,2022-04-25 06:00:00+00:00,0.9998,8337448.0413
USDC,2022-04-25 07:00:00+00:00,0.9998,22427413.6093
USDC,2022-04-25 08:00:00+00:00,0.9997,15554068.5617
USDC,2022-04-25 09:00:00+00:00,0.9998,12117608.1298
USDC,2022-04-25 10:00:00+00:00,0.9998,4610186.7644
USDC,2022-04-25 11:00:00+00:00,0.9998,8314273.8471
USDC,2022-04-25 12:00:00+00:00,0.9998,5355427.2861
USDC,2022-04-25 13:00:00+00:00,0.9998,6593635.5141
USDC,2022-04-25 14:00:00+00:00,0.9998,6800400.7938
USDC,2022-04-25 15:00:00+00:00,0.9998,10547318.112
USDC,2022-04-25 16:00:00+00:00,0.9998,7679131.4694
USDC,2022-04-25 17:00:00+00:00,0.9999,7640765.0832
USDC,2022-04-25 18:00:00+00:00,0.9999,9695011.4075
USDC,2022-04-25 19:00:00+00:00,0.9999,10883152.069
USDC,2022-04-25 20:00:00+00:00,0.9999,10314963.3927
USDC,2022-04-25 21:00:00+00:00,0.9999,4359663.4518
USDC,2022-04-25 22:00:00+00:00,0.9999,2038709.1257
USDC,2022-04-25 23:00:00+00:00,0.9999,1750900.8601
USDC,2022-04-26 00:00:00+00:00,0.9999,3622896.3718
USDC,2022-04-26 01:00:00+00:00,0.9999,5416878.4186
USDC,2022-04-26 02:00:00+00:00,1.0,3176266.8502
USDC,2022-04-26 03:00:00+00:00,0.9999,2570043.0453
USDC,2022-04-26 04:00:00+00:00,0.9999,3543101.9843
USDC,2022-04-26 05:00:00+00:00,0.9999,3683819.3934
USDC,2022-04-26 06:00:00+00:00,0.9999,3744800.2561
USDC,2022-04-26 07:00:00+00:00,0.9999,5078627.8943
USDC,2022-04-26 08:00:00+00:00,0.9999,5913823.7708
USDC,2022-04-26 09:00:00+00:00,1.0,8339917.8173
USDC,2022-04-26 10:00:00+00:00,1.0,8385200.2797
USDC,2022-04-26 11:00:00+00:00,0.9999,5282227.478
USDC,2022-04-26 12:00:00+00:00,1.0,4246243.2233
USDC,2022-04-26 13:00:00+00:00,1.0,6274179.4896
USDC,2022-04-26 14:00:00+00:00,1.0,8119597.2328
USDC,2022-04-26 15:00:00+00:00,1.0,13278326.857
USDC,2022-04-26 16:00:00+00:00,0.9999,11947864.9868
USDC,2022-04-26 17:00:00+00:00,1.0,5487683.2961
USDC,2022-04-26 18:00:00+00:00,0.9999,2711650.0069
USDC,2022-04-26 19:00:00+00:00,0.9999,3442117.3294
USDC,2022-04-26 20:00:00+00:00,0.9999,8014422.3875
USDC,2022-04-26 21:00:00+00:00,1.0,5742791.6392
USDC,2022-04-26 22:00:00+00:00,1.0,5800091.3165
USDC,2022-04-26 23:00:00+00:00,1.0,3801005.6799
USDC,2022-04-27 00:00:00+00:00,1.0,4310743.382
USDC,2022-04-27 01:00:00+00:00,1.0,2961839.7962
USDC,2022-04-27 02:00:00+00:00,1.0001,1834011.36
USDC,2022-04-27 03:00:00+00:00,1.0,2288434.4498
USDC,2022-04-27 04:00:00+00:00,1.0,4350834.9044
USDC,2022-04-27 05:00:00+00:00,1.0,3257253.1263
USDC,2022-04-27 06:00:00+00:00,1.0,2568536.4698
USDC,2022-04-27 07:00:00+00:00,1.0001,5902430.062
USDC,2022-04-27 08:00:00+00:00,1.0001,8554062.4757
USDC,2022-04-27 09:00:00+00:00,1.0,7113217.6743
USDC,2022-04-27 10:00:00+00:00,1.0,3499406.2208
USDC,2022-04-27 11:00:00+00:00,1.0,2313880.8734
USDC,2022-04-27 12:00:00+00:00,1.0,14164992.2567
USDC,2022-04-27 13:00:00+00:00,1.0,4587660.8905
USDC,2022-04-27 14:00:00+00:00,0.9999,6889793.9479
USDC,2022-04-27 15:00:00+00:00,0.9999,6398994.0643
USDC,2022-04-27 16:00:00+00:00,0.9999,5735212.2483
USDC,2022-04-27 17:00:00+00:00,1.0,5103558.2043
USDC,2022-04-27 18:00:00+00:00,0.9999,2896325.335
USDC,2022-04-27 19:00:00+00:00,0.9999,10895504.8473
USDC,2022-04-27 20:00:00+00:00,0.9999,3709005.8907
USDC,2022-04-27 21:00:00+00:00,0.9999,2512742.4237
USDC,2022-04-27 22:00:00+00:00,0.9999,1928139.2833
USDC,2022-04-27 23:00:00+00:00,1.0,2136284.7249
USDC,2022-04-28 00:00:00+00:00,1.0,3057452.702
USDC,2022-04-28 01:00:00+00:00,0.9999,3580500.704
USDC,2022-04-28 02:00:00+00:00,1.0,2277716.8969
USDC,2022-04-28 03:00:00+00:00,1.0,6445056.8974
USDC,2022-04-28 04:00:00+00:00,1.0,2219304.3694
USDC,2022-04-28 05:00:00+00:00,1.0,2405813.2184
USDC,2022-04-28 06:00:00+00:00,0.9999,12032948.1468
USDC,2022-04-28 07:00:00+00:00,0.9999,3387405.3761
USDC,2022-04-28 08:00:00+00:00,1.0,4365617.0111
USDC,2022-04-28 09:00:00+00:00,1.0,6862058.9747
USDC,2022-04-28 10:00:00+00:00,0.9999,3528694.1235
USDC,2022-04-28 11:00:00+00:00,0.9999,4756480.296
USDC,2022-04-28 12:00:00+00:00,1.0,4685782.2559
USDC,2022-04-28 13:00:00+00:00,0.9999,20315501.696
USDC,2022-04-28 14:00:00+00:00,0.9999,35094531.0982
USDC,2022-04-28 15:00:00+00:00,1.0,37536497.074
USDC,2022-04-28 16:00:00+00:00,1.0,7255412.2842
USDC,2022-04-28 17:00:00+00:00,0.9999,16889147.4577
USDC,2022-04-28 18:00:00+00:00,0.9999,18455121.1357
USDC,2022-04-28 19:00:00+00:00,0.9999,4589121.6432
USDC,2022-04-28 20:00:00+00:00,0.9999,6938529.9474
USDC,2022-04-28 21:00:00+00:00,1.0,3336582.5258
USDC,2022-04-28 22:00:00+00:00,1.0,2700221.0286
USDC,2022-04-28 23:00:00+00:00,1.0,2385807.7442
USDC,2022-04-29 00:00:00+00:00,1.0,3864435.2662
USDC,2022-04-29 01:00:00+00:00,1.0001,10273015.1938
USDC,2022-04-29 02:00:00+00:00,1.0001,7682403.5199
USDC,2022-04-29 03:00:00+00:00,1.0002,3204676.4217
USDC,2022-04-29 04:00:00+00:00,1.0002,5549659.6969
USDC,2022-04-29 05:00:00+00:00,1.0001,8044327.1586
USDC,2022-04-29 06:00:00+00:00,1.0,4298953.4786
USDC,2022-04-29 07:00:00+00:00,1.0001,4081187.9662
USDC,2022-04-29 08:00:00+00:00,1.0,5902197.3158
USDC,2022-04-29 09:00:00+00:00,1.0,16225496.1843
USDC,2022-04-29 10:00:00+00:00,0.9999,9057652.6427
USDC,2022-04-29 11:00:00+00:00,1.0,10421829.0898
USDC,2022-04-29 12:00:00+00:00,0.9999,13405910.0805
USDC,2022-04-29 13:00:00+00:00,1.0,9973761.3131
USDC,2022-04-29 14:00:00+00:00,1.0,12425160.8256
USDC,2022-04-29 15:00:00+00:00,1.0,12932092.1606
USDC,2022-04-29 16:00:00+00:00,1.0,9525934.7378
USDC,2022-04-29 17:00:00+00:00,1.0001,5987605.7221
USDC,2022-04-29 18:00:00+00:00,1.0001,5013818.4375
USDC,2022-04-29 19:00:00+00:00,1.0001,11596641.4795
USDC,2022-04-29 20:00:00+00:00,1.0001,12451497.3515
USDC,2022-04-29 21:00:00+00:00,1.0001,3988628.5978
USDC,2022-04-29 22:00:00+00:00,1.0001,4545273.644
USDC,2022-04-29 23:00:00+00:00,1.0001,3337618.6329
USDC,2022-04-30 00:00:00+00:00,1.0001,3127096.9406
USDC,2022-04-30 01:00:00+00:00,1.0001,5473774.6164
USDC,2022-04-30 02:00:00+00:00,1.0001,5496913.1481
USDC,2022-04-30 03:00:00+00:00,1.0,6381494.7035
USDC,2022-04-30 04:00:00+00:00,1.0,3629805.7983
USDC,2022-04-30 05:00:00+00:00,0.9999,5639759.8907
USDC,2022-04-30 06:00:00+00:00,0.9999,8134525.6706
USDC,2022-04-30 07:00:00+00:00,0.9999,8030923.3214
USDC,2022-04-30 08:00:00+00:00,0.9999,6395233.4375
USDC,2022-04-30 09:00:00+00:00,1.0,3062215.786
USDC,2022-04-30 10:00:00+00:00,1.0,3988487.1903
USDC,2022-04-30 11:00:00+00:00,0.9999,4030230.9176
USDC,2022-04-30 12:00:00+00:00,0.9999,4103398.2146
USDC,2022-04-30 13:00:00+00:00,1.0,3465822.7763
USDC,2022-04-30 14:00:00+00:00,1.0,4900027.9329
USDC,2022-04-30 15:00:00+00:00,1.0,8668472.8456
USDC,2022-04-30 16:00:00+00:00,1.0,6457461.8462
USDC,2022-04-30 17:00:00+00:00,1.0,5616369.6291
USDC,2022-04-30 18:00:00+00:00,0.9999,3648131.3969
USDC,2022-04-30 19:00:00+00:00,1.0,4013399.5911
USDC,2022-04-30 20:00:00+00:00,1.0,2290161.1271
USDC,2022-04-30 21:00:00+00:00,1.0,3440742.7416
USDC,2022-04-30 22:00:00+00:00,1.0,6041127.4331
USDC,2022-04-30 23:00:00+00:00,0.9998,16640994.107
USDC,2022-05-01 00:00:00+00:00,0.9997,40424771.6819
USDC,2022-05-01 01:00:00+00:00,0.9998,10863456.9973
USDC,2022-05-01 02:00:00+00:00,0.9998,12373270.9305
USDC,2022-05-01 03:00:00+00:00,0.9998,4015361.2581
USDC,2022-05-01 04:00:00+00:00,0.9999,4517552.483
USDC,2022-05-01 05:00:00+00:00,0.9999,6285112.0282
USDC,2022-05-01 06:00:00+00:00,0.9999,17569058.3175
USDC,2022-05-01 07:00:00+00:00,0.9999,12874878.0493
USDC,2022-05-01 08:00:00+00:00,0.9999,7072761.0881
USDC,2022-05-01 09:00:00+00:00,0.9998,5302902.4663
USDC,2022-05-01 10:00:00+00:00,0.9998,4169863.7168
USDC,2022-05-01 11:00:00+00:00,0.9999,4718423.9346
USDC,2022-05-01 12:00:00+00:00,1.0,4481538.4366
USDC,2022-05-01 13:00:00+00:00,1.0,6575483.2079
USDC,2022-05-01 14:00:00+00:00,0.9999,2560838.8904
USDC,2022-05-01 15:00:00+00:00,0.9999,5463065.4518
USDC,2022-05-01 16:00:00+00:00,0.9999,4412562.9368
USDC,2022-05-01 17:00:00+00:00,0.9999,7161068.1021
USDC,2022-05-01 18:00:00+00:00,1.0,4357417.4349
USDC,2022-05-01 19:00:00+00:00,0.9999,2289586.2857
USDC,2022-05-01 20:00:00+00:00,0.9999,3048824.3404
USDC,2022-05-01 21:00:00+00:00,1.0,1602265.8735
USDC,2022-05-01 22:00:00+00:00,1.0,1913494.1913
USDC,2022-05-01 23:00:00+00:00,1.0,1929397.9426
USDC,2022-05-02 00:00:00+00:00,1.0,1887500.4832
USDC,2022-05-02 01:00:00+00:00,0.9999,3415011.5234
USDC,2022-05-02 02:00:00+00:00,0.9999,1527156.1065
USDC,2022-05-02 03:00:00+00:00,0.9999,5077542.4147
USDC,2022-05-02 04:00:00+00:00,0.9999,7219462.1239
USDC,2022-05-02 05:00:00+00:00,0.9999,4805413.781
USDC,2022-05-02 06:00:00+00:00,1.0,4204920.0515
USDC,2022-05-02 07:00:00+00:00,0.9999,3405500.8067
USDC,2022-05-02 08:00:00+00:00,1.0,3741615.7393
USDC,2022-05-02 09:00:00+00:00,0.9999,6951125.0013
USDC,2022-05-02 10:00:00+00:00,1.0,3863433.4875
USDC,2022-05-02 11:00:00+00:00,1.0,4318012.6443
USDC,2022-05-02 12:00:00+00:00,1.0,4377723.4749
USDC,2022-05-02 13:00:00+00:00,0.9999,5657330.2939
USDC,2022-05-02 14:00:00+00:00,0.9999,16805500.8669
USDC,2022-05-02 15:00:00+00:00,1.0001,8761950.3638
USDC,2022-05-02 16:00:00+00:00,1.0001,4567592.6544
USDC,2022-05-02 17:00:00+00:00,1.0,6869682.7305
USDC,2022-05-02 18:00:00+00:00,1.0,12001894.5307
USDC,2022-05-02 19:00:00+00:00,1.0001,3665092.5553
USDC,2022-05-02 20:00:00+00:00,1.0002,13620478.339
USDC,2022-05-02 21:00:00+00:00,1.0002,5674024.338
USDC,2022-05-02 22:00:00+00:00,1.0001,8628744.7891
USDC,2022-05-02 23:00:00+00:00,1.0001,3842668.896
USDC,2022-05-03 00:00:00+00:00,1.0002,6522518.4325
USDC,2022-05-03 01:00:00+00:00,1.0,16014089.2821
USDC,2022-05-03 02:00:00+00:00,1.0001,6176561.385
USDC,2022-05-03 03:00:00+00:00,1.0,8074661.6805
USDC,2022-05-03 04:00:00+00:00,1.0001,6571816.2037
USDC,2022-05-03 05:00:00+00:00,1.0001,9169191.464
USDC,2022-05-03 06:00:00+00:00,1.0001,4804872.5182
USDC,2022-05-03 07:00:00+00:00,1.0001,6494993.4281
USDC,2022-05-03 08:00:00+00:00,1.0001,5804352.696
USDC,2022-05-03 09:00:00+00:00,1.0001,8892984.7254
USDC,2022-05-03 10:00:00+00:00,1.0002,16027530.005
USDC,2022-05-03 11:00:00+00:00,1.0001,14737160.1986
USDC,2022-05-03 12:00:00+00:00,1.0001,9086910.0329
USDC,2022-05-03 13:00:00+00:00,1.0001,6283249.5561
USDC,2022-05-03 14:00:00+00:00,1.0002,18714604.568
USDC,2022-05-03 15:00:00+00:00,1.0001,11503357.7357
USDC,2022-05-03 16:00:00+00:00,1.0001,5912171.6771
USDC,2022-05-03 17:00:00+00:00,1.0002,6883321.12
USDC,2022-05-03 18:00:00+00:00,1.0002,3816626.646
USDC,2022-05-03 19:00:00+00:00,1.0001,10243750.2251
USDC,2022-05-03 20:00:00+00:00,1.0001,8981149.96
USDC,2022-05-03 21:00:00+00:00,1.0002,2308021.5977
USDC,2022-05-03 22:00:00+00:00,1.0002,11621624.0997
USDC,2022-05-03 23:00:00+00:00,1.0001,3396236.5871
USDC,2022-05-04 00:00:00+00:00,1.0002,2504562.2895
USDC,2022-05-04 01:00:00+00:00,1.0002,2493110.7437
USDC,2022-05-04 02:00:00+00:00,1.0002,2682531.7793
USDC,2022-05-04 03:00:00+00:00,1.0002,4102921.8042
USDC,2022-05-04 04:00:00+00:00,1.0002,2951563.983
USDC,2022-05-04 05:00:00+00:00,1.0002,8533373.5974
USDC,2022-05-04 06:00:00+00:00,1.0002,4509419.7056
USDC,2022-05-04 07:00:00+00:00,1.0002,5152548.0298
USDC,2022-05-04 08:00:00+00:00,1.0001,4801438.4537
USDC,2022-05-04 09:00:00+00:00,1.0002,9524921.0714
USDC,2022-05-04 10:00:00+00:00,1.0002,9972595.4556
USDC,2022-05-04 11:00:00+00:00,1.0001,3778909.6858
USDC,2022-05-04 12:00:00+00:00,1.0002,6033955.4864
USDC,2022-05-04 13:00:00+00:00,1.0002,7543013.4002
USDC,2022-05-04 14:00:00+00:00,1.0002,5625619.2496
USDC,2022-05-04 15:00:00+00:00,1.0001,5068709.3813
USDC,2022-05-04 16:00:00+00:00,1.0002,5756614.4722
USDC,2022-05-04 17:00:00+00:00,1.0001,5492206.2785
USDC,2022-05-04 18:00:00+00:00,1.0001,6129050.0033
USDC,2022-05-04 19:00:00+00:00,1.0002,7657819.7451
USDC,2022-05-04 20:00:00+00:00,1.0001,4951791.7865
USDC,2022-05-04 21:00:00+00:00,1.0001,3417277.7457
USDC,2022-05-04 22:00:00+00:00,1.0002,2995067.9376
USDC,2022-05-04 23:00:00+00:00,1.0002,3354626.2054
USDC,2022-05-05 00:00:00+00:00,1.0002,6992976.4352
USDC,2022-05-05 01:00:00+00:00,1.0002,4054791.8698
USDC,2022-05-05 02:00:00+00:00,1.0001,2631872.8101
USDC,2022-05-05 03:00:00+00:00,1.0001,7179612.4778
USDC,2022-05-05 04:00:00+00:00,1.0001,3026789.1318
USDC,2022-05-05 05:00:00+00:00,1.0001,3539783.3639
USDC,2022-05-05 06:00:00+00:00,1.0001,4326608.6496
USDC,2022-05-05 07:00:00+00:00,1.0001,6241767.625
USDC,2022-05-05 08:00:00+00:00,1.0002,2906673.6261
USDC,2022-05-05 09:00:00+00:00,1.0001,3634589.5403
USDC,2022-05-05 10:00:00+00:00,1.0001,13439422.5317
USDC,2022-05-05 11:00:00+00:00,1.0001,3658781.288
USDC,2022-05-05 12:00:00+00:00,1.0001,10173957.1906
USDC,2022-05-05 13:00:00+00:00,1.0001,9884059.8155
USDC,2022-05-05 14:00:00+00:00,1.0001,8545835.4911
USDC,2022-05-05 15:00:00+00:00,1.0001,23629066.9419
USDC,2022-05-05 16:00:00+00:00,1.0001,10056124.414
USDC,2022-05-05 17:00:00+00:00,1.0002,8061035.1999
USDC,2022-05-05 18:00:00+00:00,1.0002,11287499.1725
USDC,2022-05-05 19:00:00+00:00,1.0002,11993260.9279
USDC,2022-05-05 20:00:00+00:00,1.0002,17698015.2808
USDC,2022-05-05 21:00:00+00:00,1.0001,5712820.8321
USDC,2022-05-05 22:00:00+00:00,1.0002,4545819.0005
USDC,2022-05-05 23:00:00+00:00,1.0001,15586471.166
USDC,2022-05-06 00:00:00+00:00,1.0002,10236583.1335
USDC,2022-05-06 01:00:00+00:00,1.0002,7744100.7566
USDC,2022-05-06 02:00:00+00:00,1.0001,6898564.3693
USDC,2022-05-06 03:00:00+00:00,1.0002,6351300.6419
USDC,2022-05-06 04:00:00+00:00,1.0002,9120120.4332
USDC,2022-05-06 05:00:00+00:00,1.0002,8523561.3412
USDC,2022-05-06 06:00:00+00:00,1.0001,7559676.4013
USDC,2022-05-06 07:00:00+00:00,1.0002,6955996.7514
USDC,2022-05-06 08:00:00+00:00,1.0001,8633597.1883
USDC,2022-05-06 09:00:00+00:00,1.0001,26923893.8395
USDC,2022-05-06 10:00:00+00:00,1.0001,5350519.0335
USDC,2022-05-06 11:00:00+00:00,1.0002,7284031.8412
USDC,2022-05-06 12:00:00+00:00,1.0001,6586788.9223
USDC,2022-05-06 13:00:00+00:00,1.0002,21784897.6253
USDC,2022-05-06 14:00:00+00:00,1.0001,20863785.023
USDC,2022-05-06 15:00:00+00:00,1.0003,12198712.3317
USDC,2022-05-06 16:00:00+00:00,1.0002,6363125.2822
USDC,2022-05-06 17:00:00+00:00,1.0003,6153578.2212
USDC,2022-05-06 18:00:00+00:00,1.0002,5696351.3512
USDC,2022-05-06 19:00:00+00:00,1.0002,4527487.3337
USDC,2022-05-06 20:00:00+00:00,1.0002,7672155.3965
USDC,2022-05-06 21:00:00+00:00,1.0003,2558217.2584
USDC,2022-05-06 22:00:00+00:00,1.0002,2757193.7876
USDC,2022-05-06 23:00:00+00:00,1.0002,5689076.1206
USDC,2022-05-07 00:00:00+00:00,1.0003,17535117.6787
USDC,2022-05-07 01:00:00+00:00,1.0004,15053406.555
USDC,2022-05-07 02:00:00+00:00,1.0003,4528378.1275
USDC,2022-05-07 03:00:00+00:00,1.0003,3059988.3165
USDC,2022-05-07 04:00:00+00:00,1.0003,4209965.3902
USDC,2022-05-07 05:00:00+00:00,1.0003,3530471.2373
USDC,2022-05-07 06:00:00+00:00,1.0003,5997837.9817
USDC,2022-05-07 07:00:00+00:00,1.0003,4014083.82
USDC,2022-05-07 08:00:00+00:00,1.0003,4734464.1352
USDC,2022-05-07 09:00:00+00:00,1.0003,5319759.7473
USDC,2022-05-07 10:00:00+00:00,1.0003,4164702.7166
USDC,2022-05-07 11:00:00+00:00,1.0003,4572916.1584
USDC,2022-05-07 12:00:00+00:00,1.0003,6500376.1824
USDC,2022-05-07 13:00:00+00:00,1.0003,4262176.7822
USDC,2022-05-07 14:00:00+00:00,1.0003,4429588.8429
USDC,2022-05-07 15:00:00+00:00,1.0003,6942509.4502
USDC,2022-05-07 16:00:00+00:00,1.0003,4367466.6344
USDC,2022-05-07 17:00:00+00:00,1.0003,4598510.9391
USDC,2022-05-07 18:00:00+00:00,1.0003,4788619.2575
USDC,2022-05-07 19:00:00+00:00,1.0003,3553087.3149
USDC,2022-05-07 20:00:00+00:00,1.0003,6597035.0453
USDC,2022-05-07 21:00:00+00:00,1.0003,12417502.4893
USDC,2022-05-07 22:00:00+00:00,1.0003,13969060.0941
USDC,2022-05-07 23:00:00+00:00,1.0003,12860131.4854
USDC,2022-05-08 00:00:00+00:00,1.0003,22644204.7789
USDC,2022-05-08 01:00:00+00:00,1.0003,13869779.5193
USDC,2022-05-08 02:00:00+00:00,1.0006,41032558.9255
USDC,2022-05-08 03:00:00+00:00,1.0003,38379242.621
USDC,2022-05-08 04:00:00+00:00,1.0003,11342881.6405
USDC,2022-05-08 05:00:00+00:00,1.0003,18472998.5325
USDC,2022-05-08 06:00:00+00:00,1.0002,10040621.2501
USDC,2022-05-08 07:00:00+00:00,1.0002,4964373.9993
USDC,2022-05-08 08:00:00+00:00,1.0003,9957444.2293
USDC,2022-05-08 09:00:00+00:00,1.0003,10236878.8395
USDC,2022-05-08 10:00:00+00:00,1.0002,10578600.5808
USDC,2022-05-08 11:00:00+00:00,1.0003,17015633.8897
USDC,2022-05-08 12:00:00+00:00,1.0002,8658684.2153
USDC,2022-05-08 13:00:00+00:00,1.0002,8512849.0225
USDC,2022-05-08 14:00:00+00:00,1.0002,9166035.2561
USDC,2022-05-08 15:00:00+00:00,1.0004,21811647.1209
USDC,2022-05-08 16:00:00+00:00,1.0004,21473905.0292
USDC,2022-05-08 17:00:00+00:00,1.0004,18501263.8308
USDC,2022-05-08 18:00:00+00:00,1.0003,17775566.3015
USDC,2022-05-08 19:00:00+00:00,1.0004,9039878.4063
USDC,2022-05-08 20:00:00+00:00,1.0003,2953948.1283
USDC,2022-05-08 21:00:00+00:00,1.0003,1680669.0094
USDC,2022-05-08 22:00:00+00:00,1.0003,1879228.9735
USDC,2022-05-08 23:00:00+00:00,1.0003,2942794.3394
USDC,2022-05-09 00:00:00+00:00,1.0004,5528785.6664
USDC,2022-05-09 01:00:00+00:00,1.0003,5716760.4817
USDC,2022-05-09 02:00:00+00:00,1.0003,18588265.194
USDC,2022-05-09 03:00:00+00:00,1.0003,11265208.5729
USDC,2022-05-09 04:00:00+00:00,1.0003,12995182.3383
USDC,2022-05-09 05:00:00+00:00,1.0002,4558803.8398
USDC,2022-05-09 06:00:00+00:00,1.0002,9263481.8821
USDC,2022-05-09 07:00:00+00:00,1.0002,5948857.6736
USDC,2022-05-09 08:00:00+00:00,1.0003,10882924.1556
USDC,2022-05-09 09:00:00+00:00,1.0003,11504234.5766
USDC,2022-05-09 10:00:00+00:00,1.0003,21455124.324
USDC,2022-05-09 11:00:00+00:00,1.0001,58108692.0591
USDC,2022-05-09 12:00:00+00:00,1.0,61025767.9327
USDC,2022-05-09 13:00:00+00:00,1.0002,30883961.7282
USDC,2022-05-09 14:00:00+00:00,1.0001,50771677.9405
USDC,2022-05-09 15:00:00+00:00,1.0,59768385.2267
USDC,2022-05-09 16:00:00+00:00,1.0002,35675140.4891
USDC,2022-05-09 17:00:00+00:00,1.0002,33942294.6926
USDC,2022-05-09 18:00:00+00:00,1.0002,40435948.5855
USDC,2022-05-09 19:00:00+00:00,1.0002,36070405.9585
USDC,2022-05-09 20:00:00+00:00,1.0004,60157996.3893
USDC,2022-05-09 21:00:00+00:00,1.0003,22237056.6411
USDC,2022-05-09 22:00:00+00:00,1.0003,16477563.0006
USDC,2022-05-09 23:00:00+00:00,1.0002,31169235.7727
USDC,2022-05-10 00:00:00+00:00,1.0003,42696765.5217
USDC,2022-05-10 01:00:00+00:00,1.0002,36647314.9094
USDC,2022-05-10 02:00:00+00:00,1.0003,31296950.9014
USDC,2022-05-10 03:00:00+00:00,1.0003,30533570.8153
USDC,2022-05-10 04:00:00+00:00,1.0004,25167049.0742
USDC,2022-05-10 05:00:00+00:00,1.0003,30778556.8831
USDC,2022-05-10 06:00:00+00:00,1.0003,25928610.2349
USDC,2022-05-10 07:00:00+00:00,1.0003,27695483.4064
USDC,2022-05-10 08:00:00+00:00,1.0003,20412887.2545
USDC,2022-05-10 09:00:00+00:00,1.0003,27205186.9379
USDC,2022-05-10 10:00:00+00:00,1.0003,15022076.2242
USDC,2022-05-10 11:00:00+00:00,1.0005,34366875.5095
USDC,2022-05-10 12:00:00+00:00,1.0001,47193232.0958
USDC,2022-05-10 13:00:00+00:00,1.0002,33998255.8279
USDC,2022-05-10 14:00:00+00:00,0.9999,35277651.9131
USDC,2022-05-10 15:00:00+00:00,1.0002,70618767.0305
USDC,2022-05-10 16:00:00+00:00,1.0002,19476159.4874
USDC,2022-05-10 17:00:00+00:00,1.0003,18882379.8052
USDC,2022-05-10 18:00:00+00:00,1.0003,11409848.1454
USDC,2022-05-10 19:00:00+00:00,1.0002,11977007.5251
USDC,2022-05-10 20:00:00+00:00,1.0005,41241330.7671
USDC,2022-05-10 21:00:00+00:00,1.0004,23805233.2679
USDC,2022-05-10 22:00:00+00:00,1.0004,16101200.194
USDC,2022-05-10 23:00:00+00:00,1.0003,17156028.603
USDC,2022-05-11 00:00:00+00:00,1.0003,11934223.5248
USDC,2022-05-11 01:00:00+00:00,1.0003,34093983.8416
USDC,2022-05-11 02:00:00+00:00,1.0004,29458379.0212
USDC,2022-05-11 03:00:00+00:00,1.0003,7050029.63
USDC,2022-05-11 04:00:00+00:00,1.0004,10399300.7208
USDC,2022-05-11 05:00:00+00:00,1.0004,23301429.9474
USDC,2022-05-11 06:00:00+00:00,1.0002,70583057.235
USDC,2022-05-11 07:00:00+00:00,1.0004,61785886.4231
USDC,2022-05-11 08:00:00+00:00,1.0005,54263197.3008
USDC,2022-05-11 09:00:00+00:00,1.0004,30838820.6404
USDC,2022-05-11 10:00:00+00:00,1.0004,28954785.6629
USDC,2022-05-11 11:00:00+00:00,1.0012,83911247.5803
USDC,2022-05-11 12:00:00+00:00,1.003,220380064.060273
USDC,2022-05-11 13:00:00+00:00,1.003,228582888.2319
USDC,2022-05-11 14:00:00+00:00,1.0012,135044788.9426
USDC,2022-05-11 15:00:00+00:00,1.0016,96259647.8436
USDC,2022-05-11 16:00:00+00:00,1.0026,109176467.4268
USDC,2022-05-11 17:00:00+00:00,1.0028,104533406.9876
USDC,2022-05-11 18:00:00+00:00,1.0029,96125067.5017
USDC,2022-05-11 19:00:00+00:00,1.003,72432794.45
USDC,2022-05-11 20:00:00+00:00,1.0051,136585937.376429
USDC,2022-05-11 21:00:00+00:00,1.005,66196285.2992
USDC,2022-05-11 22:00:00+00:00,1.0045,50409146.6822
USDC,2022-05-11 23:00:00+00:00,1.006,64535497.0226
USDC,2022-05-12 00:00:00+00:00,1.0039,48810696.6415
USDC,2022-05-12 01:00:00+00:00,1.0044,38713259.1918
USDC,2022-05-12 02:00:00+00:00,1.0051,38316710.9895
USDC,2022-05-12 03:00:00+00:00,1.0065,112271532.2201
USDC,2022-05-12 04:00:00+00:00,1.0067,112195479.9425
USDC,2022-05-12 05:00:00+00:00,1.0195,182621982.1361
USDC,2022-05-12 06:00:00+00:00,1.05,339710010.5279
USDC,2022-05-12 07:00:00+00:00,1.0203,413424329.1982
USDC,2022-05-12 08:00:00+00:00,1.0221,135040344.6302
USDC,2022-05-12 09:00:00+00:00,1.0178,140759618.5917
USDC,2022-05-12 10:00:00+00:00,1.0152,114083744.0025
USDC,2022-05-12 11:00:00+00:00,1.009,99042259.4438
USDC,2022-05-12 12:00:00+00:00,1.0066,91567489.3272
USDC,2022-05-12 13:00:00+00:00,1.0069,106899839.5183
USDC,2022-05-12 14:00:00+00:00,1.005,98954749.1605
USDC,2022-05-12 15:00:00+00:00,1.0044,88005016.691
USDC,2022-05-12 16:00:00+00:00,1.0031,97176970.0347
USDC,2022-05-12 17:00:00+00:00,1.0036,54222162.6171
USDC,2022-05-12 18:00:00+00:00,1.0033,48553480.6895
USDC,2022-05-12 19:00:00+00:00,1.0027,47897532.1173
USDC,2022-05-12 20:00:00+00:00,1.0027,34553767.4602
USDC,2022-05-12 21:00:00+00:00,1.0033,49628353.5063
USDC,2022-05-12 22:00:00+00:00,1.0029,31442428.7255
USDC,2022-05-12 23:00:00+00:00,1.003,23441410.9228
USDC,2022-05-13 00:00:00+00:00,1.0029,24986165.4857
USDC,2022-05-13 01:00:00+00:00,1.0033,51237850.7411
USDC,2022-05-13 02:00:00+00:00,1.0035,32864319.8015
USDC,2022-05-13 03:00:00+00:00,1.0029,60830022.5876
USDC,2022-05-13 04:00:00+00:00,1.0028,33305667.6015
USDC,2022-05-13 05:00:00+00:00,1.0026,54126297.2694
USDC,2022-05-13 06:00:00+00:00,1.0024,49075684.2686
USDC,2022-05-13 07:00:00+00:00,1.0019,28048614.1224
USDC,2022-05-13 08:00:00+00:00,1.002,33392470.8766
USDC,2022-05-13 09:00:00+00:00,1.0016,31230406.625
USDC,2022-05-13 10:00:00+00:00,1.0014,33085473.186
USDC,2022-05-13 11:00:00+00:00,1.0012,46764245.2622
USDC,2022-05-13 12:00:00+00:00,1.001,39215582.1569
USDC,2022-05-13 13:00:00+00:00,1.001,41308574.4129
USDC,2022-05-13 14:00:00+00:00,1.0011,53643304.6212
USDC,2022-05-13 15:00:00+00:00,1.0012,33109443.5553
USDC,2022-05-13 16:00:00+00:00,1.0012,39842123.8083
USDC,2022-05-13 17:00:00+00:00,1.0015,30573044.036
USDC,2022-05-13 18:00:00+00:00,1.0017,24724551.8428
USDC,2022-05-13 19:00:00+00:00,1.0018,42655755.7428
USDC,2022-05-13 20:00:00+00:00,1.0017,11970887.3765
USDC,2022-05-13 21:00:00+00:00,1.0017,8599379.5658
USDC,2022-05-13 22:00:00+00:00,1.0018,14162299.2431
USDC,2022-05-13 23:00:00+00:00,1.0018,13572553.4972
USDC,2022-05-14 00:00:00+00:00,1.0019,6716336.3636
USDC,2022-05-14 01:00:00+00:00,1.0018,24354304.5201
USDC,2022-05-14 02:00:00+00:00,1.002,22498095.1898
USDC,2022-05-14 03:00:00+00:00,1.0019,11305082.3794
USDC,2022-05-14 04:00:00+00:00,1.002,10395017.2129
USDC,2022-05-14 05:00:00+00:00,1.002,14811934.9638
USDC,2022-05-14 06:00:00+00:00,1.002,28229981.4409
USDC,2022-05-14 07:00:00+00:00,1.0019,10572586.4875
USDC,2022-05-14 08:00:00+00:00,1.0021,30806883.8295
USDC,2022-05-14 09:00:00+00:00,1.0021,40855886.8283
USDC,2022-05-14 10:00:00+00:00,1.0022,23970842.2156
USDC,2022-05-14 11:00:00+00:00,1.0022,43096732.5028
USDC,2022-05-14 12:00:00+00:00,1.0024,20499983.3446
USDC,2022-05-14 13:00:00+00:00,1.0017,59226855.6739
USDC,2022-05-14 14:00:00+00:00,1.0019,37914053.1551
USDC,2022-05-14 15:00:00+00:00,1.0021,34578586.2834
USDC,2022-05-14 16:00:00+00:00,1.0017,19592952.6012
USDC,2022-05-14 17:00:00+00:00,1.0014,17744050.4189
USDC,2022-05-14 18:00:00+00:00,1.0013,23625945.7501
USDC,2022-05-14 19:00:00+00:00,1.0012,13486530.8771
USDC,2022-05-14 20:00:00+00:00,1.0014,9464761.7715
USDC,2022-05-14 21:00:00+00:00,1.0014,13275903.5499
USDC,2022-05-14 22:00:00+00:00,1.0014,13270658.5914
USDC,2022-05-14 23:00:00+00:00,1.0014,17195794.9475
USDC,2022-05-15 00:00:00+00:00,1.0015,7223577.0682
USDC,2022-05-15 01:00:00+00:00,1.0016,7622638.0621
USDC,2022-05-15 02:00:00+00:00,1.0015,9744370.541
USDC,2022-05-15 03:00:00+00:00,1.0015,7740611.6984
USDC,2022-05-15 04:00:00+00:00,1.0015,6246501.3381
USDC,2022-05-15 05:00:00+00:00,1.0015,9473601.2213
USDC,2022-05-15 06:00:00+00:00,1.0014,8376149.7102
USDC,2022-05-15 07:00:00+00:00,1.0014,21081259.6769
USDC,2022-05-15 08:00:00+00:00,1.0013,10465832.941
USDC,2022-05-15 09:00:00+00:00,1.0013,15499534.9479
USDC,2022-05-15 10:00:00+00:00,1.0014,12366639.0058
USDC,2022-05-15 11:00:00+00:00,1.0013,9352318.7133
USDC,2022-05-15 12:00:00+00:00,1.0012,10524863.5925
USDC,2022-05-15 13:00:00+00:00,1.0013,10132686.1747
USDC,2022-05-15 14:00:00+00:00,1.0014,19051772.1314
USDC,2022-05-15 15:00:00+00:00,1.0013,10668998.0588
USDC,2022-05-15 16:00:00+00:00,1.0014,6843599.4259
USDC,2022-05-15 17:00:00+00:00,1.0013,6837037.7607
USDC,2022-05-15 18:00:00+00:00,1.0013,8544654.3079
USDC,2022-05-15 19:00:00+00:00,1.0012,6935725.9779
USDC,2022-05-15 20:00:00+00:00,1.0014,16813515.683
USDC,2022-05-15 21:00:00+00:00,1.0011,20247016.0401
USDC,2022-05-15 22:00:00+00:00,1.0012,14111044.9734
USDC,2022-05-15 23:00:00+00:00,1.0012,8998621.4036
USDC,2022-05-16 00:00:00+00:00,1.0013,8550337.4134
USDC,2022-05-16 01:00:00+00:00,1.0012,8986461.3398
USDC,2022-05-16 02:00:00+00:00,1.0012,8933903.9103
USDC,2022-05-16 03:00:00+00:00,1.0012,8456577.1864
USDC,2022-05-16 04:00:00+00:00,1.0014,14841364.9537
USDC,2022-05-16 05:00:00+00:00,1.0014,7348255.2349
USDC,2022-05-16 06:00:00+00:00,1.0012,23930405.5893
USDC,2022-05-16 07:00:00+00:00,1.0012,25317195.2042
USDC,2022-05-16 08:00:00+00:00,1.0011,10652857.2748
USDC,2022-05-16 09:00:00+00:00,1.0011,26209172.3984
USDC,2022-05-16 10:00:00+00:00,1.0012,12269388.9815
USDC,2022-05-16 11:00:00+00:00,1.0011,8907453.5659
USDC,2022-05-16 12:00:00+00:00,1.0011,28556551.8236
USDC,2022-05-16 13:00:00+00:00,1.0011,16089545.3573
USDC,2022-05-16 14:00:00+00:00,1.0012,15379348.2397
USDC,2022-05-16 15:00:00+00:00,1.0013,51042479.0284
USDC,2022-05-16 16:00:00+00:00,1.0014,51984125.2274
USDC,2022-05-16 17:00:00+00:00,1.0014,21780626.6686
USDC,2022-05-16 18:00:00+00:00,1.0014,9716861.0928
USDC,2022-05-16 19:00:00+00:00,1.0013,12501730.2121
USDC,2022-05-16 20:00:00+00:00,1.0013,4454923.8317
USDC,2022-05-16 21:00:00+00:00,1.0012,5992554.5226
USDC,2022-05-16 22:00:00+00:00,1.0014,6441009.7382
USDC,2022-05-16 23:00:00+00:00,1.0013,4178647.0828
USDC,2022-05-17 00:00:00+00:00,1.0014,7726299.7373
USDC,2022-05-17 01:00:00+00:00,1.0014,6973769.9253
USDC,2022-05-17 02:00:00+00:00,1.0015,4641997.2824
USDC,2022-05-17 03:00:00+00:00,1.0014,7792282.3821
USDC,2022-05-17 04:00:00+00:00,1.0014,7180488.4416
USDC,2022-05-17 05:00:00+00:00,1.0015,6279282.6926
USDC,2022-05-17 06:00:00+00:00,1.0015,9921139.2595
USDC,2022-05-17 07:00:00+00:00,1.0014,12841216.0296
USDC,2022-05-17 08:00:00+00:00,1.0014,12146161.0231
USDC,2022-05-17 09:00:00+00:00,1.0013,10812963.2975
USDC,2022-05-17 10:00:00+00:00,1.0012,8958390.4918
USDC,2022-05-17 11:00:00+00:00,1.0013,7263335.0256
USDC,2022-05-17 12:00:00+00:00,1.0012,10468150.8205
USDC,2022-05-17 13:00:00+00:00,1.0011,16334687.6979
USDC,2022-05-17 14:00:00+00:00,1.0012,16416737.7452
USDC,2022-05-17 15:00:00+00:00,1.0013,26982489.4541
USDC,2022-05-17 16:00:00+00:00,1.0013,11255982.2469
USDC,2022-05-17 17:00:00+00:00,1.0013,10574862.2884
USDC,2022-05-17 18:00:00+00:00,1.0013,17420152.623
USDC,2022-05-17 19:00:00+00:00,1.0012,12739728.2232
USDC,2022-05-17 20:00:00+00:00,1.0012,20759844.4713
USDC,2022-05-17 21:00:00+00:00,1.0012,14745243.7521
USDC,2022-05-17 22:00:00+00:00,1.0012,10521632.0355
USDC,2022-05-17 23:00:00+00:00,1.0011,5090202.2576
USDC,2022-05-18 00:00:00+00:00,1.0012,6301347.5276
USDC,2022-05-18 01:00:00+00:00,1.0012,5870385.0337
USDC,2022-05-18 02:00:00+00:00,1.0012,9491327.9463
USDC,2022-05-18 03:00:00+00:00,1.0012,11224887.7365
USDC,2022-05-18 04:00:00+00:00,1.0013,8602408.6067
USDC,2022-05-18 05:00:00+00:00,1.0012,6059511.4572
USDC,2022-05-18 06:00:00+00:00,1.0013,6325925.833
USDC,2022-05-18 07:00:00+00:00,1.0013,11210822.3419
USDC,2022-05-18 08:00:00+00:00,1.0011,6725404.4737
USDC,2022-05-18 09:00:00+00:00,1.0011,12264105.1246
USDC,2022-05-18 10:00:00+00:00,1.0012,18144676.1366
USDC,2022-05-18 11:00:00+00:00,1.001,34119147.2397
USDC,2022-05-18 12:00:00+00:00,1.0011,36547875.1584
USDC,2022-05-18 13:00:00+00:00,1.0014,39512777.5122
USDC,2022-05-18 14:00:00+00:00,1.0014,17609378.8352
USDC,2022-05-18 15:00:00+00:00,1.0013,31920905.7844
USDC,2022-05-18 16:00:00+00:00,1.0015,19051813.3914
USDC,2022-05-18 17:00:00+00:00,1.0014,19189812.6253
USDC,2022-05-18 18:00:00+00:00,1.0013,16271206.9787
USDC,2022-05-18 19:00:00+00:00,1.0014,32192230.4121
USDC,2022-05-18 20:00:00+00:00,1.0013,16633983.6013
USDC,2022-05-18 21:00:00+00:00,1.0014,6291512.9864
USDC,2022-05-18 22:00:00+00:00,1.0014,13477342.9508
USDC,2022-05-18 23:00:00+00:00,1.0015,20424844.864
USDC,2022-05-19 00:00:00+00:00,1.0015,6912996.7937
USDC,2022-05-19 01:00:00+00:00,1.0015,13590248.0258
USDC,2022-05-19 02:00:00+00:00,1.0015,8628551.836
USDC,2022-05-19 03:00:00+00:00,1.0012,83189795.1118
USDC,2022-05-19 04:00:00+00:00,1.0014,25114099.8761
USDC,2022-05-19 05:00:00+00:00,1.0013,20613632.7336
USDC,2022-05-19 06:00:00+00:00,1.0013,30366822.7765
USDC,2022-05-19 07:00:00+00:00,1.0012,20821620.8002
USDC,2022-05-19 08:00:00+00:00,1.0012,14786354.1372
USDC,2022-05-19 09:00:00+00:00,1.0013,29908854.7482
USDC,2022-05-19 10:00:00+00:00,1.0013,20280723.3086
USDC,2022-05-19 11:00:00+00:00,1.0012,30753959.2269
USDC,2022-05-19 12:00:00+00:00,1.0012,58861337.0875
USDC,2022-05-19 13:00:00+00:00,1.0011,61812685.5302
USDC,2022-05-19 14:00:00+00:00,1.0012,33325650.6202
USDC,2022-05-19 15:00:00+00:00,1.0011,36282798.3955
USDC,2022-05-19 16:00:00+00:00,1.0011,14363172.4652
USDC,2022-05-19 17:00:00+00:00,1.001,10296805.1362
USDC,2022-05-19 18:00:00+00:00,1.0011,11024264.6585
USDC,2022-05-19 19:00:00+00:00,1.0011,28076501.1921
USDC,2022-05-19 20:00:00+00:00,1.0012,14971419.9727
USDC,2022-05-19 21:00:00+00:00,1.0011,11031584.7723
USDC,2022-05-19 22:00:00+00:00,1.0012,4953718.0066
USDC,2022-05-19 23:00:00+00:00,1.0011,14448484.9469
USDC,2022-05-20 00:00:00+00:00,1.0011,6388208.8902
USDC,2022-05-20 01:00:00+00:00,1.0012,13814583.1782
USDC,2022-05-20 02:00:00+00:00,1.0012,12681666.8786
USDC,2022-05-20 03:00:00+00:00,1.0012,13867717.5606
USDC,2022-05-20 04:00:00+00:00,1.0011,13035215.6817
USDC,2022-05-20 05:00:00+00:00,1.0011,13923910.1644
USDC,2022-05-20 06:00:00+00:00,1.0011,9682958.2243
USDC,2022-05-20 07:00:00+00:00,1.0009,56851910.8102
USDC,2022-05-20 08:00:00+00:00,1.0008,53630953.1021
USDC,2022-05-20 09:00:00+00:00,1.0008,44499442.2659
USDC,2022-05-20 10:00:00+00:00,1.0008,8982687.9489
USDC,2022-05-20 11:00:00+00:00,1.0007,11302231.3827
USDC,2022-05-20 12:00:00+00:00,1.0008,15442691.045
USDC,2022-05-20 13:00:00+00:00,1.0009,13898872.3265
USDC,2022-05-20 14:00:00+00:00,1.0009,11670088.5452
USDC,2022-05-20 15:00:00+00:00,1.0011,40774921.8649
USDC,2022-05-20 16:00:00+00:00,1.0013,20572966.1787
USDC,2022-05-20 17:00:00+00:00,1.0013,13214676.4877
USDC,2022-05-20 18:00:00+00:00,1.0013,23957359.2376
USDC,2022-05-20 19:00:00+00:00,1.0013,6593709.7452
USDC,2022-05-20 20:00:00+00:00,1.0013,8538688.1326
USDC,2022-05-20 21:00:00+00:00,1.0012,4727795.2076
USDC,2022-05-20 22:00:00+00:00,1.0013,2324079.4742
USDC,2022-05-20 23:00:00+00:00,1.0013,6933076.924
USDC,2022-05-21 00:00:00+00:00,1.0013,4588316.9731
USDC,2022-05-21 01:00:00+00:00,1.0014,11629926.5512
USDC,2022-05-21 02:00:00+00:00,1.0013,7522202.811
USDC,2022-05-21 03:00:00+00:00,1.0013,5536554.0434
USDC,2022-05-21 04:00:00+00:00,1.0014,3427331.0075
USDC,2022-05-21 05:00:00+00:00,1.0014,4372741.715
USDC,2022-05-21 06:00:00+00:00,1.0013,4112910.1793
USDC,2022-05-21 07:00:00+00:00,1.0013,5278348.551
USDC,2022-05-21 08:00:00+00:00,1.0014,4600614.8236
USDC,2022-05-21 09:00:00+00:00,1.0014,3344360.8865
USDC,2022-05-21 10:00:00+00:00,1.0014,3323753.0135
USDC,2022-05-21 11:00:00+00:00,1.0013,6064374.3655
USDC,2022-05-21 12:00:00+00:00,1.0013,4181323.7404
USDC,2022-05-21 13:00:00+00:00,1.0013,11086959.7918
USDC,2022-05-21 14:00:00+00:00,1.0013,7406692.2772
USDC,2022-05-21 15:00:00+00:00,1.0013,19561577.6018
USDC,2022-05-21 16:00:00+00:00,1.0013,8414754.337
USDC,2022-05-21 17:00:00+00:00,1.0013,8928432.7649
USDC,2022-05-21 18:00:00+00:00,1.0013,5794899.9601
USDC,2022-05-21 19:00:00+00:00,1.0014,7000925.2441
USDC,2022-05-21 20:00:00+00:00,1.0013,4330218.8612
USDC,2022-05-21 21:00:00+00:00,1.0013,4318909.5215
USDC,2022-05-21 22:00:00+00:00,1.0014,7456354.9696
USDC,2022-05-21 23:00:00+00:00,1.0014,2011011.7137
USDC,2022-05-22 00:00:00+00:00,1.0014,3631866.8364
USDC,2022-05-22 01:00:00+00:00,1.0014,3573674.5519
USDC,2022-05-22 02:00:00+00:00,1.0015,14240901.6449
USDC,2022-05-22 03:00:00+00:00,1.0015,21354104.1933
USDC,2022-05-22 04:00:00+00:00,1.0014,6425262.5244
USDC,2022-05-22 05:00:00+00:00,1.0013,7903417.2598
USDC,2022-05-22 06:00:00+00:00,1.0015,6936460.852
USDC,2022-05-22 07:00:00+00:00,1.0014,10938704.9115
USDC,2022-05-22 08:00:00+00:00,1.0014,14541490.7399
USDC,2022-05-22 09:00:00+00:00,1.0013,11637358.6282
USDC,2022-05-22 10:00:00+00:00,1.0012,7661858.244
USDC,2022-05-22 11:00:00+00:00,1.0013,10462887.1621
USDC,2022-05-22 12:00:00+00:00,1.0013,19156886.3256
USDC,2022-05-22 13:00:00+00:00,1.0012,11396885.7342
USDC,2022-05-22 14:00:00+00:00,1.0013,10370731.2868
USDC,2022-05-22 15:00:00+00:00,1.0013,6709603.3126
USDC,2022-05-22 16:00:00+00:00,1.0012,7106375.3763
USDC,2022-05-22 17:00:00+00:00,1.0012,7992294.6639
USDC,2022-05-22 18:00:00+00:00,1.0011,9389150.6719
USDC,2022-05-22 19:00:00+00:00,1.0012,3105706.5065
USDC,2022-05-22 20:00:00+00:00,1.0012,6200239.7984
USDC,2022-05-22 21:00:00+00:00,1.0012,5525185.7071
USDC,2022-05-22 22:00:00+00:00,1.0011,8864993.0663
USDC,2022-05-22 23:00:00+00:00,1.001,3742303.5227
USDC,2022-05-23 00:00:00+00:00,1.0011,10246239.8491
USDC,2022-05-23 01:00:00+00:00,1.001,11823640.967
USDC,2022-05-23 02:00:00+00:00,1.001,5415333.789
USDC,2022-05-23 03:00:00+00:00,1.0011,5995716.7038
USDC,2022-05-23 04:00:00+00:00,1.001,11790670.089
USDC,2022-05-23 05:00:00+00:00,1.001,27092508.3003
USDC,2022-05-23 06:00:00+00:00,1.001,20031895.4383
USDC,2022-05-23 07:00:00+00:00,1.0009,29552756.3731
USDC,2022-05-23 08:00:00+00:00,1.001,11164079.8101
USDC,2022-05-23 09:00:00+00:00,1.0009,13189653.1339
USDC,2022-05-23 10:00:00+00:00,1.001,15392904.0347
USDC,2022-05-23 11:00:00+00:00,1.0009,38394567.5262
USDC,2022-05-23 12:00:00+00:00,1.0011,30393683.7073
USDC,2022-05-23 13:00:00+00:00,1.0009,35674105.3006
USDC,2022-05-23 14:00:00+00:00,1.0011,41666028.4963
USDC,2022-05-23 15:00:00+00:00,1.001,20623251.4152
USDC,2022-05-23 16:00:00+00:00,1.0011,8977339.2216
USDC,2022-05-23 17:00:00+00:00,1.0011,5782251.6142
USDC,2022-05-23 18:00:00+00:00,1.001,6208850.6449
USDC,2022-05-23 19:00:00+00:00,1.0011,23693104.4123
USDC,2022-05-23 20:00:00+00:00,1.001,9437610.7316
USDC,2022-05-23 21:00:00+00:00,1.001,6985397.0188
USDC,2022-05-23 22:00:00+00:00,1.0011,7009862.4589
USDC,2022-05-23 23:00:00+00:00,1.0011,11168890.456
USDC,2022-05-24 00:00:00+00:00,1.0013,10994053.2517
USDC,2022-05-24 01:00:00+00:00,1.0011,11744642.3163
USDC,2022-05-24 02:00:00+00:00,1.0011,5441713.3053
USDC,2022-05-24 03:00:00+00:00,1.0012,9313589.7833
USDC,2022-05-24 04:00:00+00:00,1.0012,6248626.6162
USDC,2022-05-24 05:00:00+00:00,1.0011,5422456.1533
USDC,2022-05-24 06:00:00+00:00,1.0011,7603851.2405
USDC,2022-05-24 07:00:00+00:00,1.0012,9090739.808
USDC,2022-05-24 08:00:00+00:00,1.0012,10610968.096
USDC,2022-05-24 09:00:00+00:00,1.0011,6676057.7416
USDC,2022-05-24 10:00:00+00:00,1.0012,22724462.0768
USDC,2022-05-24 11:00:00+00:00,1.0011,13528778.1451
USDC,2022-05-24 12:00:00+00:00,1.0011,11715136.1155
USDC,2022-05-24 13:00:00+00:00,1.0011,10595165.0921
USDC,2022-05-24 14:00:00+00:00,1.0012,15466230.5749
USDC,2022-05-24 15:00:00+00:00,1.001,11671691.6162
USDC,2022-05-24 16:00:00+00:00,1.001,10796020.7684
USDC,2022-05-24 17:00:00+00:00,1.001,6081009.293
USDC,2022-05-24 18:00:00+00:00,1.0011,6649826.6116
USDC,2022-05-24 19:00:00+00:00,1.001,14092113.9847
USDC,2022-05-24 20:00:00+00:00,1.0011,5436827.9739
USDC,2022-05-24 21:00:00+00:00,1.0011,5010112.3955
USDC,2022-05-24 22:00:00+00:00,1.001,5774375.9315
USDC,2022-05-24 23:00:00+00:00,1.0011,5021231.7831
USDC,2022-05-25 00:00:00+00:00,1.0011,4166390.4371
USDC,2022-05-25 01:00:00+00:00,1.0011,10301646.8953
USDC,2022-05-25 02:00:00+00:00,1.0012,13062205.3445
USDC,2022-05-25 03:00:00+00:00,1.0011,8226097.6516
USDC,2022-05-25 04:00:00+00:00,1.0012,5509764.6447
USDC,2022-05-25 05:00:00+00:00,1.0011,10557880.2495
USDC,2022-05-25 06:00:00+00:00,1.0012,12009058.0471
USDC,2022-05-25 07:00:00+00:00,1.0012,4653252.2987
USDC,2022-05-25 08:00:00+00:00,1.0011,11042794.1828
USDC,2022-05-25 09:00:00+00:00,1.0011,15417898.3734
USDC,2022-05-25 10:00:00+00:00,1.0011,6327600.8955
USDC,2022-05-25 11:00:00+00:00,1.0011,8985257.9132
USDC,2022-05-25 12:00:00+00:00,1.0011,10596297.2459
USDC,2022-05-25 13:00:00+00:00,1.0012,19021528.2491
USDC,2022-05-25 14:00:00+00:00,1.0011,17876288.7268
USDC,2022-05-25 15:00:00+00:00,1.0012,9614573.6961
USDC,2022-05-25 16:00:00+00:00,1.0011,8443146.7024
USDC,2022-05-25 17:00:00+00:00,1.0011,5714362.2105
USDC,2022-05-25 18:00:00+00:00,1.0011,15474501.2072
USDC,2022-05-25 19:00:00+00:00,1.0011,12621858.8555
USDC,2022-05-25 20:00:00+00:00,1.001,7224042.3273
USDC,2022-05-25 21:00:00+00:00,1.0011,3886431.669
USDC,2022-05-25 22:00:00+00:00,1.001,3551267.4733
USDC,2022-05-25 23:00:00+00:00,1.001,4198545.7214
USDC,2022-05-26 00:00:00+00:00,1.001,6180027.2704
USDC,2022-05-26 01:00:00+00:00,1.001,4898874.0408
USDC,2022-05-26 02:00:00+00:00,1.0011,16629636.2531
USDC,2022-05-26 03:00:00+00:00,1.001,11184345.183
USDC,2022-05-26 04:00:00+00:00,1.0011,8741825.626
USDC,2022-05-26 05:00:00+00:00,1.0013,30213632.8725
USDC,2022-05-26 06:00:00+00:00,1.0012,34245784.2541
USDC,2022-05-26 07:00:00+00:00,1.0011,15379775.1688
USDC,2022-05-26 08:00:00+00:00,1.0011,35695112.3557
USDC,2022-05-26 09:00:00+00:00,1.0012,23599538.8083
USDC,2022-05-26 10:00:00+00:00,1.0012,16509301.4135
USDC,2022-05-26 11:00:00+00:00,1.0012,24472535.9556
USDC,2022-05-26 12:00:00+00:00,1.0011,14468322.0597
USDC,2022-05-26 13:00:00+00:00,1.0011,43787811.4653
USDC,2022-05-26 14:00:00+00:00,1.001,37096881.6769
USDC,2022-05-26 15:00:00+00:00,1.001,18148537.0839
USDC,2022-05-26 16:00:00+00:00,1.001,16934076.3048
USDC,2022-05-26 17:00:00+00:00,1.001,9663279.9778
USDC,2022-05-26 18:00:00+00:00,1.001,7737663.3147
USDC,2022-05-26 19:00:00+00:00,1.0011,10313181.4989
USDC,2022-05-26 20:00:00+00:00,1.001,7845436.5983
USDC,2022-05-26 21:00:00+00:00,1.0011,13957894.7052
USDC,2022-05-26 22:00:00+00:00,1.0012,4111659.02
USDC,2022-05-26 23:00:00+00:00,1.0012,26858139.3879
USDC,2022-05-27 00:00:00+00:00,1.0011,16600976.4252
USDC,2022-05-27 01:00:00+00:00,1.0011,12197173.934
USDC,2022-05-27 02:00:00+00:00,1.0012,9438937.6856
USDC,2022-05-27 03:00:00+00:00,1.001,25432549.208
USDC,2022-05-27 04:00:00+00:00,1.001,13368809.0124
USDC,2022-05-27 05:00:00+00:00,1.0012,31020588.9385
USDC,2022-05-27 06:00:00+00:00,1.0011,14675185.3343
USDC,2022-05-27 07:00:00+00:00,1.0012,12252240.3715
USDC,2022-05-27 08:00:00+00:00,1.0011,9138062.8765
USDC,2022-05-27 09:00:00+00:00,1.0012,7964006.998
USDC,2022-05-27 10:00:00+00:00,1.0012,8102549.1236
USDC,2022-05-27 11:00:00+00:00,1.0011,16385536.6106
USDC,2022-05-27 12:00:00+00:00,1.0011,33740828.1417
USDC,2022-05-27 13:00:00+00:00,1.001,15555255.3079
USDC,2022-05-27 14:00:00+00:00,1.0011,7227658.5625
USDC,2022-05-27 15:00:00+00:00,1.0011,12781620.4275
USDC,2022-05-27 16:00:00+00:00,1.0012,6014705.6069
USDC,2022-05-27 17:00:00+00:00,1.0012,8812996.9129
USDC,2022-05-27 18:00:00+00:00,1.0012,15149845.8482
USDC,2022-05-27 19:00:00+00:00,1.0012,19821176.3555
USDC,2022-05-27 20:00:00+00:00,1.0012,11438904.8017
USDC,2022-05-27 21:00:00+00:00,1.0011,6257124.8805
USDC,2022-05-27 22:00:00+00:00,1.0011,8985779.9375
USDC,2022-05-27 23:00:00+00:00,1.0013,11421774.143
USDC,2022-05-28 00:00:00+00:00,1.0012,6794089.9382
USDC,2022-05-28 01:00:00+00:00,1.0012,6724474.6246
USDC,2022-05-28 02:00:00+00:00,1.0012,2982363.5828
USDC,2022-05-28 03:00:00+00:00,1.0011,44589545.5919
USDC,2022-05-28 04:00:00+00:00,1.0011,5347581.1219
USDC,2022-05-28 05:00:00+00:00,1.0012,3031221.3545
USDC,2022-05-28 06:00:00+00:00,1.0011,7118890.0654
USDC,2022-05-28 07:00:00+00:00,1.0011,5533594.0895
USDC,2022-05-28 08:00:00+00:00,1.0011,12357860.3939
USDC,2022-05-28 09:00:00+00:00,1.001,6522123.4228
USDC,2022-05-28 10:00:00+00:00,1.0011,3087131.5287
USDC,2022-05-28 11:00:00+00:00,1.0011,5474756.4133
USDC,2022-05-28 12:00:00+00:00,1.001,3725961.6201
USDC,2022-05-28 13:00:00+00:00,1.001,11910225.5263
USDC,2022-05-28 14:00:00+00:00,1.001,5686221.6381
USDC,2022-05-28 15:00:00+00:00,1.001,5099420.1787
USDC,2022-05-28 16:00:00+00:00,1.001,22007224.9121
USDC,2022-05-28 17:00:00+00:00,1.0011,14048558.2298
USDC,2022-05-28 18:00:00+00:00,1.0011,4539616.0714
USDC,2022-05-28 19:00:00+00:00,1.0011,4487699.6244
USDC,2022-05-28 20:00:00+00:00,1.0011,3026788.2604
USDC,2022-05-28 21:00:00+00:00,1.0011,1903104.3776
USDC,2022-05-28 22:00:00+00:00,1.0011,1619798.7745
USDC,2022-05-28 23:00:00+00:00,1.0011,2817526.3057
USDC,2022-05-29 00:00:00+00:00,1.0012,1754352.9369
USDC,2022-05-29 01:00:00+00:00,1.0012,2737173.5491
USDC,2022-05-29 02:00:00+00:00,1.0011,22367532.0357
USDC,2022-05-29 03:00:00+00:00,1.0011,7000187.4245
USDC,2022-05-29 04:00:00+00:00,1.001,2799002.2862
USDC,2022-05-29 05:00:00+00:00,1.001,1903712.4322
USDC,2022-05-29 06:00:00+00:00,1.001,2060177.8634
USDC,2022-05-29 07:00:00+00:00,1.0011,5692971.7265
USDC,2022-05-29 08:00:00+00:00,1.001,5281808.3171
USDC,2022-05-29 09:00:00+00:00,1.001,3701849.4854
USDC,2022-05-29 10:00:00+00:00,1.001,10811304.5789
USDC,2022-05-29 11:00:00+00:00,1.001,5865364.7546
USDC,2022-05-29 12:00:00+00:00,1.0009,23627603.6443
USDC,2022-05-29 13:00:00+00:00,1.001,12241162.1319
USDC,2022-05-29 14:00:00+00:00,1.001,3380860.954
USDC,2022-05-29 15:00:00+00:00,1.001,4076902.1351
USDC,2022-05-29 16:00:00+00:00,1.001,7209123.8571
USDC,2022-05-29 17:00:00+00:00,1.001,5332526.591
USDC,2022-05-29 18:00:00+00:00,1.001,3563759.4331
USDC,2022-05-29 19:00:00+00:00,1.0011,6968916.562
USDC,2022-05-29 20:00:00+00:00,1.001,2502400.3621
USDC,2022-05-29 21:00:00+00:00,1.001,2556642.9894
USDC,2022-05-29 22:00:00+00:00,1.001,3133318.8391
USDC,2022-05-29 23:00:00+00:00,1.001,2417061.0572
USDC,2022-05-30 00:00:00+00:00,1.0011,2126826.1423
USDC,2022-05-30 01:00:00+00:00,1.001,6134916.4343
USDC,2022-05-30 02:00:00+00:00,1.001,23306452.2942
USDC,2022-05-30 03:00:00+00:00,1.001,23452080.9457
USDC,2022-05-30 04:00:00+00:00,1.001,7383059.3262
USDC,2022-05-30 05:00:00+00:00,1.0009,16815276.7524
USDC,2022-05-30 06:00:00+00:00,1.0009,11148845.263
USDC,2022-05-30 07:00:00+00:00,1.0009,16041528.7092
USDC,2022-05-30 08:00:00+00:00,1.0008,11958080.1139
USDC,2022-05-30 09:00:00+00:00,1.0007,11716246.9227
USDC,2022-05-30 10:00:00+00:00,1.0007,6073730.9511
USDC,2022-05-30 11:00:00+00:00,1.0007,16239924.8561
USDC,2022-05-30 12:00:00+00:00,1.0007,20903029.7947
USDC,2022-05-30 13:00:00+00:00,1.0006,18371805.4945
USDC,2022-05-30 14:00:00+00:00,1.0007,16892635.1533
USDC,2022-05-30 15:00:00+00:00,1.0008,4366056.3189
USDC,2022-05-30 16:00:00+00:00,1.0008,14086084.3779
USDC,2022-05-30 17:00:00+00:00,1.0007,18914129.4342
USDC,2022-05-30 18:00:00+00:00,1.0007,3959145.3475
USDC,2022-05-30 19:00:00+00:00,1.0007,5925284.0145
USDC,2022-05-30 20:00:00+00:00,1.0008,12328896.1106
USDC,2022-05-30 21:00:00+00:00,1.0007,42389999.9221
USDC,2022-05-30 22:00:00+00:00,1.0007,21024632.6788
USDC,2022-05-30 23:00:00+00:00,1.0008,5251025.7508
USDC,2022-05-31 00:00:00+00:00,1.0007,7369372.3401
USDC,2022-05-31 01:00:00+00:00,1.0007,6298758.1895
USDC,2022-05-31 02:00:00+00:00,1.0006,6778301.9124
USDC,2022-05-31 03:00:00+00:00,1.0006,8975667.7464
USDC,2022-05-31 04:00:00+00:00,1.0007,13417003.0104
USDC,2022-05-31 05:00:00+00:00,1.0007,10131044.8314
USDC,2022-05-31 06:00:00+00:00,1.0008,29908624.3639
USDC,2022-05-31 07:00:00+00:00,1.0008,14820752.5667
USDC,2022-05-31 08:00:00+00:00,1.0007,26155556.7727
USDC,2022-05-31 09:00:00+00:00,1.0006,24851034.1125
USDC,2022-05-31 10:00:00+00:00,1.0007,19218418.0622
USDC,2022-05-31 11:00:00+00:00,1.0007,12067459.881
USDC,2022-05-31 12:00:00+00:00,1.0008,10941415.7493
USDC,2022-05-31 13:00:00+00:00,1.0008,14059956.5754
USDC,2022-05-31 14:00:00+00:00,1.0008,13843002.093
USDC,2022-05-31 15:00:00+00:00,1.0008,16421516.3528
USDC,2022-05-31 16:00:00+00:00,1.0008,23472721.5668
USDC,2022-05-31 17:00:00+00:00,1.0007,6531060.1217
USDC,2022-05-31 18:00:00+00:00,1.0007,5884044.6746
USDC,2022-05-31 19:00:00+00:00,1.0008,5083064.9347
USDC,2022-05-31 20:00:00+00:00,1.0008,5141252.8981
USDC,2022-05-31 21:00:00+00:00,1.0008,4068604.448
USDC,2022-05-31 22:00:00+00:00,1.0008,3101564.5704
USDC,2022-05-31 23:00:00+00:00,1.0008,4298580.9494
USDC,2022-06-01 00:00:00+00:00,1.0007,12007824.5611
USDC,2022-06-01 01:00:00+00:00,1.0008,14694404.7735
USDC,2022-06-01 02:00:00+00:00,1.0007,4657621.0608
USDC,2022-06-01 03:00:00+00:00,1.0008,3872122.7595
USDC,2022-06-01 04:00:00+00:00,1.0008,7266953.8372
USDC,2022-06-01 05:00:00+00:00,1.0007,9183080.8906
USDC,2022-06-01 06:00:00+00:00,1.0007,3005890.441
USDC,2022-06-01 07:00:00+00:00,1.0007,8583845.5101
USDC,2022-06-01 08:00:00+00:00,1.0008,24234522.7181
USDC,2022-06-01 09:00:00+00:00,1.0008,6345172.6638
USDC,2022-06-01 10:00:00+00:00,1.0008,20321915.88
USDC,2022-06-01 11:00:00+00:00,1.0008,32402718.8457
USDC,2022-06-01 12:00:00+00:00,1.0009,30188267.6682
USDC,2022-06-01 13:00:00+00:00,1.001,36844851.615
USDC,2022-06-01 14:00:00+00:00,1.0009,17862421.3441
USDC,2022-06-01 15:00:00+00:00,1.001,16332278.9537
USDC,2022-06-01 16:00:00+00:00,1.001,15179256.9423
USDC,2022-06-01 17:00:00+00:00,1.0011,18785984.1118
USDC,2022-06-01 18:00:00+00:00,1.0011,11392274.5566
USDC,2022-06-01 19:00:00+00:00,1.0012,12539769.6119
USDC,2022-06-01 20:00:00+00:00,1.0009,29957620.4701
USDC,2022-06-01 21:00:00+00:00,1.0009,5830682.2577
USDC,2022-06-01 22:00:00+00:00,1.0009,8332794.2661
USDC,2022-06-01 23:00:00+00:00,1.0009,7665461.5793
USDC,2022-06-02 00:00:00+00:00,1.0009,6996051.6313
USDC,2022-06-02 01:00:00+00:00,1.001,5302963.4521
USDC,2022-06-02 02:00:00+00:00,1.0009,9493118.2596
USDC,2022-06-02 03:00:00+00:00,1.001,27664408.8474
USDC,2022-06-02 04:00:00+00:00,1.0009,15269634.4802
USDC,2022-06-02 05:00:00+00:00,1.0008,6087227.7457
USDC,2022-06-02 06:00:00+00:00,1.0009,7513506.1982
USDC,2022-06-02 07:00:00+00:00,1.0009,7629271.793
USDC,2022-06-02 08:00:00+00:00,1.0008,5448296.4164
USDC,2022-06-02 09:00:00+00:00,1.0009,6868799.7587
USDC,2022-06-02 10:00:00+00:00,1.0009,8111454.5502
USDC,2022-06-02 11:00:00+00:00,1.0009,6110475.7695
USDC,2022-06-02 12:00:00+00:00,1.0008,6842442.253
USDC,2022-06-02 13:00:00+00:00,1.0008,11937731.3357
USDC,2022-06-02 14:00:00+00:00,1.0008,9618483.0657
USDC,2022-06-02 15:00:00+00:00,1.0008,7286334.3315
USDC,2022-06-02 16:00:00+00:00,1.0009,10699917.1724
USDC,2022-06-02 17:00:00+00:00,1.0008,12006310.4666
USDC,2022-06-02 18:00:00+00:00,1.0008,9275782.4133
USDC,2022-06-02 19:00:00+00:00,1.0008,10773965.0373
USDC,2022-06-02 20:00:00+00:00,1.0008,13307270.1435
USDC,2022-06-02 21:00:00+00:00,1.0009,2965647.6854
USDC,2022-06-02 22:00:00+00:00,1.0008,6567841.8294
USDC,2022-06-02 23:00:00+00:00,1.0007,12975973.6031
USDC,2022-06-03 00:00:00+00:00,1.0008,2344947.1527
USDC,2022-06-03 01:00:00+00:00,1.0008,2591582.1143
USDC,2022-06-03 02:00:00+00:00,1.0008,3450986.1877
USDC,2022-06-03 03:00:00+00:00,1.0007,4657449.5244
USDC,2022-06-03 04:00:00+00:00,1.0008,5476498.6495
USDC,2022-06-03 05:00:00+00:00,1.0008,2045372.7645
USDC,2022-06-03 06:00:00+00:00,1.0008,3790119.9432
USDC,2022-06-03 07:00:00+00:00,1.0007,6341716.3229
USDC,2022-06-03 08:00:00+00:00,1.0007,6626767.8984
USDC,2022-06-03 09:00:00+00:00,1.0008,15964165.1894
USDC,2022-06-03 10:00:00+00:00,1.0008,10858401.7743
USDC,2022-06-03 11:00:00+00:00,1.0008,12463962.4787
USDC,2022-06-03 12:00:00+00:00,1.0007,18269654.594
USDC,2022-06-03 13:00:00+00:00,1.0009,19673781.6963
USDC,2022-06-03 14:00:00+00:00,1.0009,14251467.0101
USDC,2022-06-03 15:00:00+00:00,1.0009,8767684.8679
USDC,2022-06-03 16:00:00+00:00,1.001,13322097.3798
USDC,2022-06-03 17:00:00+00:00,1.001,10328386.0727
USDC,2022-06-03 18:00:00+00:00,1.0009,5118161.3058
USDC,2022-06-03 19:00:00+00:00,1.001,7982056.6393
USDC,2022-06-03 20:00:00+00:00,1.001,3152842.1758
USDC,2022-06-03 21:00:00+00:00,1.001,6457718.8113
USDC,2022-06-03 22:00:00+00:00,1.001,3948176.8073
USDC,2022-06-03 23:00:00+00:00,1.001,2638043.6987
USDC,2022-06-04 00:00:00+00:00,1.0011,2359782.0449
USDC,2022-06-04 01:00:00+00:00,1.0011,19205138.1031
USDC,2022-06-04 02:00:00+00:00,1.001,4616012.807
USDC,2022-06-04 03:00:00+00:00,1.001,2229474.6732
USDC,2022-06-04 04:00:00+00:00,1.001,3132705.9825
USDC,2022-06-04 05:00:00+00:00,1.0011,5391084.7437
USDC,2022-06-04 06:00:00+00:00,1.001,3035682.082
USDC,2022-06-04 07:00:00+00:00,1.0009,6611389.9787
USDC,2022-06-04 08:00:00+00:00,1.001,6789464.7152
USDC,2022-06-04 09:00:00+00:00,1.001,2482623.5411
USDC,2022-06-04 10:00:00+00:00,1.0009,13132360.5823
USDC,2022-06-04 11:00:00+00:00,1.0009,3096072.9561
USDC,2022-06-04 12:00:00+00:00,1.0009,4132670.8503
USDC,2022-06-04 13:00:00+00:00,1.0009,3900370.3106
USDC,2022-06-04 14:00:00+00:00,1.0008,5056798.1129
USDC,2022-06-04 15:00:00+00:00,1.0009,2397930.1945
USDC,2022-06-04 16:00:00+00:00,1.0008,2293326.7992
USDC,2022-06-04 17:00:00+00:00,1.0009,2171642.7674
USDC,2022-06-04 18:00:00+00:00,1.0008,6369829.8961
USDC,2022-06-04 19:00:00+00:00,1.0008,3607872.0161
USDC,2022-06-04 20:00:00+00:00,1.0009,1844419.5369
USDC,2022-06-04 21:00:00+00:00,1.0009,2501183.6796
USDC,2022-06-04 22:00:00+00:00,1.0009,6584506.4544
USDC,2022-06-04 23:00:00+00:00,1.0009,2084257.1002
USDC,2022-06-05 00:00:00+00:00,1.0008,3583200.5821
USDC,2022-06-05 01:00:00+00:00,1.0008,2483964.2959
USDC,2022-06-05 02:00:00+00:00,1.0008,2176584.9178
USDC,2022-06-05 03:00:00+00:00,1.0009,3980817.2256
USDC,2022-06-05 04:00:00+00:00,1.0008,3209320.8754
USDC,2022-06-05 05:00:00+00:00,1.0008,2888571.1645
USDC,2022-06-05 06:00:00+00:00,1.0009,1894125.8858
USDC,2022-06-05 07:00:00+00:00,1.0009,3748790.047
USDC,2022-06-05 08:00:00+00:00,1.0008,2478931.9238
USDC,2022-06-05 09:00:00+00:00,1.0009,3289443.1672
USDC,2022-06-05 10:00:00+00:00,1.0008,3779419.4496
USDC,2022-06-05 11:00:00+00:00,1.0008,2463625.0372
USDC,2022-06-05 12:00:00+00:00,1.0008,6758543.381
USDC,2022-06-05 13:00:00+00:00,1.0008,20967060.1812
USDC,2022-06-05 14:00:00+00:00,1.0008,2889527.8984
USDC,2022-06-05 15:00:00+00:00,1.0008,6247898.6414
USDC,2022-06-05 16:00:00+00:00,1.0008,9425384.4591
USDC,2022-06-05 17:00:00+00:00,1.0009,4532419.7934
USDC,2022-06-05 18:00:00+00:00,1.0009,3871004.6606
USDC,2022-06-05 19:00:00+00:00,1.001,6458370.2662
USDC,2022-06-05 20:00:00+00:00,1.0009,3916647.8588
USDC,2022-06-05 21:00:00+00:00,1.001,1982587.4522
USDC,2022-06-05 22:00:00+00:00,1.001,3275762.028
USDC,2022-06-05 23:00:00+00:00,1.0009,3030951.2857
USDC,2022-06-06 00:00:00+00:00,1.0009,5896662.9492
USDC,2022-06-06 01:00:00+00:00,1.0009,15553384.8204
USDC,2022-06-06 02:00:00+00:00,1.0007,28992441.4905
USDC,2022-06-06 03:00:00+00:00,1.0008,13367739.2286
USDC,2022-06-06 04:00:00+00:00,1.0009,12390982.2354
USDC,2022-06-06 05:00:00+00:00,1.0008,8038386.9063
USDC,2022-06-06 06:00:00+00:00,1.0008,5783426.4405
USDC,2022-06-06 07:00:00+00:00,1.0008,5652168.3399
USDC,2022-06-06 08:00:00+00:00,1.0008,7026264.6198
USDC,2022-06-06 09:00:00+00:00,1.0009,6461575.302
USDC,2022-06-06 10:00:00+00:00,1.0008,12818435.1363
USDC,2022-06-06 11:00:00+00:00,1.0007,11027938.4674
USDC,2022-06-06 12:00:00+00:00,1.0007,8875019.7032
USDC,2022-06-06 13:00:00+00:00,1.0009,11434355.5007
USDC,2022-06-06 14:00:00+00:00,1.0008,24087858.4993
USDC,2022-06-06 15:00:00+00:00,1.0009,8225746.0664
USDC,2022-06-06 16:00:00+00:00,1.0009,9249675.1383
USDC,2022-06-06 17:00:00+00:00,1.0008,5107539.713
USDC,2022-06-06 18:00:00+00:00,1.0009,2686283.9509
USDC,2022-06-06 19:00:00+00:00,1.0008,5397151.7886
USDC,2022-06-06 20:00:00+00:00,1.0009,5276217.4282
USDC,2022-06-06 21:00:00+00:00,1.0008,3517846.259
USDC,2022-06-06 22:00:00+00:00,1.0008,2578514.867
USDC,2022-06-06 23:00:00+00:00,1.0009,1590301.0295
USDC,2022-06-07 00:00:00+00:00,1.0009,42718777.7542
USDC,2022-06-07 01:00:00+00:00,1.0009,14036530.9053
USDC,2022-06-07 02:00:00+00:00,1.0009,9387360.9598
USDC,2022-06-07 03:00:00+00:00,1.0008,13187657.8893
USDC,2022-06-07 04:00:00+00:00,1.0006,16420255.5263
USDC,2022-06-07 05:00:00+00:00,1.0006,23802247.7339
USDC,2022-06-07 06:00:00+00:00,1.0007,19639863.5382
USDC,2022-06-07 07:00:00+00:00,1.0007,4161358.3579
USDC,2022-06-07 08:00:00+00:00,1.0007,6498066.5472
USDC,2022-06-07 09:00:00+00:00,1.0007,5781945.7569
USDC,2022-06-07 10:00:00+00:00,1.0007,7410164.1837
USDC,2022-06-07 11:00:00+00:00,1.0007,12152480.9302
USDC,2022-06-07 12:00:00+00:00,1.0007,8913284.9295
USDC,2022-06-07 13:00:00+00:00,1.0007,10729100.3029
USDC,2022-06-07 14:00:00+00:00,1.0008,23552199.5631
USDC,2022-06-07 15:00:00+00:00,1.0008,43475308.4414
USDC,2022-06-07 16:00:00+00:00,1.0009,6723890.33
USDC,2022-06-07 17:00:00+00:00,1.0008,5187453.7362
USDC,2022-06-07 18:00:00+00:00,1.0008,14590499.0861
USDC,2022-06-07 19:00:00+00:00,1.0008,26305577.0854
USDC,2022-06-07 20:00:00+00:00,1.0008,17973777.2822
USDC,2022-06-07 21:00:00+00:00,1.0008,7728958.9216
USDC,2022-06-07 22:00:00+00:00,1.0007,16936173.8113
USDC,2022-06-07 23:00:00+00:00,1.0007,19445393.7741
USDC,2022-06-08 00:00:00+00:00,1.0007,14643300.1167
USDC,2022-06-08 01:00:00+00:00,1.0006,13913509.302
USDC,2022-06-08 02:00:00+00:00,1.0007,5958912.9598
USDC,2022-06-08 03:00:00+00:00,1.0007,13572171.4391
USDC,2022-06-08 04:00:00+00:00,1.0007,7594169.7194
USDC,2022-06-08 05:00:00+00:00,1.0008,13868949.7198
USDC,2022-06-08 06:00:00+00:00,1.0008,10702656.5582
USDC,2022-06-08 07:00:00+00:00,1.0006,9366968.1193
USDC,2022-06-08 08:00:00+00:00,1.0005,27663147.6473
USDC,2022-06-08 09:00:00+00:00,1.0006,7034751.6488
USDC,2022-06-08 10:00:00+00:00,1.0006,4812483.1099
USDC,2022-06-08 11:00:00+00:00,1.0006,7844088.9248
USDC,2022-06-08 12:00:00+00:00,1.0006,14349357.0775
USDC,2022-06-08 13:00:00+00:00,1.0006,7554036.9558
USDC,2022-06-08 14:00:00+00:00,1.0007,10046627.8641
USDC,2022-06-08 15:00:00+00:00,1.0006,12943384.3858
USDC,2022-06-08 16:00:00+00:00,1.0006,24467311.2253
USDC,2022-06-08 17:00:00+00:00,1.0007,3296080.8415
USDC,2022-06-08 18:00:00+00:00,1.0007,8444294.3466
USDC,2022-06-08 19:00:00+00:00,1.0008,3978703.6754
USDC,2022-06-08 20:00:00+00:00,1.0007,4087795.4526
USDC,2022-06-08 21:00:00+00:00,1.0007,2956702.5921
USDC,2022-06-08 22:00:00+00:00,1.0008,4408046.2243
USDC,2022-06-08 23:00:00+00:00,1.0008,5848087.268
USDC,2022-06-09 00:00:00+00:00,1.0009,17114589.5954
USDC,2022-06-09 01:00:00+00:00,1.0008,5585530.1927
USDC,2022-06-09 02:00:00+00:00,1.0008,2799673.1627
USDC,2022-06-09 03:00:00+00:00,1.0008,2629910.8051
USDC,2022-06-09 04:00:00+00:00,1.0009,2989222.9754
USDC,2022-06-09 05:00:00+00:00,1.0008,2807208.9605
USDC,2022-06-09 06:00:00+00:00,1.0008,23046425.389
USDC,2022-06-09 07:00:00+00:00,1.0009,8465402.539
USDC,2022-06-09 08:00:00+00:00,1.0007,10031691.0819
USDC,2022-06-09 09:00:00+00:00,1.0008,7065358.254
USDC,2022-06-09 10:00:00+00:00,1.0007,7477174.2955
USDC,2022-06-09 11:00:00+00:00,1.0007,22383249.0955
USDC,2022-06-09 12:00:00+00:00,1.0006,8500358.6685
USDC,2022-06-09 13:00:00+00:00,1.0007,8029189.043
USDC,2022-06-09 14:00:00+00:00,1.0007,9412105.1507
USDC,2022-06-09 15:00:00+00:00,1.0007,6075939.6627
USDC,2022-06-09 16:00:00+00:00,1.0008,5333071.5146
USDC,2022-06-09 17:00:00+00:00,1.0008,10530858.32
USDC,2022-06-09 18:00:00+00:00,1.0008,5300411.4327
USDC,2022-06-09 19:00:00+00:00,1.0008,3945059.3419
USDC,2022-06-09 20:00:00+00:00,1.0008,5237338.9505
USDC,2022-06-09 21:00:00+00:00,1.0008,3332665.016
USDC,2022-06-09 22:00:00+00:00,1.0008,2133721.9588
USDC,2022-06-09 23:00:00+00:00,1.0009,2357612.3265
USDC,2022-06-10 00:00:00+00:00,1.0008,8713531.1461
USDC,2022-06-10 01:00:00+00:00,1.0008,9946745.1965
USDC,2022-06-10 02:00:00+00:00,1.0009,9088064.6477
USDC,2022-06-10 03:00:00+00:00,1.0008,4565942.183
USDC,2022-06-10 04:00:00+00:00,1.0008,2246716.509
USDC,2022-06-10 05:00:00+00:00,1.0008,2204046.1625
USDC,2022-06-10 06:00:00+00:00,1.0008,4027089.2925
USDC,2022-06-10 07:00:00+00:00,1.0009,3478575.8328
USDC,2022-06-10 08:00:00+00:00,1.0008,5154822.7589
USDC,2022-06-10 09:00:00+00:00,1.0008,5554892.536
USDC,2022-06-10 10:00:00+00:00,1.0008,5153496.3759
USDC,2022-06-10 11:00:00+00:00,1.0008,3410678.7865
USDC,2022-06-10 12:00:00+00:00,1.0009,14502134.7396
USDC,2022-06-10 13:00:00+00:00,1.0009,20264090.2371
USDC,2022-06-10 14:00:00+00:00,1.0009,16149813.6008
USDC,2022-06-10 15:00:00+00:00,1.0009,10273894.8116
USDC,2022-06-10 16:00:00+00:00,1.0009,13919030.7623
USDC,2022-06-10 17:00:00+00:00,1.001,15166063.7096
USDC,2022-06-10 18:00:00+00:00,1.001,9120197.9958
USDC,2022-06-10 19:00:00+00:00,1.001,9263507.1763
USDC,2022-06-10 20:00:00+00:00,1.0011,5111207.4881
USDC,2022-06-10 21:00:00+00:00,1.001,3291356.0253
USDC,2022-06-10 22:00:00+00:00,1.001,2702400.8295
USDC,2022-06-10 23:00:00+00:00,1.0011,2864525.4657
USDC,2022-06-11 00:00:00+00:00,1.0011,3099402.8725
USDC,2022-06-11 01:00:00+00:00,1.001,2766426.0582
USDC,2022-06-11 02:00:00+00:00,1.0011,3470626.8691
USDC,2022-06-11 03:00:00+00:00,1.0011,1889991.1482
USDC,2022-06-11 04:00:00+00:00,1.001,2331885.5003
USDC,2022-06-11 05:00:00+00:00,1.0011,4233956.5439
USDC,2022-06-11 06:00:00+00:00,1.001,1787586.4498
USDC,2022-06-11 07:00:00+00:00,1.0011,3102422.7478
USDC,2022-06-11 08:00:00+00:00,1.001,7148128.9993
USDC,2022-06-11 09:00:00+00:00,1.001,15470859.5851
USDC,2022-06-11 10:00:00+00:00,1.0011,6819328.9392
USDC,2022-06-11 11:00:00+00:00,1.0011,11482024.4058
USDC,2022-06-11 12:00:00+00:00,1.0011,39739911.0217
USDC,2022-06-11 13:00:00+00:00,1.0011,24358454.2172
USDC,2022-06-11 14:00:00+00:00,1.0012,28052429.8439
USDC,2022-06-11 15:00:00+00:00,1.0012,19169532.5116
USDC,2022-06-11 16:00:00+00:00,1.0012,14939968.5464
USDC,2022-06-11 17:00:00+00:00,1.0011,6873900.9933
USDC,2022-06-11 18:00:00+00:00,1.0011,8072091.3943
USDC,2022-06-11 19:00:00+00:00,1.0012,3427488.1931
USDC,2022-06-11 20:00:00+00:00,1.0012,3408601.4012
USDC,2022-06-11 21:00:00+00:00,1.0011,5207259.2706
USDC,2022-06-11 22:00:00+00:00,1.0012,7009248.5108
USDC,2022-06-11 23:00:00+00:00,1.0012,3337385.9333
USDC,2022-06-12 00:00:00+00:00,1.0012,23108514.8741
USDC,2022-06-12 01:00:00+00:00,1.0013,4098452.5773
USDC,2022-06-12 02:00:00+00:00,1.0013,74210073.7726
USDC,2022-06-12 03:00:00+00:00,1.0013,14221693.5693
USDC,2022-06-12 04:00:00+00:00,1.0013,9192142.3325
USDC,2022-06-12 05:00:00+00:00,1.0013,37690125.7453
USDC,2022-06-12 06:00:00+00:00,1.0013,13136856.6699
USDC,2022-06-12 07:00:00+00:00,1.0013,7783841.3862
USDC,2022-06-12 08:00:00+00:00,1.0014,9472834.0896
USDC,2022-06-12 09:00:00+00:00,1.0013,7217894.924
USDC,2022-06-12 10:00:00+00:00,1.0013,15953046.1714
USDC,2022-06-12 11:00:00+00:00,1.0012,6774058.2983
USDC,2022-06-12 12:00:00+00:00,1.0012,8188089.0076
USDC,2022-06-12 13:00:00+00:00,1.0013,17528536.5641
USDC,2022-06-12 14:00:00+00:00,1.0013,73420627.4235
USDC,2022-06-12 15:00:00+00:00,1.0013,14916237.379
USDC,2022-06-12 16:00:00+00:00,1.0013,5541451.1508
USDC,2022-06-12 17:00:00+00:00,1.0012,28232398.9493
USDC,2022-06-12 18:00:00+00:00,1.0013,12794753.8372
USDC,2022-06-12 19:00:00+00:00,1.0012,15066089.4034
USDC,2022-06-12 20:00:00+00:00,1.0012,6667744.3668
USDC,2022-06-12 21:00:00+00:00,1.0012,5446859.0542
USDC,2022-06-12 22:00:00+00:00,1.0011,5881753.9866
USDC,2022-06-12 23:00:00+00:00,1.0012,5089404.5378
USDC,2022-06-13 00:00:00+00:00,1.0013,26423869.5923
USDC,2022-06-13 01:00:00+00:00,1.0013,19564725.0387
USDC,2022-06-13 02:00:00+00:00,1.0013,28345652.8136
USDC,2022-06-13 03:00:00+00:00,1.0013,84096955.4149
USDC,2022-06-13 04:00:00+00:00,1.0013,53759879.5129
USDC,2022-06-13 05:00:00+00:00,1.0014,53608947.425
USDC,2022-06-13 06:00:00+00:00,1.0015,42208735.934
USDC,2022-06-13 07:00:00+00:00,1.0015,36442546.5029
USDC,2022-06-13 08:00:00+00:00,1.002,69184251.0926
USDC,2022-06-13 09:00:00+00:00,1.0017,171531797.6841
USDC,2022-06-13 10:00:00+00:00,1.0023,112501988.4375
USDC,2022-06-13 11:00:00+00:00,1.0024,109538932.4562
USDC,2022-06-13 12:00:00+00:00,1.0019,64743091.9484
USDC,2022-06-13 13:00:00+00:00,1.0014,78620942.5896
USDC,2022-06-13 14:00:00+00:00,1.0016,60064883.6654
USDC,2022-06-13 15:00:00+00:00,1.0015,42077594.1221
USDC,2022-06-13 16:00:00+00:00,1.0013,33146997.4868
USDC,2022-06-13 17:00:00+00:00,1.0013,12924032.4373
USDC,2022-06-13 18:00:00+00:00,1.0013,25576239.3981
USDC,2022-06-13 19:00:00+00:00,1.0015,18577436.5908
USDC,2022-06-13 20:00:00+00:00,1.0015,37117401.0461
USDC,2022-06-13 21:00:00+00:00,1.0015,24343121.6922
USDC,2022-06-13 22:00:00+00:00,1.0014,11763078.3554
USDC,2022-06-13 23:00:00+00:00,1.0015,17964460.2496
USDC,2022-06-14 00:00:00+00:00,1.0014,10522696.3732
USDC,2022-06-14 01:00:00+00:00,1.0015,29256625.7067
USDC,2022-06-14 02:00:00+00:00,1.0015,40060981.7326
USDC,2022-06-14 03:00:00+00:00,1.0014,43451402.3505
USDC,2022-06-14 04:00:00+00:00,1.0012,30303574.6077
USDC,2022-06-14 05:00:00+00:00,1.0014,35844449.9994
USDC,2022-06-14 06:00:00+00:00,1.0014,15268110.821
USDC,2022-06-14 07:00:00+00:00,1.0014,23179060.5078
USDC,2022-06-14 08:00:00+00:00,1.0015,10963250.8754
USDC,2022-06-14 09:00:00+00:00,1.0015,13953923.8419
USDC,2022-06-14 10:00:00+00:00,1.0015,9062308.0401
USDC,2022-06-14 11:00:00+00:00,1.0014,47362004.7298
USDC,2022-06-14 12:00:00+00:00,1.0012,21429477.5845
USDC,2022-06-14 13:00:00+00:00,1.0013,15619130.0566
USDC,2022-06-14 14:00:00+00:00,1.0012,19675842.804
USDC,2022-06-14 15:00:00+00:00,1.0013,23971180.2957
USDC,2022-06-14 16:00:00+00:00,1.0012,18135235.1242
USDC,2022-06-14 17:00:00+00:00,1.0012,24745925.4622
USDC,2022-06-14 18:00:00+00:00,1.0012,15633552.7637
USDC,2022-06-14 19:00:00+00:00,1.0012,19707104.2314
USDC,2022-06-14 20:00:00+00:00,1.0012,9545607.9347
USDC,2022-06-14 21:00:00+00:00,1.0011,7941324.8847
USDC,2022-06-14 22:00:00+00:00,1.0012,10685560.2399
USDC,2022-06-14 23:00:00+00:00,1.0011,4648988.0483
USDC,2022-06-15 00:00:00+00:00,1.0013,10155330.1731
USDC,2022-06-15 01:00:00+00:00,1.0011,36342114.733
USDC,2022-06-15 02:00:00+00:00,1.0012,20314087.8074
USDC,2022-06-15 03:00:00+00:00,1.0012,38083667.9134
USDC,2022-06-15 04:00:00+00:00,1.0015,61009548.0322
USDC,2022-06-15 05:00:00+00:00,1.0016,58957667.2229
USDC,2022-06-15 06:00:00+00:00,1.0016,54344836.4266
USDC,2022-06-15 07:00:00+00:00,1.0017,101858382.9183
USDC,2022-06-15 08:00:00+00:00,1.0019,76785477.862
USDC,2022-06-15 09:00:00+00:00,1.0018,79153405.5886
USDC,2022-06-15 10:00:00+00:00,1.0017,58740361.1152
USDC,2022-06-15 11:00:00+00:00,1.0015,50971100.1677
USDC,2022-06-15 12:00:00+00:00,1.0015,38321194.1729
USDC,2022-06-15 13:00:00+00:00,1.0014,45895016.8011
USDC,2022-06-15 14:00:00+00:00,1.0015,41870554.4635
USDC,2022-06-15 15:00:00+00:00,1.0013,25666750.2747
USDC,2022-06-15 16:00:00+00:00,1.0013,15827343.0142
USDC,2022-06-15 17:00:00+00:00,1.0012,14277411.5512
USDC,2022-06-15 18:00:00+00:00,1.0012,46290998.0313
USDC,2022-06-15 19:00:00+00:00,1.0013,53473673.9902
USDC,2022-06-15 20:00:00+00:00,1.0014,15358592.9173
USDC,2022-06-15 21:00:00+00:00,1.0012,15453681.7756
USDC,2022-06-15 22:00:00+00:00,1.0012,17604834.2997
USDC,2022-06-15 23:00:00+00:00,1.0012,14247351.7915
USDC,2022-06-16 00:00:00+00:00,1.0013,13006312.9917
USDC,2022-06-16 01:00:00+00:00,1.0012,19665944.8131
USDC,2022-06-16 02:00:00+00:00,1.0012,9420376.2999
USDC,2022-06-16 03:00:00+00:00,1.0013,8461637.916
USDC,2022-06-16 04:00:00+00:00,1.0013,9709406.4518
USDC,2022-06-16 05:00:00+00:00,1.0013,7921500.5528
USDC,2022-06-16 06:00:00+00:00,1.0011,15164478.6109
USDC,2022-06-16 07:00:00+00:00,1.0012,9446889.7998
USDC,2022-06-16 08:00:00+00:00,1.0012,7857265.191
USDC,2022-06-16 09:00:00+00:00,1.0012,15393972.1419
USDC,2022-06-16 10:00:00+00:00,1.0012,12988067.9686
USDC,2022-06-16 11:00:00+00:00,1.0011,27154926.303
USDC,2022-06-16 12:00:00+00:00,1.0011,23738605.0597
USDC,2022-06-16 13:00:00+00:00,1.0013,15904033.0601
USDC,2022-06-16 14:00:00+00:00,1.0012,13901412.0193
USDC,2022-06-16 15:00:00+00:00,1.0012,31536049.6002
USDC,2022-06-16 16:00:00+00:00,1.0012,26749935.6951
USDC,2022-06-16 17:00:00+00:00,1.0013,16360818.1663
USDC,2022-06-16 18:00:00+00:00,1.0013,10094882.5078
USDC,2022-06-16 19:00:00+00:00,1.0013,10773159.8832
USDC,2022-06-16 20:00:00+00:00,1.0015,30713055.1553
USDC,2022-06-16 21:00:00+00:00,1.0014,25549667.152
USDC,2022-06-16 22:00:00+00:00,1.0013,7965752.5805
USDC,2022-06-16 23:00:00+00:00,1.0013,6416498.6243
USDC,2022-06-17 00:00:00+00:00,1.0014,7306121.2217
USDC,2022-06-17 01:00:00+00:00,1.0015,17532515.3797
USDC,2022-06-17 02:00:00+00:00,1.0014,4858073.7584
USDC,2022-06-17 03:00:00+00:00,1.0014,5609791.1252
USDC,2022-06-17 04:00:00+00:00,1.0015,13541671.8448
USDC,2022-06-17 05:00:00+00:00,1.0014,6509882.4961
USDC,2022-06-17 06:00:00+00:00,1.0014,44627006.0422
USDC,2022-06-17 07:00:00+00:00,1.0014,6571668.1427
USDC,2022-06-17 08:00:00+00:00,1.0014,23862844.3158
USDC,2022-06-17 09:00:00+00:00,1.0013,7978666.6665
USDC,2022-06-17 10:00:00+00:00,1.0013,18793016.7172
USDC,2022-06-17 11:00:00+00:00,1.0012,7225410.9764
USDC,2022-06-17 12:00:00+00:00,1.0013,14863683.697
USDC,2022-06-17 13:00:00+00:00,1.0013,39201211.8925
USDC,2022-06-17 14:00:00+00:00,1.0012,45982676.74
USDC,2022-06-17 15:00:00+00:00,1.0013,22421764.5118
USDC,2022-06-17 16:00:00+00:00,1.0014,23612820.6791
USDC,2022-06-17 17:00:00+00:00,1.0014,10330136.5298
USDC,2022-06-17 18:00:00+00:00,1.0013,13010402.4082
USDC,2022-06-17 19:00:00+00:00,1.0012,12374300.073
USDC,2022-06-17 20:00:00+00:00,1.0012,10554165.6669
USDC,2022-06-17 21:00:00+00:00,1.0012,8070345.7227
USDC,2022-06-17 22:00:00+00:00,1.0013,3762042.7002
USDC,2022-06-17 23:00:00+00:00,1.0012,2563267.8397
USDC,2022-06-18 00:00:00+00:00,1.0013,13102722.9735
USDC,2022-06-18 01:00:00+00:00,1.0013,23634356.2566
USDC,2022-06-18 02:00:00+00:00,1.0013,15600323.817
USDC,2022-06-18 03:00:00+00:00,1.0014,3441886.3834
USDC,2022-06-18 04:00:00+00:00,1.0014,2531953.1022
USDC,2022-06-18 05:00:00+00:00,1.0014,7930519.5429
USDC,2022-06-18 06:00:00+00:00,1.0013,17592204.5749
USDC,2022-06-18 07:00:00+00:00,1.0015,44292772.2353
USDC,2022-06-18 08:00:00+00:00,1.0015,39383248.9144
USDC,2022-06-18 09:00:00+00:00,1.0015,40329834.8376
USDC,2022-06-18 10:00:00+00:00,1.0014,22441576.5016
USDC,2022-06-18 11:00:00+00:00,1.0014,26041867.4655
USDC,2022-06-18 12:00:00+00:00,1.0013,14279032.1346
USDC,2022-06-18 13:00:00+00:00,1.0014,17777173.4807
USDC,2022-06-18 14:00:00+00:00,1.0014,23739223.1662
USDC,2022-06-18 15:00:00+00:00,1.0013,13782211.135
USDC,2022-06-18 16:00:00+00:00,1.0014,31815447.3837
USDC,2022-06-18 17:00:00+00:00,1.0014,24741576.3333
USDC,2022-06-18 18:00:00+00:00,1.0014,22292280.2399
USDC,2022-06-18 19:00:00+00:00,1.0015,27910452.4655
USDC,2022-06-18 20:00:00+00:00,1.0017,83932947.5891
USDC,2022-06-18 21:00:00+00:00,1.0017,41552909.3678
USDC,2022-06-18 22:00:00+00:00,1.0016,18368326.5707
USDC,2022-06-18 23:00:00+00:00,1.0016,11862049.9216
USDC,2022-06-19 00:00:00+00:00,1.0014,23329332.4098
USDC,2022-06-19 01:00:00+00:00,1.0014,7266632.9407
USDC,2022-06-19 02:00:00+00:00,1.0014,8122654.2969
USDC,2022-06-19 03:00:00+00:00,1.0014,7504085.149
USDC,2022-06-19 04:00:00+00:00,1.0015,18887772.8825
USDC,2022-06-19 05:00:00+00:00,1.0014,21620937.4517
USDC,2022-06-19 06:00:00+00:00,1.0015,9137935.0534
USDC,2022-06-19 07:00:00+00:00,1.0016,52180367.3574
USDC,2022-06-19 08:00:00+00:00,1.0016,23166789.1018
USDC,2022-06-19 09:00:00+00:00,1.0016,22447357.6747
USDC,2022-06-19 10:00:00+00:00,1.0016,23032236.1764
USDC,2022-06-19 11:00:00+00:00,1.0014,12607989.3437
USDC,2022-06-19 12:00:00+00:00,1.0013,36090381.3982
USDC,2022-06-19 13:00:00+00:00,1.0013,8240638.024
USDC,2022-06-19 14:00:00+00:00,1.0013,4304039.0435
USDC,2022-06-19 15:00:00+00:00,1.0013,15150789.3327
USDC,2022-06-19 16:00:00+00:00,1.0014,6878767.0346
USDC,2022-06-19 17:00:00+00:00,1.0014,5187214.4041
USDC,2022-06-19 18:00:00+00:00,1.0014,8343333.5136
USDC,2022-06-19 19:00:00+00:00,1.0013,8885627.1836
USDC,2022-06-19 20:00:00+00:00,1.0013,10162014.4106
USDC,2022-06-19 21:00:00+00:00,1.0013,7957929.4461
USDC,2022-06-19 22:00:00+00:00,1.0013,6295285.3273
USDC,2022-06-19 23:00:00+00:00,1.0013,3502450.2032
USDC,2022-06-20 00:00:00+00:00,1.0013,15476809.3352
USDC,2022-06-20 01:00:00+00:00,1.0015,31174789.6472
USDC,2022-06-20 02:00:00+00:00,1.0014,10388243.5928
USDC,2022-06-20 03:00:00+00:00,1.0014,5725802.9636
USDC,2022-06-20 04:00:00+00:00,1.0015,2111404.874
USDC,2022-06-20 05:00:00+00:00,1.0014,5310932.5595
USDC,2022-06-20 06:00:00+00:00,1.0014,11530348.397
USDC,2022-06-20 07:00:00+00:00,1.0013,25455439.3629
USDC,2022-06-20 08:00:00+00:00,1.0014,16147024.9147
USDC,2022-06-20 09:00:00+00:00,1.0014,35199512.5733
USDC,2022-06-20 10:00:00+00:00,1.0012,22736064.9839
USDC,2022-06-20 11:00:00+00:00,1.0012,20682360.5664
USDC,2022-06-20 12:00:00+00:00,1.0011,28012674.5015
USDC,2022-06-20 13:00:00+00:00,1.0011,13381578.6142
USDC,2022-06-20 14:00:00+00:00,1.0011,8997771.7471
USDC,2022-06-20 15:00:00+00:00,1.0011,14208057.5517
USDC,2022-06-20 16:00:00+00:00,1.0012,51524902.1857
USDC,2022-06-20 17:00:00+00:00,1.0012,7880283.9632
USDC,2022-06-20 18:00:00+00:00,1.0012,20636824.9814
USDC,2022-06-20 19:00:00+00:00,1.0013,9356581.173
USDC,2022-06-20 20:00:00+00:00,1.0012,6021852.5926
USDC,2022-06-20 21:00:00+00:00,1.0012,6523711.5332
USDC,2022-06-20 22:00:00+00:00,1.0013,5689379.7982
USDC,2022-06-20 23:00:00+00:00,1.0012,2876924.943
USDC,2022-06-21 00:00:00+00:00,1.0013,7708009.1195
USDC,2022-06-21 01:00:00+00:00,1.0013,4585579.9189
USDC,2022-06-21 02:00:00+00:00,1.0013,3059536.7355
USDC,2022-06-21 03:00:00+00:00,1.0012,10837925.5468
USDC,2022-06-21 04:00:00+00:00,1.0012,35057366.4339
USDC,2022-06-21 05:00:00+00:00,1.0012,15695157.1605
USDC,2022-06-21 06:00:00+00:00,1.0012,27358935.0027
USDC,2022-06-21 07:00:00+00:00,1.0012,12587744.8277
USDC,2022-06-21 08:00:00+00:00,1.0011,11762661.7397
USDC,2022-06-21 09:00:00+00:00,1.0011,12645507.4455
USDC,2022-06-21 10:00:00+00:00,1.0011,15126467.0354
USDC,2022-06-21 11:00:00+00:00,1.0012,10754885.6329
USDC,2022-06-21 12:00:00+00:00,1.0012,19276280.5186
USDC,2022-06-21 13:00:00+00:00,1.0011,13011214.5609
USDC,2022-06-21 14:00:00+00:00,1.0011,25668337.2477
USDC,2022-06-21 15:00:00+00:00,1.001,10454614.7887
USDC,2022-06-21 16:00:00+00:00,1.001,6713110.5931
USDC,2022-06-21 17:00:00+00:00,1.0011,11981406.8465
USDC,2022-06-21 18:00:00+00:00,1.0011,18631262.2054
USDC,2022-06-21 19:00:00+00:00,1.0011,7014757.221
USDC,2022-06-21 20:00:00+00:00,1.0012,10869583.7988
USDC,2022-06-21 21:00:00+00:00,1.0011,5839241.9198
USDC,2022-06-21 22:00:00+00:00,1.0011,2908563.8023
USDC,2022-06-21 23:00:00+00:00,1.0012,3445558.6444
USDC,2022-06-22 00:00:00+00:00,1.0012,3729842.2333
USDC,2022-06-22 01:00:00+00:00,1.0011,3166699.7649
USDC,2022-06-22 02:00:00+00:00,1.0012,4794258.0354
USDC,2022-06-22 03:00:00+00:00,1.0011,6191233.3267
USDC,2022-06-22 04:00:00+00:00,1.0011,8352726.436
USDC,2022-06-22 05:00:00+00:00,1.0012,5882306.039
USDC,2022-06-22 06:00:00+00:00,1.0011,12270877.3112
USDC,2022-06-22 07:00:00+00:00,1.0011,12987301.9733
USDC,2022-06-22 08:00:00+00:00,1.0012,3854918.7756
USDC,2022-06-22 09:00:00+00:00,1.0011,12153329.2997
USDC,2022-06-22 10:00:00+00:00,1.0011,14645702.5479
USDC,2022-06-22 11:00:00+00:00,1.0011,8740319.6943
USDC,2022-06-22 12:00:00+00:00,1.0011,6461015.2628
USDC,2022-06-22 13:00:00+00:00,1.0012,11912678.3338
USDC,2022-06-22 14:00:00+00:00,1.0012,7440725.0207
USDC,2022-06-22 15:00:00+00:00,1.0012,14885364.0103
USDC,2022-06-22 16:00:00+00:00,1.0012,15587431.9532
USDC,2022-06-22 17:00:00+00:00,1.0011,13905744.3751
USDC,2022-06-22 18:00:00+00:00,1.0011,15782745.0745
USDC,2022-06-22 19:00:00+00:00,1.0012,4039680.6785
USDC,2022-06-22 20:00:00+00:00,1.0012,9394019.9104
USDC,2022-06-22 21:00:00+00:00,1.0012,4403942.1494
USDC,2022-06-22 22:00:00+00:00,1.0012,3404429.249
USDC,2022-06-22 23:00:00+00:00,1.0011,7435421.4457
USDC,2022-06-23 00:00:00+00:00,1.0011,25469866.9367
USDC,2022-06-23 01:00:00+00:00,1.0011,8957067.4355
USDC,2022-06-23 02:00:00+00:00,1.001,11343211.6706
USDC,2022-06-23 03:00:00+00:00,1.001,36298329.5991
USDC,2022-06-23 04:00:00+00:00,1.0009,3772848.192
USDC,2022-06-23 05:00:00+00:00,1.001,2391131.0047
USDC,2022-06-23 06:00:00+00:00,1.0009,9591449.765
USDC,2022-06-23 07:00:00+00:00,1.0009,3265864.6695
USDC,2022-06-23 08:00:00+00:00,1.001,6957323.9487
USDC,2022-06-23 09:00:00+00:00,1.0009,9574514.023
USDC,2022-06-23 10:00:00+00:00,1.001,4797661.075
USDC,2022-06-23 11:00:00+00:00,1.0009,5405166.5357
USDC,2022-06-23 12:00:00+00:00,1.0008,27040754.8215
USDC,2022-06-23 13:00:00+00:00,1.0008,22992925.6635
USDC,2022-06-23 14:00:00+00:00,1.001,23386173.5497
USDC,2022-06-23 15:00:00+00:00,1.0009,29489437.2695
USDC,2022-06-23 16:00:00+00:00,1.0008,13035781.158
USDC,2022-06-23 17:00:00+00:00,1.0009,14424781.5435
USDC,2022-06-23 18:00:00+00:00,1.001,5954324.4105
USDC,2022-06-23 19:00:00+00:00,1.0009,5678851.9641
USDC,2022-06-23 20:00:00+00:00,1.001,8895855.3981
USDC,2022-06-23 21:00:00+00:00,1.0009,4719621.0011
USDC,2022-06-23 22:00:00+00:00,1.001,11993731.3558
USDC,2022-06-23 23:00:00+00:00,1.0009,4300973.8515
USDC,2022-06-24 00:00:00+00:00,1.001,4602950.0644
USDC,2022-06-24 01:00:00+00:00,1.001,4629404.2975
USDC,2022-06-24 02:00:00+00:00,1.001,13110619.4858
USDC,2022-06-24 03:00:00+00:00,1.001,7241404.6912
USDC,2022-06-24 04:00:00+00:00,1.0009,15506385.7713
USDC,2022-06-24 05:00:00+00:00,1.001,5950476.1602
USDC,2022-06-24 06:00:00+00:00,1.0009,5300355.0955
USDC,2022-06-24 07:00:00+00:00,1.0006,74799614.7282
USDC,2022-06-24 08:00:00+00:00,1.0007,49180905.3924
USDC,2022-06-24 09:00:00+00:00,1.0008,29980188.7391
USDC,2022-06-24 10:00:00+00:00,1.0009,11918985.5606
USDC,2022-06-24 11:00:00+00:00,1.0008,79157428.1416
USDC,2022-06-24 12:00:00+00:00,1.0007,14587921.5118
USDC,2022-06-24 13:00:00+00:00,1.0007,21563135.2659
USDC,2022-06-24 14:00:00+00:00,1.0008,21170121.6643
USDC,2022-06-24 15:00:00+00:00,1.0009,10346803.3547
USDC,2022-06-24 16:00:00+00:00,1.0009,5754144.3391
USDC,2022-06-24 17:00:00+00:00,1.0009,12622250.1601
USDC,2022-06-24 18:00:00+00:00,1.001,9632926.3885
USDC,2022-06-24 19:00:00+00:00,1.001,6954490.3605
USDC,2022-06-24 20:00:00+00:00,1.0009,15131303.124
USDC,2022-06-24 21:00:00+00:00,1.0008,6368618.071
USDC,2022-06-24 22:00:00+00:00,1.0009,6014100.8513
USDC,2022-06-24 23:00:00+00:00,1.0008,9222970.887
USDC,2022-06-25 00:00:00+00:00,1.0008,6946284.2726
USDC,2022-06-25 01:00:00+00:00,1.0008,5804956.414
USDC,2022-06-25 02:00:00+00:00,1.0008,5781342.1487
USDC,2022-06-25 03:00:00+00:00,1.0008,4626048.7338
USDC,2022-06-25 04:00:00+00:00,1.0008,5440190.302
USDC,2022-06-25 05:00:00+00:00,1.0008,5385689.1559
USDC,2022-06-25 06:00:00+00:00,1.0008,7695814.0542
USDC,2022-06-25 07:00:00+00:00,1.0007,47896008.2364
USDC,2022-06-25 08:00:00+00:00,1.0007,7018304.4227
USDC,2022-06-25 09:00:00+00:00,1.0006,4382011.6511
USDC,2022-06-25 10:00:00+00:00,1.0006,5155813.4057
USDC,2022-06-25 11:00:00+00:00,1.0007,5091179.6644
USDC,2022-06-25 12:00:00+00:00,1.0006,6034329.718
USDC,2022-06-25 13:00:00+00:00,1.0007,5188465.3922
USDC,2022-06-25 14:00:00+00:00,1.0007,7652680.1013
USDC,2022-06-25 15:00:00+00:00,1.0007,5890204.3236
USDC,2022-06-25 16:00:00+00:00,1.0007,4559508.2739
USDC,2022-06-25 17:00:00+00:00,1.0006,5092089.3048
USDC,2022-06-25 18:00:00+00:00,1.0007,4821955.4544
USDC,2022-06-25 19:00:00+00:00,1.0006,2707706.5819
USDC,2022-06-25 20:00:00+00:00,1.0006,2325914.8803
USDC,2022-06-25 21:00:00+00:00,1.0007,5612886.7739
USDC,2022-06-25 22:00:00+00:00,1.0007,3761680.8257
USDC,2022-06-25 23:00:00+00:00,1.0007,2055919.369
USDC,2022-06-26 00:00:00+00:00,1.0007,3674899.1022
USDC,2022-06-26 01:00:00+00:00,1.0007,13108859.4419
USDC,2022-06-26 02:00:00+00:00,1.0008,7539275.5616
USDC,2022-06-26 03:00:00+00:00,1.0007,3391259.4399
USDC,2022-06-26 04:00:00+00:00,1.0007,2286422.265
USDC,2022-06-26 05:00:00+00:00,1.0007,4363309.1056
USDC,2022-06-26 06:00:00+00:00,1.0008,5098869.1078
USDC,2022-06-26 07:00:00+00:00,1.0008,4129883.8603
USDC,2022-06-26 08:00:00+00:00,1.0007,2942494.4144
USDC,2022-06-26 09:00:00+00:00,1.0007,5061985.1309
USDC,2022-06-26 10:00:00+00:00,1.0008,4183988.899
USDC,2022-06-26 11:00:00+00:00,1.0007,6418932.2108
USDC,2022-06-26 12:00:00+00:00,1.0008,9961318.1467
USDC,2022-06-26 13:00:00+00:00,1.0006,8932430.5586
USDC,2022-06-26 14:00:00+00:00,1.0007,2775593.2845
USDC,2022-06-26 15:00:00+00:00,1.0007,5126590.0168
USDC,2022-06-26 16:00:00+00:00,1.0007,15407576.3909
USDC,2022-06-26 17:00:00+00:00,1.0007,3238770.8888
USDC,2022-06-26 18:00:00+00:00,1.0007,3156270.1187
USDC,2022-06-26 19:00:00+00:00,1.0007,6802003.8866
USDC,2022-06-26 20:00:00+00:00,1.0007,2779365.5623
USDC,2022-06-26 21:00:00+00:00,1.0007,2820216.8369
USDC,2022-06-26 22:00:00+00:00,1.0006,5634040.7661
USDC,2022-06-26 23:00:00+00:00,1.0006,13408231.7109
USDC,2022-06-27 00:00:00+00:00,1.0007,2471486.3075
USDC,2022-06-27 01:00:00+00:00,1.0007,2509708.0266
USDC,2022-06-27 02:00:00+00:00,1.0007,3938835.8797
USDC,2022-06-27 03:00:00+00:00,1.0006,4824537.868
USDC,2022-06-27 04:00:00+00:00,1.0006,6017668.5716
USDC,2022-06-27 05:00:00+00:00,1.0007,12685457.5622
USDC,2022-06-27 06:00:00+00:00,1.0007,10006758.2202
USDC,2022-06-27 07:00:00+00:00,1.0007,10952142.2992
USDC,2022-06-27 08:00:00+00:00,1.0008,7499969.8016
USDC,2022-06-27 09:00:00+00:00,1.0007,10442869.3085
USDC,2022-06-27 10:00:00+00:00,1.0008,13279145.1657
USDC,2022-06-27 11:00:00+00:00,1.0006,8041106.8002
USDC,2022-06-27 12:00:00+00:00,1.0008,28628038.7655
USDC,2022-06-27 13:00:00+00:00,1.0008,86964984.3455
USDC,2022-06-27 14:00:00+00:00,1.001,66792984.9456
USDC,2022-06-27 15:00:00+00:00,1.0011,22673007.8844
USDC,2022-06-27 16:00:00+00:00,1.0011,28357562.3457
USDC,2022-06-27 17:00:00+00:00,1.001,16755644.6198
USDC,2022-06-27 18:00:00+00:00,1.0011,10002101.8
USDC,2022-06-27 19:00:00+00:00,1.0011,5146145.1366
USDC,2022-06-27 20:00:00+00:00,1.001,3246333.8845
USDC,2022-06-27 21:00:00+00:00,1.0011,3942283.1456
USDC,2022-06-27 22:00:00+00:00,1.0012,27315998.24
USDC,2022-06-27 23:00:00+00:00,1.001,18034912.8103
USDC,2022-06-28 00:00:00+00:00,1.0011,3471970.9778
USDC,2022-06-28 01:00:00+00:00,1.0011,4632005.538
USDC,2022-06-28 02:00:00+00:00,1.001,13732260.4963
USDC,2022-06-28 03:00:00+00:00,1.0014,153738421.5986
USDC,2022-06-28 04:00:00+00:00,1.0012,19928046.0157
USDC,2022-06-28 05:00:00+00:00,1.0013,9206315.8195
USDC,2022-06-28 06:00:00+00:00,1.0012,7218183.2936
USDC,2022-06-28 07:00:00+00:00,1.0012,8587432.2491
USDC,2022-06-28 08:00:00+00:00,1.0011,33526671.9754
USDC,2022-06-28 09:00:00+00:00,1.001,12318768.5239
USDC,2022-06-28 10:00:00+00:00,1.0012,28260058.2148
USDC,2022-06-28 11:00:00+00:00,1.0012,6238759.3239
USDC,2022-06-28 12:00:00+00:00,1.0011,10015551.0324
USDC,2022-06-28 13:00:00+00:00,1.0011,14067852.0111
USDC,2022-06-28 14:00:00+00:00,1.0011,14803912.0072
USDC,2022-06-28 15:00:00+00:00,1.0011,13028745.4587
USDC,2022-06-28 16:00:00+00:00,1.0011,15151263.419
USDC,2022-06-28 17:00:00+00:00,1.0015,39314622.4633
USDC,2022-06-28 18:00:00+00:00,1.0012,29242268.8903
USDC,2022-06-28 19:00:00+00:00,1.0012,5399872.0026
USDC,2022-06-28 20:00:00+00:00,1.0013,3938397.6652
USDC,2022-06-28 21:00:00+00:00,1.0013,2329866.7533
USDC,2022-06-28 22:00:00+00:00,1.0013,5890706.7152
USDC,2022-06-28 23:00:00+00:00,1.0013,5278298.8827
USDC,2022-06-29 00:00:00+00:00,1.0013,8084401.5179
USDC,2022-06-29 01:00:00+00:00,1.0014,17270979.92
USDC,2022-06-29 02:00:00+00:00,1.0014,13706862.6895
USDC,2022-06-29 03:00:00+00:00,1.0014,14969038.1055
USDC,2022-06-29 04:00:00+00:00,1.0016,14139735.162
USDC,2022-06-29 05:00:00+00:00,1.0016,16489042.8803
USDC,2022-06-29 06:00:00+00:00,1.0016,15405209.2353
USDC,2022-06-29 07:00:00+00:00,1.0015,45833005.9105
USDC,2022-06-29 08:00:00+00:00,1.0015,24724071.2381
USDC,2022-06-29 09:00:00+00:00,1.0013,30528159.9822
USDC,2022-06-29 10:00:00+00:00,1.0013,9028767.498
USDC,2022-06-29 11:00:00+00:00,1.0014,13445543.289
USDC,2022-06-29 12:00:00+00:00,1.0013,7370356.8046
USDC,2022-06-29 13:00:00+00:00,1.0013,27695108.0878
USDC,2022-06-29 14:00:00+00:00,1.0012,30608872.9395
USDC,2022-06-29 15:00:00+00:00,1.0014,23712820.8512
USDC,2022-06-29 16:00:00+00:00,1.0012,39982745.3857
USDC,2022-06-29 17:00:00+00:00,1.0014,31643736.9759
USDC,2022-06-29 18:00:00+00:00,1.0013,12513469.956
USDC,2022-06-29 19:00:00+00:00,1.0013,16917394.3875
USDC,2022-06-29 20:00:00+00:00,1.0013,9946351.3352
USDC,2022-06-29 21:00:00+00:00,1.0011,9877855.9134
USDC,2022-06-29 22:00:00+00:00,1.0012,5676686.2515
USDC,2022-06-29 23:00:00+00:00,1.0012,10259712.9534
USDC,2022-06-30 00:00:00+00:00,1.0012,12662573.2231
USDC,2022-06-30 01:00:00+00:00,1.0013,3553022.2322
USDC,2022-06-30 02:00:00+00:00,1.0013,18896024.9293
USDC,2022-06-30 03:00:00+00:00,1.0013,16207529.4488
USDC,2022-06-30 04:00:00+00:00,1.0013,50941209.9633
USDC,2022-06-30 05:00:00+00:00,1.0013,7022664.138
USDC,2022-06-30 06:00:00+00:00,1.0013,13452405.243
USDC,2022-06-30 07:00:00+00:00,1.0013,12931388.4905
USDC,2022-06-30 08:00:00+00:00,1.0013,26523680.4239
USDC,2022-06-30 09:00:00+00:00,1.0014,19592756.3513
USDC,2022-06-30 10:00:00+00:00,1.0012,31355867.4547
USDC,2022-06-30 11:00:00+00:00,1.0012,21852166.8278
USDC,2022-06-30 12:00:00+00:00,1.0013,12948498.3563
USDC,2022-06-30 13:00:00+00:00,1.0013,9472078.8041
USDC,2022-06-30 14:00:00+00:00,1.0013,16289459.6867
USDC,2022-06-30 15:00:00+00:00,1.0012,15858740.351
USDC,2022-06-30 16:00:00+00:00,1.0011,10567017.6195
USDC,2022-06-30 17:00:00+00:00,1.0012,14393128.8471
USDC,2022-06-30 18:00:00+00:00,1.0012,11170598.8499
USDC,2022-06-30 19:00:00+00:00,1.0014,14982304.3044
USDC,2022-06-30 20:00:00+00:00,1.0013,4299580.6408
USDC,2022-06-30 21:00:00+00:00,1.0013,5834913.9732
USDC,2022-06-30 22:00:00+00:00,1.0013,6545746.7772
USDC,2022-06-30 23:00:00+00:00,1.0013,4854532.2074
BUSD,2022-04-01 00:00:00+00:00,0.9998,24793149.662
BUSD,2022-04-01 01:00:00+00:00,0.9997,28141303.887
BUSD,2022-04-01 02:00:00+00:00,0.9997,40857107.1229
BUSD,2022-04-01 03:00:00+00:00,0.9997,28247444.9252
BUSD,2022-04-01 04:00:00+00:00,0.9998,30445425.7371
BUSD,2022-04-01 05:00:00+00:00,0.9997,31926543.9872
BUSD,2022-04-01 06:00:00+00:00,0.9997,33496636.2685
BUSD,2022-04-01 07:00:00+00:00,0.9997,61200433.1106
BUSD,2022-04-01 08:00:00+00:00,0.9996,33176473.34
BUSD,2022-04-01 09:00:00+00:00,0.9996,31224108.3462
BUSD,2022-04-01 10:00:00+00:00,0.9995,44022089.927
BUSD,2022-04-01 11:00:00+00:00,0.9995,34985370.0775
BUSD,2022-04-01 12:00:00+00:00,0.9995,32269577.6004
BUSD,2022-04-01 13:00:00+00:00,0.9995,34009772.8954
BUSD,2022-04-01 14:00:00+00:00,0.9995,45625537.2905
BUSD,2022-04-01 15:00:00+00:00,0.9995,58748758.9921
BUSD,2022-04-01 16:00:00+00:00,0.9996,97499847.2222
BUSD,2022-04-01 17:00:00+00:00,0.9996,23532927.8382
BUSD,2022-04-01 18:00:00+00:00,0.9996,25330133.7957
BUSD,2022-04-01 19:00:00+00:00,0.9997,14749033.4242
BUSD,2022-04-01 20:00:00+00:00,0.9996,31614297.8044
BUSD,2022-04-01 21:00:00+00:00,0.9996,15766033.9783
BUSD,2022-04-01 22:00:00+00:00,0.9996,21132001.497
BUSD,2022-04-01 23:00:00+00:00,0.9996,45962968.6551
BUSD,2022-04-02 00:00:00+00:00,0.9996,41331965.9687
BUSD,2022-04-02 01:00:00+00:00,0.9997,31510523.5896
BUSD,2022-04-02 02:00:00+00:00,0.9996,22478426.1786
BUSD,2022-04-02 03:00:00+00:00,0.9996,41772444.5119
BUSD,2022-04-02 04:00:00+00:00,0.9996,15982477.6894
BUSD,2022-04-02 05:00:00+00:00,0.9996,12512176.5619
BUSD,2022-04-02 06:00:00+00:00,0.9997,24226126.0495
BUSD,2022-04-02 07:00:00+00:00,0.9997,36333959.7385
BUSD,2022-04-02 08:00:00+00:00,0.9996,25965134.0696
BUSD,2022-04-02 09:00:00+00:00,0.9996,27603168.2982
BUSD,2022-04-02 10:00:00+00:00,0.9997,20476648.8911
BUSD,2022-04-02 11:00:00+00:00,0.9996,20686993.6249
BUSD,2022-04-02 12:00:00+00:00,0.9997,29094151.1112
BUSD,2022-04-02 13:00:00+00:00,0.9996,25035345.8172
BUSD,2022-04-02 14:00:00+00:00,0.9996,25880612.1832
BUSD,2022-04-02 15:00:00+00:00,0.9997,46592423.0876
BUSD,2022-04-02 16:00:00+00:00,0.9997,27622936.9761
BUSD,2022-04-02 17:00:00+00:00,0.9997,19663669.1369
BUSD,2022-04-02 18:00:00+00:00,0.9996,26593436.9093
BUSD,2022-04-02 19:00:00+00:00,0.9997,13516415.6327
BUSD,2022-04-02 20:00:00+00:00,0.9996,13694084.6251
BUSD,2022-04-02 21:00:00+00:00,0.9996,16801872.3724
BUSD,2022-04-02 22:00:00+00:00,0.9996,26685275.2229
BUSD,2022-04-02 23:00:00+00:00,0.9997,22902368.4385
BUSD,2022-04-03 00:00:00+00:00,0.9997,18927731.9442
BUSD,2022-04-03 01:00:00+00:00,0.9996,26985050.2993
BUSD,2022-04-03 02:00:00+00:00,0.9996,17556667.8706
BUSD,2022-04-03 03:00:00+00:00,0.9997,14976747.0248
BUSD,2022-04-03 04:00:00+00:00,0.9997,16470816.5724
BUSD,2022-04-03 05:00:00+00:00,0.9997,14345382.3382
BUSD,2022-04-03 06:00:00+00:00,0.9997,19469463.9314
BUSD,2022-04-03 07:00:00+00:00,0.9996,25058414.8937
BUSD,2022-04-03 08:00:00+00:00,0.9996,22279593.9607
BUSD,2022-04-03 09:00:00+00:00,0.9996,20090633.8958
BUSD,2022-04-03 10:00:00+00:00,0.9996,19272225.2565
BUSD,2022-04-03 11:00:00+00:00,0.9996,17962615.0903
BUSD,2022-04-03 12:00:00+00:00,0.9996,24992906.3304
BUSD,2022-04-03 13:00:00+00:00,0.9997,38432160.6448
BUSD,2022-04-03 14:00:00+00:00,0.9997,34090464.6661
BUSD,2022-04-03 15:00:00+00:00,0.9996,20755274.6225
BUSD,2022-04-03 16:00:00+00:00,0.9996,18934770.9909
BUSD,2022-04-03 17:00:00+00:00,0.9997,15599777.6269
BUSD,2022-04-03 18:00:00+00:00,0.9996,15589196.211
BUSD,2022-04-03 19:00:00+00:00,0.9996,19472707.1743
BUSD,2022-04-03 20:00:00+00:00,0.9996,20937600.7054
BUSD,2022-04-03 21:00:00+00:00,0.9997,21238128.9696
BUSD,2022-04-03 22:00:00+00:00,0.9998,59101852.0547
BUSD,2022-04-03 23:00:00+00:00,0.9997,15136669.6034
BUSD,2022-04-04 00:00:00+00:00,0.9998,24307422.7839
BUSD,2022-04-04 01:00:00+00:00,0.9997,14894970.142
BUSD,2022-04-04 02:00:00+00:00,0.9997,15052768.8401
BUSD,2022-04-04 03:00:00+00:00,0.9997,14752302.5746
BUSD,2022-04-04 04:00:00+00:00,0.9997,14194993.9957
BUSD,2022-04-04 05:00:00+00:00,0.9997,13334386.6216
BUSD,2022-04-04 06:00:00+00:00,0.9997,13026123.0258
BUSD,2022-04-04 07:00:00+00:00,0.9997,30375225.3652
BUSD,2022-04-04 08:00:00+00:00,0.9998,36860847.5106
BUSD,2022-04-04 09:00:00+00:00,0.9998,70306763.6133
BUSD,2022-04-04 10:00:00+00:00,0.9997,60189686.3148
BUSD,2022-04-04 11:00:00+00:00,0.9998,23492706.8004
BUSD,2022-04-04 12:00:00+00:00,0.9997,20517775.6984
BUSD,2022-04-04 13:00:00+00:00,0.9998,31476650.4933
BUSD,2022-04-04 14:00:00+00:00,0.9997,30502237.4348
BUSD,2022-04-04 15:00:00+00:00,0.9998,40302726.3018
BUSD,2022-04-04 16:00:00+00:00,0.9998,25562288.2233
BUSD,2022-04-04 17:00:00+00:00,0.9998,83702745.4633
BUSD,2022-04-04 18:00:00+00:00,0.9997,31956570.806
BUSD,2022-04-04 19:00:00+00:00,0.9998,19972248.1925
BUSD,2022-04-04 20:00:00+00:00,0.9997,106138903.2228
BUSD,2022-04-04 21:00:00+00:00,0.9998,24438558.1262
BUSD,2022-04-04 22:00:00+00:00,0.9998,26261470.977
BUSD,2022-04-04 23:00:00+00:00,0.9998,18972612.247
BUSD,2022-04-05 00:00:00+00:00,0.9997,19714997.0668
BUSD,2022-04-05 01:00:00+00:00,0.9998,18742179.8751
BUSD,2022-04-05 02:00:00+00:00,0.9999,40455589.8799
BUSD,2022-04-05 03:00:00+00:00,0.9999,19736285.5311
BUSD,2022-04-05 04:00:00+00:00,0.9998,16401599.5567
BUSD,2022-04-05 05:00:00+00:00,0.9998,18171815.1718
BUSD,2022-04-05 06:00:00+00:00,0.9998,14353029.5752
BUSD,2022-04-05 07:00:00+00:00,0.9998,20174680.0656
BUSD,2022-04-05 08:00:00+00:00,0.9998,25894159.6935
BUSD,2022-04-05 09:00:00+00:00,0.9999,63195192.0057
BUSD,2022-04-05 10:00:00+00:00,0.9998,43298984.0977
BUSD,2022-04-05 11:00:00+00:00,0.9999,30193528.4275
BUSD,2022-04-05 12:00:00+00:00,0.9999,28575863.8328
BUSD,2022-04-05 13:00:00+00:00,0.9998,34588007.3068
BUSD,2022-04-05 14:00:00+00:00,0.9998,41152912.8772
BUSD,2022-04-05 15:00:00+00:00,0.9999,32249239.0358
BUSD,2022-04-05 16:00:00+00:00,0.9999,40560955.2954
BUSD,2022-04-05 17:00:00+00:00,0.9998,36781898.3883
BUSD,2022-04-05 18:00:00+00:00,0.9999,17049327.6361
BUSD,2022-04-05 19:00:00+00:00,0.9998,28257912.5634
BUSD,2022-04-05 20:00:00+00:00,0.9999,20347829.2095
BUSD,2022-04-05 21:00:00+00:00,0.9998,19299702.9197
BUSD,2022-04-05 22:00:00+00:00,0.9998,9744240.4498
BUSD,2022-04-05 23:00:00+00:00,0.9998,13236889.4974
BUSD,2022-04-06 00:00:00+00:00,0.9998,85533292.6589
BUSD,2022-04-06 01:00:00+00:00,0.9998,22970817.7804
BUSD,2022-04-06 02:00:00+00:00,0.9998,14746059.8053
BUSD,2022-04-06 03:00:00+00:00,0.9997,14729532.9165
BUSD,2022-04-06 04:00:00+00:00,0.9998,18576935.5768
BUSD,2022-04-06 05:00:00+00:00,0.9997,18685714.2845
BUSD,2022-04-06 06:00:00+00:00,0.9998,35837395.9185
BUSD,2022-04-06 07:00:00+00:00,0.9997,24813315.1769
BUSD,2022-04-06 08:00:00+00:00,0.9998,45440037.4042
BUSD,2022-04-06 09:00:00+00:00,0.9998,28349328.897
BUSD,2022-04-06 10:00:00+00:00,0.9998,33911559.9527
BUSD,2022-04-06 11:00:00+00:00,0.9997,46883065.2453
BUSD,2022-04-06 12:00:00+00:00,0.9997,40220094.4064
BUSD,2022-04-06 13:00:00+00:00,0.9997,52075962.8503
BUSD,2022-04-06 14:00:00+00:00,0.9998,106976110.4031
BUSD,2022-04-06 15:00:00+00:00,0.9999,101546813.8251
BUSD,2022-04-06 16:00:00+00:00,0.9999,57494500.9713
BUSD,2022-04-06 17:00:00+00:00,1.0,80816002.4279
BUSD,2022-04-06 18:00:00+00:00,1.0,36977907.2258
BUSD,2022-04-06 19:00:00+00:00,0.9999,53803135.4939
BUSD,2022-04-06 20:00:00+00:00,0.9999,11512248.7077
BUSD,2022-04-06 21:00:00+00:00,1.0,10606841.2748
BUSD,2022-04-06 22:00:00+00:00,0.9999,24502737.6196
BUSD,2022-04-06 23:00:00+00:00,0.9999,23228181.1256
BUSD,2022-04-07 00:00:00+00:00,0.9999,27451730.4222
BUSD,2022-04-07 01:00:00+00:00,0.9999,32782656.7073
BUSD,2022-04-07 02:00:00+00:00,1.0,27135917.2831
BUSD,2022-04-07 03:00:00+00:00,0.9999,16660430.4757
BUSD,2022-04-07 04:00:00+00:00,1.0,15373040.092
BUSD,2022-04-07 05:00:00+00:00,1.0,14371594.0651
BUSD,2022-04-07 06:00:00+00:00,0.9999,13973142.8591
BUSD,2022-04-07 07:00:00+00:00,0.9999,19156042.06
BUSD,2022-04-07 08:00:00+00:00,1.0,18524827.6848
BUSD,2022-04-07 09:00:00+00:00,1.0,19310803.1504
BUSD,2022-04-07 10:00:00+00:00,0.9999,12129892.4759
BUSD,2022-04-07 11:00:00+00:00,0.9999,22418911.6609
BUSD,2022-04-07 12:00:00+00:00,1.0,22272264.2453
BUSD,2022-04-07 13:00:00+00:00,1.0,31514528.7267
BUSD,2022-04-07 14:00:00+00:00,0.9999,21774795.0289
BUSD,2022-04-07 15:00:00+00:00,0.9999,27788625.8255
BUSD,2022-04-07 16:00:00+00:00,1.0,25370227.5149
BUSD,2022-04-07 17:00:00+00:00,0.9999,47010885.0967
BUSD,2022-04-07 18:00:00+00:00,0.9999,13475251.4599
BUSD,2022-04-07 19:00:00+00:00,0.9999,10510816.6682
BUSD,2022-04-07 20:00:00+00:00,0.9999,8282735.2603
BUSD,2022-04-07 21:00:00+00:00,1.0,11698835.7389
BUSD,2022-04-07 22:00:00+00:00,0.9999,6525773.1237
BUSD,2022-04-07 23:00:00+00:00,0.9999,12600464.653
BUSD,2022-04-08 00:00:00+00:00,0.9999,19612857.2562
BUSD,2022-04-08 01:00:00+00:00,0.9999,15632171.1913
BUSD,2022-04-08 02:00:00+00:00,1.0,16150792.8722
BUSD,2022-04-08 03:00:00+00:00,1.0,20888458.9153
BUSD,2022-04-08 04:00:00+00:00,0.9999,20352616.551
BUSD,2022-04-08 05:00:00+00:00,0.9999,18553097.7715
BUSD,2022-04-08 06:00:00+00:00,1.0,14276893.5403
BUSD,2022-04-08 07:00:00+00:00,0.9999,35302629.5459
BUSD,2022-04-08 08:00:00+00:00,0.9998,20767391.5348
BUSD,2022-04-08 09:00:00+00:00,0.9998,15566966.05
BUSD,2022-04-08 10:00:00+00:00,0.9999,16512788.8251
BUSD,2022-04-08 11:00:00+00:00,0.9999,25422876.8777
BUSD,2022-04-08 12:00:00+00:00,0.9998,21813941.5818
BUSD,2022-04-08 13:00:00+00:00,0.9998,23707489.4333
BUSD,2022-04-08 14:00:00+00:00,0.9998,25177504.1758
BUSD,2022-04-08 15:00:00+00:00,0.9997,65490850.434
BUSD,2022-04-08 16:00:00+00:00,0.9998,23907868.9083
BUSD,2022-04-08 17:00:00+00:00,0.9998,31373574.198
BUSD,2022-04-08 18:00:00+00:00,0.9997,23558883.6773
BUSD,2022-04-08 19:00:00+00:00,0.9998,24036752.8759
BUSD,2022-04-08 20:00:00+00:00,0.9997,19706694.4675
BUSD,2022-04-08 21:00:00+00:00,0.9998,32512059.1981
BUSD,2022-04-08 22:00:00+00:00,0.9998,14660507.6394
BUSD,2022-04-08 23:00:00+00:00,0.9998,15766458.4871
BUSD,2022-04-09 00:00:00+00:00,0.9998,17652099.8515
BUSD,2022-04-09 01:00:00+00:00,0.9999,7766562.3796
BUSD,2022-04-09 02:00:00+00:00,0.9998,10132416.7892
BUSD,2022-04-09 03:00:00+00:00,0.9998,15655927.2275
BUSD,2022-04-09 04:00:00+00:00,0.9998,13826991.455
BUSD,2022-04-09 05:00:00+00:00,0.9998,16398570.7147
BUSD,2022-04-09 06:00:00+00:00,0.9999,7579060.5864
BUSD,2022-04-09 07:00:00+00:00,0.9998,11208144.5585
BUSD,2022-04-09 08:00:00+00:00,0.9999,10817105.6143
BUSD,2022-04-09 09:00:00+00:00,0.9998,6365793.2164
BUSD,2022-04-09 10:00:00+00:00,0.9998,7455366.1605
BUSD,2022-04-09 11:00:00+00:00,0.9998,20875976.208
BUSD,2022-04-09 12:00:00+00:00,0.9999,10293486.4773
BUSD,2022-04-09 13:00:00+00:00,0.9999,11966495.5735
BUSD,2022-04-09 14:00:00+00:00,0.9998,13848472.3558
BUSD,2022-04-09 15:00:00+00:00,0.9999,12984762.163
BUSD,2022-04-09 16:00:00+00:00,0.9998,47616218.4692
BUSD,2022-04-09 17:00:00+00:00,0.9997,8216579.3166
BUSD,2022-04-09 18:00:00+00:00,0.9997,9644579.0451
BUSD,2022-04-09 19:00:00+00:00,0.9997,4968074.9237
BUSD,2022-04-09 20:00:00+00:00,0.9997,9711962.1005
BUSD,2022-04-09 21:00:00+00:00,0.9997,10574048.7256
BUSD,2022-04-09 22:00:00+00:00,0.9998,11280294.0555
BUSD,2022-04-09 23:00:00+00:00,0.9997,12813341.3913
BUSD,2022-04-10 00:00:00+00:00,0.9996,72549664.8414
BUSD,2022-04-10 01:00:00+00:00,0.9997,15124424.2942
BUSD,2022-04-10 02:00:00+00:00,0.9996,19314385.5988
BUSD,2022-04-10 03:00:00+00:00,0.9996,11483003.9234
BUSD,2022-04-10 04:00:00+00:00,0.9997,14487556.7336
BUSD,2022-04-10 05:00:00+00:00,0.9996,9110839.5306
BUSD,2022-04-10 06:00:00+00:00,0.9996,7419657.6425
BUSD,2022-04-10 07:00:00+00:00,0.9996,10581164.8474
BUSD,2022-04-10 08:00:00+00:00,0.9997,10114572.2093
BUSD,2022-04-10 09:00:00+00:00,0.9997,10799012.1077
BUSD,2022-04-10 10:00:00+00:00,0.9996,8404161.1039
BUSD,2022-04-10 11:00:00+00:00,0.9997,10861926.653
BUSD,2022-04-10 12:00:00+00:00,0.9996,14470529.5585
BUSD,2022-04-10 13:00:00+00:00,0.9997,11209679.1539
BUSD,2022-04-10 14:00:00+00:00,0.9996,15641932.5696
BUSD,2022-04-10 15:00:00+00:00,0.9996,10911179.2904
BUSD,2022-04-10 16:00:00+00:00,0.9996,16175555.1644
BUSD,2022-04-10 17:00:00+00:00,0.9998,66036500.0059
BUSD,2022-04-10 18:00:00+00:00,0.9997,11588601.3986
BUSD,2022-04-10 19:00:00+00:00,0.9998,8319610.3693
BUSD,2022-04-10 20:00:00+00:00,0.9997,8461417.4741
BUSD,2022-04-10 21:00:00+00:00,0.9998,13294552.5167
BUSD,2022-04-10 22:00:00+00:00,0.9997,18808059.4119
BUSD,2022-04-10 23:00:00+00:00,0.9997,11697256.8892
BUSD,2022-04-11 00:00:00+00:00,0.9997,19643429.5459
BUSD,2022-04-11 01:00:00+00:00,0.9998,18309273.0369
BUSD,2022-04-11 02:00:00+00:00,0.9998,28291941.2077
BUSD,2022-04-11 03:00:00+00:00,0.9998,19246485.7743
BUSD,2022-04-11 04:00:00+00:00,0.9997,15126624.3136
BUSD,2022-04-11 05:00:00+00:00,0.9997,12098145.6844
BUSD,2022-04-11 06:00:00+00:00,0.9998,14110969.0688
BUSD,2022-04-11 07:00:00+00:00,0.9998,15436648.6364
BUSD,2022-04-11 08:00:00+00:00,0.9998,15331688.3228
BUSD,2022-04-11 09:00:00+00:00,0.9997,35009758.7027
BUSD,2022-04-11 10:00:00+00:00,0.9998,31994626.0109
BUSD,2022-04-11 11:00:00+00:00,0.9997,39703493.5402
BUSD,2022-04-11 12:00:00+00:00,0.9997,32026966.7159
BUSD,2022-04-11 13:00:00+00:00,0.9998,75052184.8481
BUSD,2022-04-11 14:00:00+00:00,0.9998,43847439.9331
BUSD,2022-04-11 15:00:00+00:00,1.0,53513449.4372
BUSD,2022-04-11 16:00:00+00:00,0.9999,24457950.3905
BUSD,2022-04-11 17:00:00+00:00,1.0,22580661.1625
BUSD,2022-04-11 18:00:00+00:00,0.9999,38700157.8826
BUSD,2022-04-11 19:00:00+00:00,0.9999,33818197.2388
BUSD,2022-04-11 20:00:00+00:00,0.9999,26893006.985
BUSD,2022-04-11 21:00:00+00:00,0.9999,59438034.6662
BUSD,2022-04-11 22:00:00+00:00,0.9999,16908148.5489
BUSD,2022-04-11 23:00:00+00:00,0.9998,10302117.2023
BUSD,2022-04-12 00:00:00+00:00,0.9998,46565560.8568
BUSD,2022-04-12 01:00:00+00:00,0.9999,49891522.0396
BUSD,2022-04-12 02:00:00+00:00,1.0,23980979.9955
BUSD,2022-04-12 03:00:00+00:00,1.0,19256533.2469
BUSD,2022-04-12 04:00:00+00:00,0.9999,14267147.4841
BUSD,2022-04-12 05:00:00+00:00,0.9999,14185484.8083
BUSD,2022-04-12 06:00:00+00:00,0.9999,14879609.6706
BUSD,2022-04-12 07:00:00+00:00,1.0,13475648.1569
BUSD,2022-04-12 08:00:00+00:00,0.9999,18274296.3084
BUSD,2022-04-12 09:00:00+00:00,0.9999,62422723.0177
BUSD,2022-04-12 10:00:00+00:00,0.9998,16230336.0706
BUSD,2022-04-12 11:00:00+00:00,0.9999,21017674.7592
BUSD,2022-04-12 12:00:00+00:00,0.9998,34791013.4069
BUSD,2022-04-12 13:00:00+00:00,0.9998,38550776.0973
BUSD,2022-04-12 14:00:00+00:00,0.9998,45892313.1777
BUSD,2022-04-12 15:00:00+00:00,0.9998,31612274.4957
BUSD,2022-04-12 16:00:00+00:00,0.9999,22590616.8252
BUSD,2022-04-12 17:00:00+00:00,0.9999,13348906.3705
BUSD,2022-04-12 18:00:00+00:00,0.9998,14250941.8645
BUSD,2022-04-12 19:00:00+00:00,0.9998,25964490.4287
BUSD,2022-04-12 20:00:00+00:00,0.9999,35503746.5856
BUSD,2022-04-12 21:00:00+00:00,0.9998,11313501.659
BUSD,2022-04-12 22:00:00+00:00,0.9998,9114481.8779
BUSD,2022-04-12 23:00:00+00:00,0.9998,9053201.1059
BUSD,2022-04-13 00:00:00+00:00,0.9998,11798081.2768
BUSD,2022-04-13 01:00:00+00:00,0.9999,10375165.2971
BUSD,2022-04-13 02:00:00+00:00,0.9999,11010334.1345
BUSD,2022-04-13 03:00:00+00:00,0.9999,10870786.1617
BUSD,2022-04-13 04:00:00+00:00,0.9999,17588384.6478
BUSD,2022-04-13 05:00:00+00:00,0.9999,29590903.8607
BUSD,2022-04-13 06:00:00+00:00,0.9998,9866773.3723
BUSD,2022-04-13 07:00:00+00:00,0.9998,10403129.3365
BUSD,2022-04-13 08:00:00+00:00,0.9999,9812175.2098
BUSD,2022-04-13 09:00:00+00:00,0.9998,9834526.7406
BUSD,2022-04-13 10:00:00+00:00,0.9998,14338670.4373
BUSD,2022-04-13 11:00:00+00:00,0.9998,11185574.9004
BUSD,2022-04-13 12:00:00+00:00,0.9998,12229383.1495
BUSD,2022-04-13 13:00:00+00:00,0.9998,25788290.1857
BUSD,2022-04-13 14:00:00+00:00,0.9998,26862759.2135
BUSD,2022-04-13 15:00:00+00:00,0.9998,32956850.8954
BUSD,2022-04-13 16:00:00+00:00,0.9999,17866051.7999
BUSD,2022-04-13 17:00:00+00:00,0.9999,12465609.3881
BUSD,2022-04-13 18:00:00+00:00,0.9999,11107954.9566
BUSD,2022-04-13 19:00:00+00:00,0.9999,8128744.1174
BUSD,2022-04-13 20:00:00+00:00,0.9999,8994400.358
BUSD,2022-04-13 21:00:00+00:00,0.9998,9395161.0458
BUSD,2022-04-13 22:00:00+00:00,0.9998,7704637.8857
BUSD,2022-04-13 23:00:00+00:00,0.9998,7122517.457
BUSD,2022-04-14 00:00:00+00:00,0.9999,8108913.8162
BUSD,2022-04-14 01:00:00+00:00,0.9998,16609332.5309
BUSD,2022-04-14 02:00:00+00:00,0.9999,11193634.2113
BUSD,2022-04-14 03:00:00+00:00,0.9998,8836739.3248
BUSD,2022-04-14 04:00:00+00:00,0.9998,12421417.8284
BUSD,2022-04-14 05:00:00+00:00,0.9999,27258635.7181
BUSD,2022-04-14 06:00:00+00:00,0.9999,14102206.1149
BUSD,2022-04-14 07:00:00+00:00,0.9998,30575938.1067
BUSD,2022-04-14 08:00:00+00:00,0.9999,32863510.9223
BUSD,2022-04-14 09:00:00+00:00,0.9999,30036484.0186
BUSD,2022-04-14 10:00:00+00:00,0.9999,29116861.1234
BUSD,2022-04-14 11:00:00+00:00,0.9998,52297382.0794
BUSD,2022-04-14 12:00:00+00:00,0.9998,12947217.4245
BUSD,2022-04-14 13:00:00+00:00,0.9999,18863865.4023
BUSD,2022-04-14 14:00:00+00:00,0.9997,41459569.7118
BUSD,2022-04-14 15:00:00+00:00,0.9998,20678912.4051
BUSD,2022-04-14 16:00:00+00:00,0.9997,21917347.9128
BUSD,2022-04-14 17:00:00+00:00,1.0,92535112.5007
BUSD,2022-04-14 18:00:00+00:00,1.0,8658830.9625
BUSD,2022-04-14 19:00:00+00:00,1.0,7817632.1354
BUSD,2022-04-14 20:00:00+00:00,1.0,8336484.8793
BUSD,2022-04-14 21:00:00+00:00,0.9999,9439442.436
BUSD,2022-04-14 22:00:00+00:00,0.9999,9322685.8613
BUSD,2022-04-14 23:00:00+00:00,0.9999,6373301.8663
BUSD,2022-04-15 00:00:00+00:00,1.0,10034599.4736
BUSD,2022-04-15 01:00:00+00:00,1.0,10411826.5055
BUSD,2022-04-15 02:00:00+00:00,0.9999,6038538.399
BUSD,2022-04-15 03:00:00+00:00,1.0,7356884.6962
BUSD,2022-04-15 04:00:00+00:00,0.9999,31495066.7648
BUSD,2022-04-15 05:00:00+00:00,0.9999,6868405.9743
BUSD,2022-04-15 06:00:00+00:00,0.9999,43116694.9387
BUSD,2022-04-15 07:00:00+00:00,0.9999,14814906.7389
BUSD,2022-04-15 08:00:00+00:00,0.9999,10623557.7171
BUSD,2022-04-15 09:00:00+00:00,0.9998,7010456.8315
BUSD,2022-04-15 10:00:00+00:00,0.9999,8927296.3849
BUSD,2022-04-15 11:00:00+00:00,0.9998,9875932.9607
BUSD,2022-04-15 12:00:00+00:00,0.9999,11278535.8401
BUSD,2022-04-15 13:00:00+00:00,0.9998,11001102.6578
BUSD,2022-04-15 14:00:00+00:00,0.9998,18160381.7994
BUSD,2022-04-15 15:00:00+00:00,0.9999,14191211.2451
BUSD,2022-04-15 16:00:00+00:00,0.9998,11476815.8786
BUSD,2022-04-15 17:00:00+00:00,0.9998,6954631.884
BUSD,2022-04-15 18:00:00+00:00,0.9999,5693111.2627
BUSD,2022-04-15 19:00:00+00:00,0.9998,12925460.9162
BUSD,2022-04-15 20:00:00+00:00,0.9998,9762507.9415
BUSD,2022-04-15 21:00:00+00:00,0.9999,4707050.3612
BUSD,2022-04-15 22:00:00+00:00,0.9999,27163607.729
BUSD,2022-04-15 23:00:00+00:00,0.9999,5454209.7648
BUSD,2022-04-16 00:00:00+00:00,0.9998,6584966.0821
BUSD,2022-04-16 01:00:00+00:00,0.9999,6517235.6402
BUSD,2022-04-16 02:00:00+00:00,0.9998,6133400.2362
BUSD,2022-04-16 03:00:00+00:00,0.9998,5149719.7114
BUSD,2022-04-16 04:00:00+00:00,0.9999,10488187.9621
BUSD,2022-04-16 05:00:00+00:00,0.9998,4179712.4747
BUSD,2022-04-16 06:00:00+00:00,0.9998,8267571.1295
BUSD,2022-04-16 07:00:00+00:00,0.9999,8298220.9591
BUSD,2022-04-16 08:00:00+00:00,0.9998,8564890.069
BUSD,2022-04-16 09:00:00+00:00,0.9999,5495425.1276
BUSD,2022-04-16 10:00:00+00:00,0.9998,5356361.6547
BUSD,2022-04-16 11:00:00+00:00,0.9999,8871390.3202
BUSD,2022-04-16 12:00:00+00:00,0.9998,6240244.77
BUSD,2022-04-16 13:00:00+00:00,0.9999,6444326.6909
BUSD,2022-04-16 14:00:00+00:00,0.9999,13432037.2315
BUSD,2022-04-16 15:00:00+00:00,0.9998,12678734.5999
BUSD,2022-04-16 16:00:00+00:00,0.9998,7134046.7109
BUSD,2022-04-16 17:00:00+00:00,0.9998,4513590.8322
BUSD,2022-04-16 18:00:00+00:00,0.9998,5806979.5759
BUSD,2022-04-16 19:00:00+00:00,0.9998,4633794.9027
BUSD,2022-04-16 20:00:00+00:00,0.9998,3134531.5099
BUSD,2022-04-16 21:00:00+00:00,0.9998,4564551.3419
BUSD,2022-04-16 22:00:00+00:00,0.9998,5857432.778
BUSD,2022-04-16 23:00:00+00:00,0.9998,3134549.2898
BUSD,2022-04-17 00:00:00+00:00,0.9999,4355096.2596
BUSD,2022-04-17 01:00:00+00:00,0.9998,5026555.4528
BUSD,2022-04-17 02:00:00+00:00,0.9999,6438997.2775
BUSD,2022-04-17 03:00:00+00:00,0.9998,7659572.0874
BUSD,2022-04-17 04:00:00+00:00,0.9998,10784029.9313
BUSD,2022-04-17 05:00:00+00:00,0.9999,8100128.5454
BUSD,2022-04-17 06:00:00+00:00,0.9998,5126155.3983
BUSD,2022-04-17 07:00:00+00:00,0.9998,4005481.8563
BUSD,2022-04-17 08:00:00+00:00,0.9998,9959036.7854
BUSD,2022-04-17 09:00:00+00:00,0.9999,10347195.9931
BUSD,2022-04-17 10:00:00+00:00,0.9998,6526531.4462
BUSD,2022-04-17 11:00:00+00:00,0.9998,5196936.733
BUSD,2022-04-17 12:00:00+00:00,0.9999,20529621.7857
BUSD,2022-04-17 13:00:00+00:00,0.9998,32081577.5994
BUSD,2022-04-17 14:00:00+00:00,0.9998,9869365.1346
BUSD,2022-04-17 15:00:00+00:00,0.9997,12196422.3426
BUSD,2022-04-17 16:00:00+00:00,0.9997,10772708.067
BUSD,2022-04-17 17:00:00+00:00,0.9997,8925219.6549
BUSD,2022-04-17 18:00:00+00:00,0.9997,9000830.0603
BUSD,2022-04-17 19:00:00+00:00,0.9997,5762672.155
BUSD,2022-04-17 20:00:00+00:00,0.9997,4984641.215
BUSD,2022-04-17 21:00:00+00:00,0.9997,5757811.1877
BUSD,2022-04-17 22:00:00+00:00,0.9998,6857719.0219
BUSD,2022-04-17 23:00:00+00:00,0.9997,18610738.3621
BUSD,2022-04-18 00:00:00+00:00,0.9998,22398888.053
BUSD,2022-04-18 01:00:00+00:00,0.9998,6307231.9229
BUSD,2022-04-18 02:00:00+00:00,0.9998,11153991.1106
BUSD,2022-04-18 03:00:00+00:00,0.9998,43782114.8251
BUSD,2022-04-18 04:00:00+00:00,0.9997,96768354.6623
BUSD,2022-04-18 05:00:00+00:00,0.9996,42017215.2254
BUSD,2022-04-18 06:00:00+00:00,0.9997,26377568.0209
BUSD,2022-04-18 07:00:00+00:00,0.9997,24613428.7494
BUSD,2022-04-18 08:00:00+00:00,0.9997,65757349.2168
BUSD,2022-04-18 09:00:00+00:00,0.9998,17595931.1129
BUSD,2022-04-18 10:00:00+00:00,0.9997,43075257.7596
BUSD,2022-04-18 11:00:00+00:00,0.9997,20970161.9788
BUSD,2022-04-18 12:00:00+00:00,0.9997,24868183.0989
BUSD,2022-04-18 13:00:00+00:00,0.9997,17064685.7565
BUSD,2022-04-18 14:00:00+00:00,0.9998,22997049.5465
BUSD,2022-04-18 15:00:00+00:00,0.9997,22780733.2517
BUSD,2022-04-18 16:00:00+00:00,0.9998,20387646.3435
BUSD,2022-04-18 17:00:00+00:00,0.9999,68368649.5524
BUSD,2022-04-18 18:00:00+00:00,0.9999,21072688.5597
BUSD,2022-04-18 19:00:00+00:00,0.9998,16825342.6393
BUSD,2022-04-18 20:00:00+00:00,0.9999,13708830.0907
BUSD,2022-04-18 21:00:00+00:00,0.9998,12619405.8268
BUSD,2022-04-18 22:00:00+00:00,0.9998,16257171.2807
BUSD,2022-04-18 23:00:00+00:00,0.9999,9466924.1523
BUSD,2022-04-19 00:00:00+00:00,0.9998,18134964.3461
BUSD,2022-04-19 01:00:00+00:00,0.9999,12372694.0681
BUSD,2022-04-19 02:00:00+00:00,0.9999,13734138.3254
BUSD,2022-04-19 03:00:00+00:00,0.9998,16562609.6349
BUSD,2022-04-19 04:00:00+00:00,0.9998,18445536.5645
BUSD,2022-04-19 05:00:00+00:00,0.9998,9680637.2783
BUSD,2022-04-19 06:00:00+00:00,0.9999,10688030.1157
BUSD,2022-04-19 07:00:00+00:00,0.9998,9654270.9246
BUSD,2022-04-19 08:00:00+00:00,0.9998,21087314.8058
BUSD,2022-04-19 09:00:00+00:00,0.9998,11818757.4574
BUSD,2022-04-19 10:00:00+00:00,0.9998,14424169.8268
BUSD,2022-04-19 11:00:00+00:00,0.9998,21670311.3139
BUSD,2022-04-19 12:00:00+00:00,0.9999,21742272.1794
BUSD,2022-04-19 13:00:00+00:00,0.9998,21229057.5479
BUSD,2022-04-19 14:00:00+00:00,0.9998,72549869.2669
BUSD,2022-04-19 15:00:00+00:00,0.9997,35370879.8769
BUSD,2022-04-19 16:00:00+00:00,0.9998,32386311.4612
BUSD,2022-04-19 17:00:00+00:00,0.9997,31168449.3046
BUSD,2022-04-19 18:00:00+00:00,0.9998,13120906.8667
BUSD,2022-04-19 19:00:00+00:00,0.9998,11367707.2148
BUSD,2022-04-19 20:00:00+00:00,0.9997,12121577.9628
BUSD,2022-04-19 21:00:00+00:00,0.9998,30379224.387
BUSD,2022-04-19 22:00:00+00:00,0.9997,8611996.2321
BUSD,2022-04-19 23:00:00+00:00,0.9998,10537729.2686
BUSD,2022-04-20 00:00:00+00:00,0.9998,54284888.2212
BUSD,2022-04-20 01:00:00+00:00,0.9999,25363976.7483
BUSD,2022-04-20 02:00:00+00:00,0.9998,17085639.0435
BUSD,2022-04-20 03:00:00+00:00,0.9997,83054517.3424
BUSD,2022-04-20 04:00:00+00:00,0.9998,14723314.4896
BUSD,2022-04-20 05:00:00+00:00,0.9997,13223177.1748
BUSD,2022-04-20 06:00:00+00:00,0.9998,12694900.9615
BUSD,2022-04-20 07:00:00+00:00,0.9998,17478236.7014
BUSD,2022-04-20 08:00:00+00:00,0.9998,14134735.0108
BUSD,2022-04-20 09:00:00+00:00,0.9998,17896255.7573
BUSD,2022-04-20 10:00:00+00:00,0.9998,39957198.1324
BUSD,2022-04-20 11:00:00+00:00,0.9998,47273131.832
BUSD,2022-04-20 12:00:00+00:00,0.9997,26177043.1458
BUSD,2022-04-20 13:00:00+00:00,0.9998,45487111.1236
BUSD,2022-04-20 14:00:00+00:00,0.9997,34005010.6801
BUSD,2022-04-20 15:00:00+00:00,0.9998,38606643.0865
BUSD,2022-04-20 16:00:00+00:00,0.9997,45153919.613
BUSD,2022-04-20 17:00:00+00:00,0.9998,18882989.5543
BUSD,2022-04-20 18:00:00+00:00,0.9998,70876191.8266
BUSD,2022-04-20 19:00:00+00:00,0.9998,11110352.6598
BUSD,2022-04-20 20:00:00+00:00,0.9999,16287458.9026
BUSD,2022-04-20 21:00:00+00:00,0.9998,13728851.335
BUSD,2022-04-20 22:00:00+00:00,0.9999,10501080.763
BUSD,2022-04-20 23:00:00+00:00,0.9998,17130957.9945
BUSD,2022-04-21 00:00:00+00:00,0.9999,11227796.3124
BUSD,2022-04-21 01:00:00+00:00,0.9998,21341595.9021
BUSD,2022-04-21 02:00:00+00:00,0.9998,23350605.4637
BUSD,2022-04-21 03:00:00+00:00,0.9997,15346087.1171
BUSD,2022-04-21 04:00:00+00:00,0.9998,24734746.2399
BUSD,2022-04-21 05:00:00+00:00,0.9998,19114001.0178
BUSD,2022-04-21 06:00:00+00:00,0.9998,18222930.5167
BUSD,2022-04-21 07:00:00+00:00,0.9997,33785059.6016
BUSD,2022-04-21 08:00:00+00:00,0.9997,25281083.6469
BUSD,2022-04-21 09:00:00+00:00,0.9997,25981709.9261
BUSD,2022-04-21 10:00:00+00:00,0.9997,17491236.3738
BUSD,2022-04-21 11:00:00+00:00,0.9997,25885128.5217
BUSD,2022-04-21 12:00:00+00:00,0.9998,17879455.7082
BUSD,2022-04-21 13:00:00+00:00,0.9998,24397322.7467
BUSD,2022-04-21 14:00:00+00:00,0.9997,34458807.4423
BUSD,2022-04-21 15:00:00+00:00,0.9997,20080141.7097
BUSD,2022-04-21 16:00:00+00:00,0.9997,40408428.5634
BUSD,2022-04-21 17:00:00+00:00,0.9999,89754823.1026
BUSD,2022-04-21 18:00:00+00:00,0.9999,51009574.511
BUSD,2022-04-21 19:00:00+00:00,1.0,33928667.0506
BUSD,2022-04-21 20:00:00+00:00,0.9999,65832536.9287
BUSD,2022-04-21 21:00:00+00:00,0.9998,14765300.7832
BUSD,2022-04-21 22:00:00+00:00,0.9999,30519373.3828
BUSD,2022-04-21 23:00:00+00:00,0.9999,10312756.2371
BUSD,2022-04-22 00:00:00+00:00,0.9998,13812292.0774
BUSD,2022-04-22 01:00:00+00:00,0.9999,29723140.7322
BUSD,2022-04-22 02:00:00+00:00,0.9998,66874315.4054
BUSD,2022-04-22 03:00:00+00:00,1.0,35435208.4764
BUSD,2022-04-22 04:00:00+00:00,1.0,13429903.7934
BUSD,2022-04-22 05:00:00+00:00,0.9999,24677287.6773
BUSD,2022-04-22 06:00:00+00:00,0.9999,46056462.4755
BUSD,2022-04-22 07:00:00+00:00,0.9999,59168493.8838
BUSD,2022-04-22 08:00:00+00:00,0.9998,11327373.9087
BUSD,2022-04-22 09:00:00+00:00,0.9998,17945125.2731
BUSD,2022-04-22 10:00:00+00:00,0.9998,10516417.1625
BUSD,2022-04-22 11:00:00+00:00,0.9999,8084536.4219
BUSD,2022-04-22 12:00:00+00:00,0.9999,16178277.0652
BUSD,2022-04-22 13:00:00+00:00,0.9999,19603473.8676
BUSD,2022-04-22 14:00:00+00:00,0.9998,34571582.527
BUSD,2022-04-22 15:00:00+00:00,0.9998,27851694.3809
BUSD,2022-04-22 16:00:00+00:00,0.9999,73437767.5671
BUSD,2022-04-22 17:00:00+00:00,0.9999,10806872.7642
BUSD,2022-04-22 18:00:00+00:00,0.9999,21519192.8812
BUSD,2022-04-22 19:00:00+00:00,0.9999,7619402.647
BUSD,2022-04-22 20:00:00+00:00,1.0,7072876.6553
BUSD,2022-04-22 21:00:00+00:00,1.0,8349719.5167
BUSD,2022-04-22 22:00:00+00:00,1.0001,58268437.0751
BUSD,2022-04-22 23:00:00+00:00,1.0,8676286.216
BUSD,2022-04-23 00:00:00+00:00,0.9999,75643048.4587
BUSD,2022-04-23 01:00:00+00:00,0.9999,9701589.9098
BUSD,2022-04-23 02:00:00+00:00,1.0,10659627.0326
BUSD,2022-04-23 03:00:00+00:00,1.0,6270429.7414
BUSD,2022-04-23 04:00:00+00:00,0.9999,19349936.3966
BUSD,2022-04-23 05:00:00+00:00,0.9998,7507412.2564
BUSD,2022-04-23 06:00:00+00:00,0.9998,15400154.6613
BUSD,2022-04-23 07:00:00+00:00,0.9999,5731256.515
BUSD,2022-04-23 08:00:00+00:00,0.9999,10897900.5093
BUSD,2022-04-23 09:00:00+00:00,0.9999,8877262.1617
BUSD,2022-04-23 10:00:00+00:00,0.9998,8150283.8431
BUSD,2022-04-23 11:00:00+00:00,0.9998,6541563.7538
BUSD,2022-04-23 12:00:00+00:00,0.9998,9312932.328
BUSD,2022-04-23 13:00:00+00:00,0.9999,9088538.6233
BUSD,2022-04-23 14:00:00+00:00,0.9999,8920478.1092
BUSD,2022-04-23 15:00:00+00:00,0.9998,23769515.506
BUSD,2022-04-23 16:00:00+00:00,0.9998,54936672.9312
BUSD,2022-04-23 17:00:00+00:00,0.9998,6606012.3003
BUSD,2022-04-23 18:00:00+00:00,0.9998,4467063.8457
BUSD,2022-04-23 19:00:00+00:00,0.9999,5583037.7304
BUSD,2022-04-23 20:00:00+00:00,0.9999,5453089.4658
BUSD,2022-04-23 21:00:00+00:00,0.9999,5075467.4929
BUSD,2022-04-23 22:00:00+00:00,0.9998,6385950.2976
BUSD,2022-04-23 23:00:00+00:00,0.9998,8679941.1385
BUSD,2022-04-24 00:00:00+00:00,0.9998,8038858.9802
BUSD,2022-04-24 01:00:00+00:00,0.9998,7251472.9741
BUSD,2022-04-24 02:00:00+00:00,0.9998,23493717.1369
BUSD,2022-04-24 03:00:00+00:00,0.9998,6599495.2047
BUSD,2022-04-24 04:00:00+00:00,0.9999,5222639.2354
BUSD,2022-04-24 05:00:00+00:00,0.9998,5594990.5167
BUSD,2022-04-24 06:00:00+00:00,0.9999,5549211.0726
BUSD,2022-04-24 07:00:00+00:00,0.9998,6656641.7746
BUSD,2022-04-24 08:00:00+00:00,0.9999,7243316.2296
BUSD,2022-04-24 09:00:00+00:00,0.9998,6820969.4256
BUSD,2022-04-24 10:00:00+00:00,0.9998,7625307.2861
BUSD,2022-04-24 11:00:00+00:00,0.9999,8752828.2999
BUSD,2022-04-24 12:00:00+00:00,0.9998,8697220.4461
BUSD,2022-04-24 13:00:00+00:00,0.9999,17424948.1104
BUSD,2022-04-24 14:00:00+00:00,0.9998,13836604.9431
BUSD,2022-04-24 15:00:00+00:00,0.9999,14654654.3776
BUSD,2022-04-24 16:00:00+00:00,0.9998,38213792.6523
BUSD,2022-04-24 17:00:00+00:00,0.9998,7537606.0738
BUSD,2022-04-24 18:00:00+00:00,0.9998,8570445.4043
BUSD,2022-04-24 19:00:00+00:00,0.9997,7365968.1293
BUSD,2022-04-24 20:00:00+00:00,0.9997,5749840.9444
BUSD,2022-04-24 21:00:00+00:00,0.9998,6285752.0985
BUSD,2022-04-24 22:00:00+00:00,0.9998,7140016.05
BUSD,2022-04-24 23:00:00+00:00,0.9998,17907259.2849
BUSD,2022-04-25 00:00:00+00:00,0.9997,23999651.1745
BUSD,2022-04-25 01:00:00+00:00,0.9998,17099741.5494
BUSD,2022-04-25 02:00:00+00:00,0.9998,9511337.4559
BUSD,2022-04-25 03:00:00+00:00,0.9998,15609165.4696
BUSD,2022-04-25 04:00:00+00:00,0.9998,19100355.3445
BUSD,2022-04-25 05:00:00+00:00,0.9998,55040284.6266
BUSD,2022-04-25 06:00:00+00:00,0.9998,16913181.8985
BUSD,2022-04-25 07:00:00+00:00,0.9998,26154765.5847
BUSD,2022-04-25 08:00:00+00:00,0.9999,27513769.2272
BUSD,2022-04-25 09:00:00+00:00,0.9998,20945708.6143
BUSD,2022-04-25 10:00:00+00:00,0.9998,14811685.2689
BUSD,2022-04-25 11:00:00+00:00,0.9998,16831799.8014
BUSD,2022-04-25 12:00:00+00:00,0.9998,22321500.2506
BUSD,2022-04-25 13:00:00+00:00,0.9998,18320832.7611
BUSD,2022-04-25 14:00:00+00:00,0.9999,25936576.0284
BUSD,2022-04-25 15:00:00+00:00,0.9998,30511138.9675
BUSD,2022-04-25 16:00:00+00:00,0.9998,24712473.4467
BUSD,2022-04-25 17:00:00+00:00,0.9998,15556735.2204
BUSD,2022-04-25 18:00:00+00:00,0.9999,73514989.1301
BUSD,2022-04-25 19:00:00+00:00,1.0,46360872.7588
BUSD,2022-04-25 20:00:00+00:00,1.0,19973525.7627
BUSD,2022-04-25 21:00:00+00:00,1.0,8589081.3418
BUSD,2022-04-25 22:00:00+00:00,1.0,12725681.1841
BUSD,2022-04-25 23:00:00+00:00,0.9999,15228041.6094
BUSD,2022-04-26 00:00:00+00:00,0.9998,47836941.4414
BUSD,2022-04-26 01:00:00+00:00,0.9999,14999593.1759
BUSD,2022-04-26 02:00:00+00:00,0.9999,70975386.4076
BUSD,2022-04-26 03:00:00+00:00,1.0,6922077.5525
BUSD,2022-04-26 04:00:00+00:00,0.9999,10016355.9606
BUSD,2022-04-26 05:00:00+00:00,0.9999,9308884.8873
BUSD,2022-04-26 06:00:00+00:00,0.9999,34891469.0824
BUSD,2022-04-26 07:00:00+00:00,1.0,19921666.8152
BUSD,2022-04-26 08:00:00+00:00,1.0,18668559.425
BUSD,2022-04-26 09:00:00+00:00,0.9999,13378652.1502
BUSD,2022-04-26 10:00:00+00:00,1.0,14669936.9247
BUSD,2022-04-26 11:00:00+00:00,1.0,13592263.713
BUSD,2022-04-26 12:00:00+00:00,1.0,19404365.8414
BUSD,2022-04-26 13:00:00+00:00,0.9999,18883806.8615
BUSD,2022-04-26 14:00:00+00:00,1.0,39810267.7487
BUSD,2022-04-26 15:00:00+00:00,1.0,105873105.7325
BUSD,2022-04-26 16:00:00+00:00,0.9999,87550753.7976
BUSD,2022-04-26 17:00:00+00:00,0.9999,38382045.1074
BUSD,2022-04-26 18:00:00+00:00,1.0,67208113.2443
BUSD,2022-04-26 19:00:00+00:00,1.0,79609844.5666
BUSD,2022-04-26 20:00:00+00:00,1.0001,18394667.2305
BUSD,2022-04-26 21:00:00+00:00,1.0001,11568849.6203
BUSD,2022-04-26 22:00:00+00:00,1.0001,16197585.8754
BUSD,2022-04-26 23:00:00+00:00,1.0001,15054596.2849
BUSD,2022-04-27 00:00:00+00:00,1.0,12101147.9769
BUSD,2022-04-27 01:00:00+00:00,1.0001,10678798.1368
BUSD,2022-04-27 02:00:00+00:00,1.0,16411287.5409
BUSD,2022-04-27 03:00:00+00:00,1.0,13172189.1786
BUSD,2022-04-27 04:00:00+00:00,1.0001,7885728.5178
BUSD,2022-04-27 05:00:00+00:00,1.0,11050231.5914
BUSD,2022-04-27 06:00:00+00:00,1.0001,14028814.1029
BUSD,2022-04-27 07:00:00+00:00,1.0,59175433.5712
BUSD,2022-04-27 08:00:00+00:00,1.0,20651238.0267
BUSD,2022-04-27 09:00:00+00:00,1.0,22435579.2628
BUSD,2022-04-27 10:00:00+00:00,1.0,16292531.0605
BUSD,2022-04-27 11:00:00+00:00,0.9999,11822888.3401
BUSD,2022-04-27 12:00:00+00:00,1.0,16639547.2043
BUSD,2022-04-27 13:00:00+00:00,0.9999,15915786.0521
BUSD,2022-04-27 14:00:00+00:00,1.0,17839397.35
BUSD,2022-04-27 15:00:00+00:00,1.0,16637305.6805
BUSD,2022-04-27 16:00:00+00:00,0.9999,30225568.5302
BUSD,2022-04-27 17:00:00+00:00,0.9999,21690126.0584
BUSD,2022-04-27 18:00:00+00:00,0.9999,11661177.9257
BUSD,2022-04-27 19:00:00+00:00,0.9999,15974085.5704
BUSD,2022-04-27 20:00:00+00:00,0.9999,10439465.8822
BUSD,2022-04-27 21:00:00+00:00,0.9999,7649548.5816
BUSD,2022-04-27 22:00:00+00:00,0.9999,6035638.1424
BUSD,2022-04-27 23:00:00+00:00,1.0,5596758.56
BUSD,2022-04-28 00:00:00+00:00,0.9999,8351375.9775
BUSD,2022-04-28 01:00:00+00:00,0.9999,8603713.0205
BUSD,2022-04-28 02:00:00+00:00,0.9999,12690172.9677
BUSD,2022-04-28 03:00:00+00:00,1.0,17044822.3128
BUSD,2022-04-28 04:00:00+00:00,1.0,9426095.4905
BUSD,2022-04-28 05:00:00+00:00,1.0,11483261.7963
BUSD,2022-04-28 06:00:00+00:00,0.9999,10854972.2278
BUSD,2022-04-28 07:00:00+00:00,0.9999,13154385.2508
BUSD,2022-04-28 08:00:00+00:00,1.0,50192485.5256
BUSD,2022-04-28 09:00:00+00:00,1.0001,81601470.3874
BUSD,2022-04-28 10:00:00+00:00,1.0001,26062033.3818
BUSD,2022-04-28 11:00:00+00:00,1.0,19583151.637
BUSD,2022-04-28 12:00:00+00:00,1.0001,31717559.2589
BUSD,2022-04-28 13:00:00+00:00,1.0001,34057200.2169
BUSD,2022-04-28 14:00:00+00:00,1.0,75528715.5421
BUSD,2022-04-28 15:00:00+00:00,1.0001,37239638.371
BUSD,2022-04-28 16:00:00+00:00,1.0001,47448677.7472
BUSD,2022-04-28 17:00:00+00:00,1.0,63766916.5707
BUSD,2022-04-28 18:00:00+00:00,1.0001,34465322.9404
BUSD,2022-04-28 19:00:00+00:00,0.9999,59817754.1621
BUSD,2022-04-28 20:00:00+00:00,0.9999,15758241.1638
BUSD,2022-04-28 21:00:00+00:00,0.9999,16033424.5224
BUSD,2022-04-28 22:00:00+00:00,0.9999,16743294.3393
BUSD,2022-04-28 23:00:00+00:00,1.0001,52071992.0453
BUSD,2022-04-29 00:00:00+00:00,1.0002,64593564.3308
BUSD,2022-04-29 01:00:00+00:00,1.0001,45332472.4488
BUSD,2022-04-29 02:00:00+00:00,1.0001,52875558.2607
BUSD,2022-04-29 03:00:00+00:00,1.0001,26830061.736
BUSD,2022-04-29 04:00:00+00:00,1.0001,27656559.0075
BUSD,2022-04-29 05:00:00+00:00,1.0001,155470696.8711
BUSD,2022-04-29 06:00:00+00:00,1.0,27547390.8465
BUSD,2022-04-29 07:00:00+00:00,1.0001,33363589.3191
BUSD,2022-04-29 08:00:00+00:00,1.0001,27765013.2174
BUSD,2022-04-29 09:00:00+00:00,1.0,37697622.6336
BUSD,2022-04-29 10:00:00+00:00,1.0001,31529075.5222
BUSD,2022-04-29 11:00:00+00:00,1.0,26404438.944
BUSD,2022-04-29 12:00:00+00:00,1.0,29816918.3037
BUSD,2022-04-29 13:00:00+00:00,1.0001,27939201.7513
BUSD,2022-04-29 14:00:00+00:00,1.0001,38525211.8695
BUSD,2022-04-29 15:00:00+00:00,1.0001,18329768.1556
BUSD,2022-04-29 16:00:00+00:00,1.0001,41541979.6351
BUSD,2022-04-29 17:00:00+00:00,1.0001,20322788.1353
BUSD,2022-04-29 18:00:00+00:00,1.0001,75584679.376
BUSD,2022-04-29 19:00:00+00:00,1.0001,29341910.7093
BUSD,2022-04-29 20:00:00+00:00,1.0001,34871559.7153
BUSD,2022-04-29 21:00:00+00:00,1.0001,11491291.1539
BUSD,2022-04-29 22:00:00+00:00,1.0001,10237370.3631
BUSD,2022-04-29 23:00:00+00:00,1.0,8589479.7054
BUSD,2022-04-30 00:00:00+00:00,1.0001,12713919.2896
BUSD,2022-04-30 01:00:00+00:00,1.0,11338520.7816
BUSD,2022-04-30 02:00:00+00:00,1.0001,20092282.2844
BUSD,2022-04-30 03:00:00+00:00,1.0001,31825359.8761
BUSD,2022-04-30 04:00:00+00:00,1.0001,39851740.4759
BUSD,2022-04-30 05:00:00+00:00,1.0,14073915.0318
BUSD,2022-04-30 06:00:00+00:00,1.0,79448038.1285
BUSD,2022-04-30 07:00:00+00:00,1.0,16676835.4457
BUSD,2022-04-30 08:00:00+00:00,1.0,18313217.2677
BUSD,2022-04-30 09:00:00+00:00,0.9999,15610257.5926
BUSD,2022-04-30 10:00:00+00:00,0.9999,12231953.14
BUSD,2022-04-30 11:00:00+00:00,1.0,12910284.4318
BUSD,2022-04-30 12:00:00+00:00,0.9999,16088533.541
BUSD,2022-04-30 13:00:00+00:00,1.0,15891477.0615
BUSD,2022-04-30 14:00:00+00:00,0.9999,20658994.7711
BUSD,2022-04-30 15:00:00+00:00,0.9999,17930839.6819
BUSD,2022-04-30 16:00:00+00:00,1.0,19624394.6671
BUSD,2022-04-30 17:00:00+00:00,0.9999,18542109.5197
BUSD,2022-04-30 18:00:00+00:00,1.0,11820718.6378
BUSD,2022-04-30 19:00:00+00:00,0.9999,11448325.2931
BUSD,2022-04-30 20:00:00+00:00,0.9999,8319426.6355
BUSD,2022-04-30 21:00:00+00:00,0.9999,10167581.4129
BUSD,2022-04-30 22:00:00+00:00,0.9999,18496799.2752
BUSD,2022-04-30 23:00:00+00:00,0.9998,99342622.1194
BUSD,2022-05-01 00:00:00+00:00,0.9997,55505508.9419
BUSD,2022-05-01 01:00:00+00:00,0.9998,35005449.8454
BUSD,2022-05-01 02:00:00+00:00,0.9998,38886773.2223
BUSD,2022-05-01 03:00:00+00:00,0.9997,49747576.8463
BUSD,2022-05-01 04:00:00+00:00,0.9999,30354175.7701
BUSD,2022-05-01 05:00:00+00:00,0.9998,21028574.9586
BUSD,2022-05-01 06:00:00+00:00,0.9999,75786114.2127
BUSD,2022-05-01 07:00:00+00:00,0.9999,16277833.4822
BUSD,2022-05-01 08:00:00+00:00,0.9999,13268529.6953
BUSD,2022-05-01 09:00:00+00:00,0.9999,10701597.9929
BUSD,2022-05-01 10:00:00+00:00,0.9999,7760229.9533
BUSD,2022-05-01 11:00:00+00:00,1.0,14936391.2222
BUSD,2022-05-01 12:00:00+00:00,0.9999,13048003.8039
BUSD,2022-05-01 13:00:00+00:00,1.0,15787061.8136
BUSD,2022-05-01 14:00:00+00:00,0.9999,15398889.1589
BUSD,2022-05-01 15:00:00+00:00,0.9999,20561453.6853
BUSD,2022-05-01 16:00:00+00:00,0.9999,19168337.251
BUSD,2022-05-01 17:00:00+00:00,0.9999,12927721.6153
BUSD,2022-05-01 18:00:00+00:00,0.9999,12291997.8109
BUSD,2022-05-01 19:00:00+00:00,0.9999,16049224.6815
BUSD,2022-05-01 20:00:00+00:00,1.0,11598653.44
BUSD,2022-05-01 21:00:00+00:00,0.9999,9558413.5816
BUSD,2022-05-01 22:00:00+00:00,1.0,12135382.4449
BUSD,2022-05-01 23:00:00+00:00,1.0,9566900.1575
BUSD,2022-05-02 00:00:00+00:00,1.0,11324579.827
BUSD,2022-05-02 01:00:00+00:00,1.0,8720774.0273
BUSD,2022-05-02 02:00:00+00:00,1.0,7868939.7941
BUSD,2022-05-02 03:00:00+00:00,0.9999,10851406.471
BUSD,2022-05-02 04:00:00+00:00,1.0,9355848.7731
BUSD,2022-05-02 05:00:00+00:00,1.0,9352263.3339
BUSD,2022-05-02 06:00:00+00:00,0.9999,10760044.8204
BUSD,2022-05-02 07:00:00+00:00,0.9999,11173778.5894
BUSD,2022-05-02 08:00:00+00:00,0.9999,12434168.1702
BUSD,2022-05-02 09:00:00+00:00,1.0,16211078.9559
BUSD,2022-05-02 10:00:00+00:00,1.0,14296642.895
BUSD,2022-05-02 11:00:00+00:00,1.0,60371330.7849
BUSD,2022-05-02 12:00:00+00:00,1.0,30436039.3777
BUSD,2022-05-02 13:00:00+00:00,1.0,43846899.0272
BUSD,2022-05-02 14:00:00+00:00,1.0001,16542573.1241
BUSD,2022-05-02 15:00:00+00:00,1.0001,18962233.6065
BUSD,2022-05-02 16:00:00+00:00,1.0001,31825009.3374
BUSD,2022-05-02 17:00:00+00:00,1.0001,35497787.6879
BUSD,2022-05-02 18:00:00+00:00,0.9999,74110093.5979
BUSD,2022-05-02 19:00:00+00:00,1.0001,52711966.433
BUSD,2022-05-02 20:00:00+00:00,1.0001,70270929.989
BUSD,2022-05-02 21:00:00+00:00,1.0001,27651013.7513
BUSD,2022-05-02 22:00:00+00:00,1.0001,20097022.8843
BUSD,2022-05-02 23:00:00+00:00,1.0002,8136824.113
BUSD,2022-05-03 00:00:00+00:00,1.0001,37650825.0568
BUSD,2022-05-03 01:00:00+00:00,1.0,33016038.0694
BUSD,2022-05-03 02:00:00+00:00,1.0,26816697.3003
BUSD,2022-05-03 03:00:00+00:00,1.0001,40659753.1477
BUSD,2022-05-03 04:00:00+00:00,1.0001,9975367.2518
BUSD,2022-05-03 05:00:00+00:00,1.0001,13352745.7925
BUSD,2022-05-03 06:00:00+00:00,1.0002,16637341.7232
BUSD,2022-05-03 07:00:00+00:00,1.0001,11145668.9685
BUSD,2022-05-03 08:00:00+00:00,1.0001,53571004.3764
BUSD,2022-05-03 09:00:00+00:00,1.0001,16620903.7978
BUSD,2022-05-03 10:00:00+00:00,1.0001,53340421.7577
BUSD,2022-05-03 11:00:00+00:00,1.0,29433558.7055
BUSD,2022-05-03 12:00:00+00:00,1.0001,12181850.7456
BUSD,2022-05-03 13:00:00+00:00,1.0001,62791566.5533
BUSD,2022-05-03 14:00:00+00:00,1.0001,22692976.58
BUSD,2022-05-03 15:00:00+00:00,1.0001,63680158.5211
BUSD,2022-05-03 16:00:00+00:00,1.0001,40705732.0533
BUSD,2022-05-03 17:00:00+00:00,1.0001,30763013.0502
BUSD,2022-05-03 18:00:00+00:00,1.0001,13993650.6867
BUSD,2022-05-03 19:00:00+00:00,1.0001,7629010.7672
BUSD,2022-05-03 20:00:00+00:00,1.0002,12267772.4055
BUSD,2022-05-03 21:00:00+00:00,1.0001,11659603.0362
BUSD,2022-05-03 22:00:00+00:00,1.0001,5643419.9531
BUSD,2022-05-03 23:00:00+00:00,1.0001,7209031.6244
BUSD,2022-05-04 00:00:00+00:00,1.0002,9485980.8141
BUSD,2022-05-04 01:00:00+00:00,1.0002,12270548.6615
BUSD,2022-05-04 02:00:00+00:00,1.0001,12206235.9587
BUSD,2022-05-04 03:00:00+00:00,1.0002,14938876.1298
BUSD,2022-05-04 04:00:00+00:00,1.0002,7544376.6884
BUSD,2022-05-04 05:00:00+00:00,1.0002,94414820.9444
BUSD,2022-05-04 06:00:00+00:00,1.0003,19202176.3539
BUSD,2022-05-04 07:00:00+00:00,1.0001,51766920.0578
BUSD,2022-05-04 08:00:00+00:00,1.0001,56737545.5071
BUSD,2022-05-04 09:00:00+00:00,1.0002,64695996.24
BUSD,2022-05-04 10:00:00+00:00,1.0001,32097581.615
BUSD,2022-05-04 11:00:00+00:00,1.0001,16136816.428
BUSD,2022-05-04 12:00:00+00:00,1.0002,16517303.3063
BUSD,2022-05-04 13:00:00+00:00,1.0001,14372739.6909
BUSD,2022-05-04 14:00:00+00:00,1.0002,17880532.3171
BUSD,2022-05-04 15:00:00+00:00,1.0002,23695492.2139
BUSD,2022-05-04 16:00:00+00:00,1.0002,11615897.451
BUSD,2022-05-04 17:00:00+00:00,1.0001,23565182.1259
BUSD,2022-05-04 18:00:00+00:00,1.0001,37198798.1246
BUSD,2022-05-04 19:00:00+00:00,1.0001,38008608.9406
BUSD,2022-05-04 20:00:00+00:00,1.0002,13644068.3954
BUSD,2022-05-04 21:00:00+00:00,1.0001,14470733.8317
BUSD,2022-05-04 22:00:00+00:00,1.0001,15098130.8181
BUSD,2022-05-04 23:00:00+00:00,1.0002,12331673.9626
BUSD,2022-05-05 00:00:00+00:00,1.0002,17986356.7887
BUSD,2022-05-05 01:00:00+00:00,1.0002,11749254.7762
BUSD,2022-05-05 02:00:00+00:00,1.0001,9018705.3351
BUSD,2022-05-05 03:00:00+00:00,1.0001,17669797.6532
BUSD,2022-05-05 04:00:00+00:00,1.0001,12233213.5608
BUSD,2022-05-05 05:00:00+00:00,1.0002,14126683.4398
BUSD,2022-05-05 06:00:00+00:00,1.0001,14439467.3377
BUSD,2022-05-05 07:00:00+00:00,1.0002,13096003.2392
BUSD,2022-05-05 08:00:00+00:00,1.0001,15145339.8492
BUSD,2022-05-05 09:00:00+00:00,1.0002,12235615.8719
BUSD,2022-05-05 10:00:00+00:00,1.0001,16339450.1187
BUSD,2022-05-05 11:00:00+00:00,1.0001,28807501.9274
BUSD,2022-05-05 12:00:00+00:00,1.0,108407291.5311
BUSD,2022-05-05 13:00:00+00:00,1.0001,49100710.9405
BUSD,2022-05-05 14:00:00+00:00,1.0001,118867173.9863
BUSD,2022-05-05 15:00:00+00:00,1.0002,173966525.6024
BUSD,2022-05-05 16:00:00+00:00,1.0002,53939821.213
BUSD,2022-05-05 17:00:00+00:00,1.0001,35557026.9205
BUSD,2022-05-05 18:00:00+00:00,1.0001,29227213.9964
BUSD,2022-05-05 19:00:00+00:00,1.0002,91573861.34
BUSD,2022-05-05 20:00:00+00:00,1.0002,47895400.5831
BUSD,2022-05-05 21:00:00+00:00,1.0002,14606633.08
BUSD,2022-05-05 22:00:00+00:00,1.0002,16457450.9614
BUSD,2022-05-05 23:00:00+00:00,1.0001,32258790.5442
BUSD,2022-05-06 00:00:00+00:00,1.0001,30216310.1831
BUSD,2022-05-06 01:00:00+00:00,1.0002,45295095.9488
BUSD,2022-05-06 02:00:00+00:00,1.0003,35977005.9118
BUSD,2022-05-06 03:00:00+00:00,1.0002,16402187.1376
BUSD,2022-05-06 04:00:00+00:00,1.0002,17235159.8739
BUSD,2022-05-06 05:00:00+00:00,1.0002,35200759.5075
BUSD,2022-05-06 06:00:00+00:00,1.0002,13126977.3721
BUSD,2022-05-06 07:00:00+00:00,1.0002,21012633.9184
BUSD,2022-05-06 08:00:00+00:00,1.0003,34312955.4278
BUSD,2022-05-06 09:00:00+00:00,1.0002,16583424.3017
BUSD,2022-05-06 10:00:00+00:00,1.0002,39835050.9674
BUSD,2022-05-06 11:00:00+00:00,1.0002,42187909.3993
BUSD,2022-05-06 12:00:00+00:00,1.0001,28001444.1023
BUSD,2022-05-06 13:00:00+00:00,1.0002,72007125.2179
BUSD,2022-05-06 14:00:00+00:00,1.0003,38130938.6827
BUSD,2022-05-06 15:00:00+00:00,1.0002,21770244.451
BUSD,2022-05-06 16:00:00+00:00,1.0002,36611247.21
BUSD,2022-05-06 17:00:00+00:00,1.0003,10928735.8123
BUSD,2022-05-06 18:00:00+00:00,1.0002,8215521.9528
BUSD,2022-05-06 19:00:00+00:00,1.0003,10553576.1285
BUSD,2022-05-06 20:00:00+00:00,1.0003,10752435.6864
BUSD,2022-05-06 21:00:00+00:00,1.0002,7812535.614
BUSD,2022-05-06 22:00:00+00:00,1.0002,7043352.7297
BUSD,2022-05-06 23:00:00+00:00,1.0002,12329192.9181
BUSD,2022-05-07 00:00:00+00:00,1.0002,9127160.0984
BUSD,2022-05-07 01:00:00+00:00,1.0002,40411819.8344
BUSD,2022-05-07 02:00:00+00:00,1.0003,44268438.6692
BUSD,2022-05-07 03:00:00+00:00,1.0003,27540893.5701
BUSD,2022-05-07 04:00:00+00:00,1.0003,26399469.3872
BUSD,2022-05-07 05:00:00+00:00,1.0003,10069123.2753
BUSD,2022-05-07 06:00:00+00:00,1.0002,16723856.3602
BUSD,2022-05-07 07:00:00+00:00,1.0002,19320424.394
BUSD,2022-05-07 08:00:00+00:00,1.0002,21216411.6207
BUSD,2022-05-07 09:00:00+00:00,1.0002,11456039.7248
BUSD,2022-05-07 10:00:00+00:00,1.0002,13215477.1196
BUSD,2022-05-07 11:00:00+00:00,1.0003,11827083.8211
BUSD,2022-05-07 12:00:00+00:00,1.0002,10371294.076
BUSD,2022-05-07 13:00:00+00:00,1.0003,52155011.717
BUSD,2022-05-07 14:00:00+00:00,1.0004,20662185.6632
BUSD,2022-05-07 15:00:00+00:00,1.0004,9557971.2748
BUSD,2022-05-07 16:00:00+00:00,1.0003,8894180.5219
BUSD,2022-05-07 17:00:00+00:00,1.0004,15199711.4578
BUSD,2022-05-07 18:00:00+00:00,1.0004,13649063.3223
BUSD,2022-05-07 19:00:00+00:00,1.0003,11807356.5033
BUSD,2022-05-07 20:00:00+00:00,1.0003,59017332.0607
BUSD,2022-05-07 21:00:00+00:00,1.0004,33253270.1736
BUSD,2022-05-07 22:00:00+00:00,1.0004,37538435.4566
BUSD,2022-05-07 23:00:00+00:00,1.0004,33778109.942
BUSD,2022-05-08 00:00:00+00:00,1.0003,12292534.7268
BUSD,2022-05-08 01:00:00+00:00,1.0003,44976756.0548
BUSD,2022-05-08 02:00:00+00:00,1.0004,79830177.7235
BUSD,2022-05-08 03:00:00+00:00,1.0003,87418580.031
BUSD,2022-05-08 04:00:00+00:00,1.0003,34029627.2412
BUSD,2022-05-08 05:00:00+00:00,1.0002,39263534.0977
BUSD,2022-05-08 06:00:00+00:00,1.0002,86270856.1873
BUSD,2022-05-08 07:00:00+00:00,1.0002,35502313.0118
BUSD,2022-05-08 08:00:00+00:00,1.0002,37689313.6528
BUSD,2022-05-08 09:00:00+00:00,1.0002,124773735.561
BUSD,2022-05-08 10:00:00+00:00,1.0002,57725120.6118
BUSD,2022-05-08 11:00:00+00:00,1.0003,89476502.484
BUSD,2022-05-08 12:00:00+00:00,1.0003,31404175.4221
BUSD,2022-05-08 13:00:00+00:00,1.0003,73543395.9211
BUSD,2022-05-08 14:00:00+00:00,1.0004,88999437.0904
BUSD,2022-05-08 15:00:00+00:00,1.0003,32305129.1657
BUSD,2022-05-08 16:00:00+00:00,1.0003,66455113.9506
BUSD,2022-05-08 17:00:00+00:00,1.0003,39776001.8303
BUSD,2022-05-08 18:00:00+00:00,1.0004,23106813.8713
BUSD,2022-05-08 19:00:00+00:00,1.0003,9989756.5082
BUSD,2022-05-08 20:00:00+00:00,1.0003,9613703.2501
BUSD,2022-05-08 21:00:00+00:00,1.0004,13792389.148
BUSD,2022-05-08 22:00:00+00:00,1.0004,17135732.7937
BUSD,2022-05-08 23:00:00+00:00,1.0004,19099107.7858
BUSD,2022-05-09 00:00:00+00:00,1.0003,12350973.5006
BUSD,2022-05-09 01:00:00+00:00,1.0003,13605607.3879
BUSD,2022-05-09 02:00:00+00:00,1.0003,32041917.7119
BUSD,2022-05-09 03:00:00+00:00,1.0003,31917328.2438
BUSD,2022-05-09 04:00:00+00:00,1.0002,56832317.402
BUSD,2022-05-09 05:00:00+00:00,1.0002,15357717.8978
BUSD,2022-05-09 06:00:00+00:00,1.0002,81076917.0058
BUSD,2022-05-09 07:00:00+00:00,1.0003,28976368.1794
BUSD,2022-05-09 08:00:00+00:00,1.0003,29744231.6406
BUSD,2022-05-09 09:00:00+00:00,1.0002,32539837.9165
BUSD,2022-05-09 10:00:00+00:00,1.0004,102152566.8566
BUSD,2022-05-09 11:00:00+00:00,1.0004,33543434.071
BUSD,2022-05-09 12:00:00+00:00,1.0003,82412580.94
BUSD,2022-05-09 13:00:00+00:00,1.0002,83819591.723
BUSD,2022-05-09 14:00:00+00:00,1.0002,75115916.3931
BUSD,2022-05-09 15:00:00+00:00,1.0001,73037059.7837
BUSD,2022-05-09 16:00:00+00:00,1.0001,109606239.3838
BUSD,2022-05-09 17:00:00+00:00,1.0002,101621988.0434
BUSD,2022-05-09 18:00:00+00:00,1.0001,125521418.3271
BUSD,2022-05-09 19:00:00+00:00,1.0003,117224675.8648
BUSD,2022-05-09 20:00:00+00:00,1.0001,114065259.8242
BUSD,2022-05-09 21:00:00+00:00,1.0002,55424142.8639
BUSD,2022-05-09 22:00:00+00:00,1.0001,47201921.9986
BUSD,2022-05-09 23:00:00+00:00,1.0002,98220296.7432
BUSD,2022-05-10 00:00:00+00:00,1.0003,108059850.3456
BUSD,2022-05-10 01:00:00+00:00,1.0002,76047754.0869
BUSD,2022-05-10 02:00:00+00:00,1.0002,62034676.5676
BUSD,2022-05-10 03:00:00+00:00,1.0002,63925978.4148
BUSD,2022-05-10 04:00:00+00:00,1.0002,51050792.1494
BUSD,2022-05-10 05:00:00+00:00,1.0002,57316886.1981
BUSD,2022-05-10 06:00:00+00:00,1.0002,83504362.3214
BUSD,2022-05-10 07:00:00+00:00,1.0003,60042218.8393
BUSD,2022-05-10 08:00:00+00:00,1.0003,39008272.1186
BUSD,2022-05-10 09:00:00+00:00,1.0003,36383980.8794
BUSD,2022-05-10 10:00:00+00:00,1.0003,36970866.5084
BUSD,2022-05-10 11:00:00+00:00,1.0003,41751059.1368
BUSD,2022-05-10 12:00:00+00:00,1.0003,63119719.2662
BUSD,2022-05-10 13:00:00+00:00,1.0002,99334454.469
BUSD,2022-05-10 14:00:00+00:00,1.0001,81008196.0217
BUSD,2022-05-10 15:00:00+00:00,1.0001,167208851.055
BUSD,2022-05-10 16:00:00+00:00,1.0003,59768324.87
BUSD,2022-05-10 17:00:00+00:00,1.0003,31969578.3324
BUSD,2022-05-10 18:00:00+00:00,1.0003,16845373.9556
BUSD,2022-05-10 19:00:00+00:00,1.0003,30267284.7601
BUSD,2022-05-10 20:00:00+00:00,1.0003,59398777.5493
BUSD,2022-05-10 21:00:00+00:00,1.0004,131541819.2907
BUSD,2022-05-10 22:00:00+00:00,1.0004,75336765.9061
BUSD,2022-05-10 23:00:00+00:00,1.0004,60280391.1115
BUSD,2022-05-11 00:00:00+00:00,1.0003,42326836.2157
BUSD,2022-05-11 01:00:00+00:00,1.0004,26644741.613
BUSD,2022-05-11 02:00:00+00:00,1.0004,30688735.9154
BUSD,2022-05-11 03:00:00+00:00,1.0003,30829125.4138
BUSD,2022-05-11 04:00:00+00:00,1.0003,36977786.4962
BUSD,2022-05-11 05:00:00+00:00,1.0004,93325910.4371
BUSD,2022-05-11 06:00:00+00:00,1.0003,86137709.0371
BUSD,2022-05-11 07:00:00+00:00,1.0004,123896015.1874
BUSD,2022-05-11 08:00:00+00:00,1.0004,89685709.6902
BUSD,2022-05-11 09:00:00+00:00,1.0003,95950672.0105
BUSD,2022-05-11 10:00:00+00:00,1.0003,113057681.06
BUSD,2022-05-11 11:00:00+00:00,1.0006,144518511.2723
BUSD,2022-05-11 12:00:00+00:00,1.002,753585874.8531901
BUSD,2022-05-11 13:00:00+00:00,1.0019,731693666.2733
BUSD,2022-05-11 14:00:00+00:00,1.0009,373332463.6988
BUSD,2022-05-11 15:00:00+00:00,1.0014,358230797.5226
BUSD,2022-05-11 16:00:00+00:00,1.002,343512046.4609
BUSD,2022-05-11 17:00:00+00:00,1.0024,359938216.7112
BUSD,2022-05-11 18:00:00+00:00,1.0028,224555764.2685
BUSD,2022-05-11 19:00:00+00:00,1.0029,158363384.0788
BUSD,2022-05-11 20:00:00+00:00,1.0046,276812648.6775
BUSD,2022-05-11 21:00:00+00:00,1.0047,119921312.3777
BUSD,2022-05-11 22:00:00+00:00,1.0045,88393094.9345
BUSD,2022-05-11 23:00:00+00:00,1.0053,111390028.26
BUSD,2022-05-12 00:00:00+00:00,1.004,152674707.2397
BUSD,2022-05-12 01:00:00+00:00,1.0043,93297332.9223
BUSD,2022-05-12 02:00:00+00:00,1.0048,103691120.7513
BUSD,2022-05-12 03:00:00+00:00,1.0063,200284834.1248
BUSD,2022-05-12 04:00:00+00:00,1.0061,228722225.2114
BUSD,2022-05-12 05:00:00+00:00,1.0113,337779554.068854
BUSD,2022-05-12 06:00:00+00:00,1.0392,386063842.081566
BUSD,2022-05-12 07:00:00+00:00,1.0195,631586888.2109671
BUSD,2022-05-12 08:00:00+00:00,1.0226,260969632.2271
BUSD,2022-05-12 09:00:00+00:00,1.0176,229296127.6473
BUSD,2022-05-12 10:00:00+00:00,1.0154,242021867.1439
BUSD,2022-05-12 11:00:00+00:00,1.0091,198193786.0808
BUSD,2022-05-12 12:00:00+00:00,1.0065,173444881.5778
BUSD,2022-05-12 13:00:00+00:00,1.0071,171774026.6371
BUSD,2022-05-12 14:00:00+00:00,1.0056,184427115.7123
BUSD,2022-05-12 15:00:00+00:00,1.0046,170479468.2257
BUSD,2022-05-12 16:00:00+00:00,1.0029,191419621.544
BUSD,2022-05-12 17:00:00+00:00,1.0035,101603073.21
BUSD,2022-05-12 18:00:00+00:00,1.0033,85295340.8582
BUSD,2022-05-12 19:00:00+00:00,1.003,67412277.4886
BUSD,2022-05-12 20:00:00+00:00,1.0027,119892613.0282
BUSD,2022-05-12 21:00:00+00:00,1.0031,109106895.2922
BUSD,2022-05-12 22:00:00+00:00,1.0029,54603360.5608
BUSD,2022-05-12 23:00:00+00:00,1.0029,44496988.004
BUSD,2022-05-13 00:00:00+00:00,1.0029,64789117.7325
BUSD,2022-05-13 01:00:00+00:00,1.0033,115516467.6456
BUSD,2022-05-13 02:00:00+00:00,1.0034,80932517.1209
BUSD,2022-05-13 03:00:00+00:00,1.0029,90737905.4812
BUSD,2022-05-13 04:00:00+00:00,1.0028,74622011.0348
BUSD,2022-05-13 05:00:00+00:00,1.0027,92309702.2907
BUSD,2022-05-13 06:00:00+00:00,1.0024,94060202.9405
BUSD,2022-05-13 07:00:00+00:00,1.0022,137820355.5133
BUSD,2022-05-13 08:00:00+00:00,1.002,78107800.4452
BUSD,2022-05-13 09:00:00+00:00,1.0015,114529040.0193
BUSD,2022-05-13 10:00:00+00:00,1.0014,114258907.9491
BUSD,2022-05-13 11:00:00+00:00,1.0012,78381345.5501
BUSD,2022-05-13 12:00:00+00:00,1.0011,96327198.5805
BUSD,2022-05-13 13:00:00+00:00,1.0009,104508678.6797
BUSD,2022-05-13 14:00:00+00:00,1.0012,127696664.5306
BUSD,2022-05-13 15:00:00+00:00,1.0013,92461895.6251
BUSD,2022-05-13 16:00:00+00:00,1.0015,128937366.4282
BUSD,2022-05-13 17:00:00+00:00,1.0015,145811752.4457
BUSD,2022-05-13 18:00:00+00:00,1.0017,79577104.8996
BUSD,2022-05-13 19:00:00+00:00,1.0015,58658586.8032
BUSD,2022-05-13 20:00:00+00:00,1.0018,35507851.7973
BUSD,2022-05-13 21:00:00+00:00,1.0016,39565184.0729
BUSD,2022-05-13 22:00:00+00:00,1.0018,40027167.9161
BUSD,2022-05-13 23:00:00+00:00,1.0018,45181171.5524
BUSD,2022-05-14 00:00:00+00:00,1.0017,35697812.6299
BUSD,2022-05-14 01:00:00+00:00,1.0018,67489661.5723
BUSD,2022-05-14 02:00:00+00:00,1.0021,76224561.1068
BUSD,2022-05-14 03:00:00+00:00,1.002,73236822.6211
BUSD,2022-05-14 04:00:00+00:00,1.0021,48872906.3018
BUSD,2022-05-14 05:00:00+00:00,1.0021,49943999.9128
BUSD,2022-05-14 06:00:00+00:00,1.0022,62177602.3319
BUSD,2022-05-14 07:00:00+00:00,1.0021,44328813.5749
BUSD,2022-05-14 08:00:00+00:00,1.0021,128283681.9072
BUSD,2022-05-14 09:00:00+00:00,1.0024,147245008.2307
BUSD,2022-05-14 10:00:00+00:00,1.0024,177553544.7391
BUSD,2022-05-14 11:00:00+00:00,1.0024,138008545.4007
BUSD,2022-05-14 12:00:00+00:00,1.0023,96132397.3892
BUSD,2022-05-14 13:00:00+00:00,1.0019,102198927.6274
BUSD,2022-05-14 14:00:00+00:00,1.0021,80428953.4208
BUSD,2022-05-14 15:00:00+00:00,1.0021,90503529.812
BUSD,2022-05-14 16:00:00+00:00,1.0017,81015660.4884
BUSD,2022-05-14 17:00:00+00:00,1.0014,85990690.7461
BUSD,2022-05-14 18:00:00+00:00,1.0014,46721636.0225
BUSD,2022-05-14 19:00:00+00:00,1.0012,52132053.6379
BUSD,2022-05-14 20:00:00+00:00,1.0015,48797504.648
BUSD,2022-05-14 21:00:00+00:00,1.0015,42043933.1964
BUSD,2022-05-14 22:00:00+00:00,1.0014,44282123.3901
BUSD,2022-05-14 23:00:00+00:00,1.0015,43050335.7449
BUSD,2022-05-15 00:00:00+00:00,1.0014,36348670.6819
BUSD,2022-05-15 01:00:00+00:00,1.0016,36317500.6688
BUSD,2022-05-15 02:00:00+00:00,1.0016,36374787.3882
BUSD,2022-05-15 03:00:00+00:00,1.0015,41481163.4812
BUSD,2022-05-15 04:00:00+00:00,1.0015,41078144.5744
BUSD,2022-05-15 05:00:00+00:00,1.0014,64048467.6684
BUSD,2022-05-15 06:00:00+00:00,1.0015,43155021.617
BUSD,2022-05-15 07:00:00+00:00,1.0014,59469129.0805
BUSD,2022-05-15 08:00:00+00:00,1.0013,45137806.4739
BUSD,2022-05-15 09:00:00+00:00,1.0012,44822146.5752
BUSD,2022-05-15 10:00:00+00:00,1.0014,63794231.5328
BUSD,2022-05-15 11:00:00+00:00,1.0012,60313935.4927
BUSD,2022-05-15 12:00:00+00:00,1.0013,53668743.5436
BUSD,2022-05-15 13:00:00+00:00,1.0014,78498303.4522
BUSD,2022-05-15 14:00:00+00:00,1.0014,99119399.4982
BUSD,2022-05-15 15:00:00+00:00,1.0013,36180638.354
BUSD,2022-05-15 16:00:00+00:00,1.0013,42347989.599
BUSD,2022-05-15 17:00:00+00:00,1.0013,24796781.4185
BUSD,2022-05-15 18:00:00+00:00,1.0013,24256319.9061
BUSD,2022-05-15 19:00:00+00:00,1.0013,18157959.5141
BUSD,2022-05-15 20:00:00+00:00,1.0013,43776769.2157
BUSD,2022-05-15 21:00:00+00:00,1.0013,28777078.9765
BUSD,2022-05-15 22:00:00+00:00,1.0013,26842369.8223
BUSD,2022-05-15 23:00:00+00:00,1.0012,24800668.9531
BUSD,2022-05-16 00:00:00+00:00,1.0012,34900571.6542
BUSD,2022-05-16 01:00:00+00:00,1.0012,45046393.502
BUSD,2022-05-16 02:00:00+00:00,1.0012,52973971.2565
BUSD,2022-05-16 03:00:00+00:00,1.0012,34953561.5552
BUSD,2022-05-16 04:00:00+00:00,1.0012,26498472.3422
BUSD,2022-05-16 05:00:00+00:00,1.0014,27584468.5293
BUSD,2022-05-16 06:00:00+00:00,1.0013,51624690.9623
BUSD,2022-05-16 07:00:00+00:00,1.0011,91436765.3823
BUSD,2022-05-16 08:00:00+00:00,1.0011,37740825.7535
BUSD,2022-05-16 09:00:00+00:00,1.0011,101085710.1788
BUSD,2022-05-16 10:00:00+00:00,1.0012,46554536.616
BUSD,2022-05-16 11:00:00+00:00,1.001,56995889.6091
BUSD,2022-05-16 12:00:00+00:00,1.0011,77613576.6576
BUSD,2022-05-16 13:00:00+00:00,1.001,69703667.1704
BUSD,2022-05-16 14:00:00+00:00,1.0012,67859491.4822
BUSD,2022-05-16 15:00:00+00:00,1.0013,134991356.9264
BUSD,2022-05-16 16:00:00+00:00,1.0014,256808902.9395
BUSD,2022-05-16 17:00:00+00:00,1.0015,97456480.5255
BUSD,2022-05-16 18:00:00+00:00,1.0014,113895302.1964
BUSD,2022-05-16 19:00:00+00:00,1.0013,53467566.6351
BUSD,2022-05-16 20:00:00+00:00,1.0012,51290055.0592
BUSD,2022-05-16 21:00:00+00:00,1.0015,50861921.1556
BUSD,2022-05-16 22:00:00+00:00,1.0013,43856184.1086
BUSD,2022-05-16 23:00:00+00:00,1.0014,22955855.144
BUSD,2022-05-17 00:00:00+00:00,1.0014,29175450.7437
BUSD,2022-05-17 01:00:00+00:00,1.0014,30050412.6963
BUSD,2022-05-17 02:00:00+00:00,1.0015,33396558.7878
BUSD,2022-05-17 03:00:00+00:00,1.0014,32264254.7773
BUSD,2022-05-17 04:00:00+00:00,1.0014,23017071.5475
BUSD,2022-05-17 05:00:00+00:00,1.0014,23914289.6167
BUSD,2022-05-17 06:00:00+00:00,1.0013,34262661.9819
BUSD,2022-05-17 07:00:00+00:00,1.0014,49767938.7539
BUSD,2022-05-17 08:00:00+00:00,1.0014,99538400.3035
BUSD,2022-05-17 09:00:00+00:00,1.0013,58139782.8524
BUSD,2022-05-17 10:00:00+00:00,1.0012,24131996.4014
BUSD,2022-05-17 11:00:00+00:00,1.0011,56505356.0362
BUSD,2022-05-17 12:00:00+00:00,1.0012,50517182.6066
BUSD,2022-05-17 13:00:00+00:00,1.0012,66064663.4427
BUSD,2022-05-17 14:00:00+00:00,1.0013,55160096.0066
BUSD,2022-05-17 15:00:00+00:00,1.0012,44226584.619
BUSD,2022-05-17 16:00:00+00:00,1.0012,73499510.2281
BUSD,2022-05-17 17:00:00+00:00,1.0011,29875242.9153
BUSD,2022-05-17 18:00:00+00:00,1.0013,73652154.1996
BUSD,2022-05-17 19:00:00+00:00,1.0012,58606927.7419
BUSD,2022-05-17 20:00:00+00:00,1.0011,23348530.2528
BUSD,2022-05-17 21:00:00+00:00,1.0011,18082575.4326
BUSD,2022-05-17 22:00:00+00:00,1.0011,14472692.0744
BUSD,2022-05-17 23:00:00+00:00,1.0012,23459295.526
BUSD,2022-05-18 00:00:00+00:00,1.0011,26491393.9514
BUSD,2022-05-18 01:00:00+00:00,1.0012,24428063.6854
BUSD,2022-05-18 02:00:00+00:00,1.0012,42288334.142
BUSD,2022-05-18 03:00:00+00:00,1.0011,25773180.1802
BUSD,2022-05-18 04:00:00+00:00,1.0012,21348325.222
BUSD,2022-05-18 05:00:00+00:00,1.0012,19691211.3612
BUSD,2022-05-18 06:00:00+00:00,1.0011,25233947.7554
BUSD,2022-05-18 07:00:00+00:00,1.0011,28217911.0575
BUSD,2022-05-18 08:00:00+00:00,1.0011,26067734.3034
BUSD,2022-05-18 09:00:00+00:00,1.0011,25733640.8504
BUSD,2022-05-18 10:00:00+00:00,1.0012,33085046.2671
BUSD,2022-05-18 11:00:00+00:00,1.0012,33436619.6617
BUSD,2022-05-18 12:00:00+00:00,1.0011,55885063.7159
BUSD,2022-05-18 13:00:00+00:00,1.0013,84532699.2199
BUSD,2022-05-18 14:00:00+00:00,1.0014,45553086.2956
BUSD,2022-05-18 15:00:00+00:00,1.0014,102383952.6299
BUSD,2022-05-18 16:00:00+00:00,1.0014,82260304.0934
BUSD,2022-05-18 17:00:00+00:00,1.0013,36044569.2669
BUSD,2022-05-18 18:00:00+00:00,1.0014,31864002.715
BUSD,2022-05-18 19:00:00+00:00,1.0014,34078787.1461
BUSD,2022-05-18 20:00:00+00:00,1.0014,24825875.9902
BUSD,2022-05-18 21:00:00+00:00,1.0014,15922014.6364
BUSD,2022-05-18 22:00:00+00:00,1.0014,24492331.0243
BUSD,2022-05-18 23:00:00+00:00,1.0014,33848854.1354
BUSD,2022-05-19 00:00:00+00:00,1.0014,51304933.9303
BUSD,2022-05-19 01:00:00+00:00,1.0015,27462066.6357
BUSD,2022-05-19 02:00:00+00:00,1.0014,43100764.8863
BUSD,2022-05-19 03:00:00+00:00,1.0013,65573783.5122
BUSD,2022-05-19 04:00:00+00:00,1.0013,63400278.3274
BUSD,2022-05-19 05:00:00+00:00,1.0011,78714023.0745
BUSD,2022-05-19 06:00:00+00:00,1.0012,72789457.1944
BUSD,2022-05-19 07:00:00+00:00,1.0011,34960980.6061
BUSD,2022-05-19 08:00:00+00:00,1.0011,29721624.2393
BUSD,2022-05-19 09:00:00+00:00,1.0012,68579489.8758
BUSD,2022-05-19 10:00:00+00:00,1.0013,32507681.0809
BUSD,2022-05-19 11:00:00+00:00,1.0013,67544714.4012
BUSD,2022-05-19 12:00:00+00:00,1.0011,62816638.3636
BUSD,2022-05-19 13:00:00+00:00,1.0012,50153202.9711
BUSD,2022-05-19 14:00:00+00:00,1.0012,76247642.6727
BUSD,2022-05-19 15:00:00+00:00,1.0011,111014410.3899
BUSD,2022-05-19 16:00:00+00:00,1.0011,46036113.456
BUSD,2022-05-19 17:00:00+00:00,1.0011,24623521.8449
BUSD,2022-05-19 18:00:00+00:00,1.001,14242511.3122
BUSD,2022-05-19 19:00:00+00:00,1.0011,37831692.7446
BUSD,2022-05-19 20:00:00+00:00,1.0011,24018811.7622
BUSD,2022-05-19 21:00:00+00:00,1.0011,31537714.8958
BUSD,2022-05-19 22:00:00+00:00,1.0011,13142859.049
BUSD,2022-05-19 23:00:00+00:00,1.0011,19533182.474
BUSD,2022-05-20 00:00:00+00:00,1.0012,10487341.3048
BUSD,2022-05-20 01:00:00+00:00,1.0011,32032225.6008
BUSD,2022-05-20 02:00:00+00:00,1.0011,15898355.6334
BUSD,2022-05-20 03:00:00+00:00,1.0011,20510862.5647
BUSD,2022-05-20 04:00:00+00:00,1.001,30080589.6841
BUSD,2022-05-20 05:00:00+00:00,1.0011,53814761.0375
BUSD,2022-05-20 06:00:00+00:00,1.0011,125304350.3926
BUSD,2022-05-20 07:00:00+00:00,1.0009,57555780.1445
BUSD,2022-05-20 08:00:00+00:00,1.0008,85882086.1476
BUSD,2022-05-20 09:00:00+00:00,1.0008,21844399.2038
BUSD,2022-05-20 10:00:00+00:00,1.0008,45169892.7905
BUSD,2022-05-20 11:00:00+00:00,1.0007,41341448.3827
BUSD,2022-05-20 12:00:00+00:00,1.0009,42649697.796
BUSD,2022-05-20 13:00:00+00:00,1.0009,36433250.0213
BUSD,2022-05-20 14:00:00+00:00,1.0009,44252831.409
BUSD,2022-05-20 15:00:00+00:00,1.0012,127907301.4774
BUSD,2022-05-20 16:00:00+00:00,1.0013,85321778.3847
BUSD,2022-05-20 17:00:00+00:00,1.0012,45141233.6627
BUSD,2022-05-20 18:00:00+00:00,1.0013,30217435.5531
BUSD,2022-05-20 19:00:00+00:00,1.0012,25800887.8889
BUSD,2022-05-20 20:00:00+00:00,1.0013,23075014.8019
BUSD,2022-05-20 21:00:00+00:00,1.0013,13182294.5867
BUSD,2022-05-20 22:00:00+00:00,1.0011,29011328.5197
BUSD,2022-05-20 23:00:00+00:00,1.0013,25531656.0796
BUSD,2022-05-21 00:00:00+00:00,1.0012,15611107.82
BUSD,2022-05-21 01:00:00+00:00,1.0012,35403620.1599
BUSD,2022-05-21 02:00:00+00:00,1.0013,31500890.781
BUSD,2022-05-21 03:00:00+00:00,1.0013,14219483.0965
BUSD,2022-05-21 04:00:00+00:00,1.0013,12545575.7494
BUSD,2022-05-21 05:00:00+00:00,1.0013,33169478.2066
BUSD,2022-05-21 06:00:00+00:00,1.0013,17018669.726
BUSD,2022-05-21 07:00:00+00:00,1.0014,19757648.8569
BUSD,2022-05-21 08:00:00+00:00,1.0014,14355556.5405
BUSD,2022-05-21 09:00:00+00:00,1.0014,6437812.7697
BUSD,2022-05-21 10:00:00+00:00,1.0013,10980997.7485
BUSD,2022-05-21 11:00:00+00:00,1.0014,19813874.6361
BUSD,2022-05-21 12:00:00+00:00,1.0014,8852101.7921
BUSD,2022-05-21 13:00:00+00:00,1.0013,19049447.1083
BUSD,2022-05-21 14:00:00+00:00,1.0013,25087351.2055
BUSD,2022-05-21 15:00:00+00:00,1.0013,31033258.4018
BUSD,2022-05-21 16:00:00+00:00,1.0013,27596158.3349
BUSD,2022-05-21 17:00:00+00:00,1.0013,22285421.0059
BUSD,2022-05-21 18:00:00+00:00,1.0013,18722725.8889
BUSD,2022-05-21 19:00:00+00:00,1.0014,35812919.7475
BUSD,2022-05-21 20:00:00+00:00,1.0014,53612796.5484
BUSD,2022-05-21 21:00:00+00:00,1.0013,10394633.5749
BUSD,2022-05-21 22:00:00+00:00,1.0013,10010875.2232
BUSD,2022-05-21 23:00:00+00:00,1.0013,7307842.8345
BUSD,2022-05-22 00:00:00+00:00,1.0014,9243371.2335
BUSD,2022-05-22 01:00:00+00:00,1.0013,9263352.2272
BUSD,2022-05-22 02:00:00+00:00,1.0013,22321345.24
BUSD,2022-05-22 03:00:00+00:00,1.0014,18834227.2245
BUSD,2022-05-22 04:00:00+00:00,1.0014,20249677.5355
BUSD,2022-05-22 05:00:00+00:00,1.0014,25178949.2802
BUSD,2022-05-22 06:00:00+00:00,1.0014,20255301.8374
BUSD,2022-05-22 07:00:00+00:00,1.0014,17104453.9064
BUSD,2022-05-22 08:00:00+00:00,1.0013,19074057.5124
BUSD,2022-05-22 09:00:00+00:00,1.0012,72872954.0152
BUSD,2022-05-22 10:00:00+00:00,1.0013,64552733.7534
BUSD,2022-05-22 11:00:00+00:00,1.0012,40611850.055
BUSD,2022-05-22 12:00:00+00:00,1.0012,45609237.0227
BUSD,2022-05-22 13:00:00+00:00,1.0013,28657207.6683
BUSD,2022-05-22 14:00:00+00:00,1.0013,26560926.8966
BUSD,2022-05-22 15:00:00+00:00,1.0013,23955447.9155
BUSD,2022-05-22 16:00:00+00:00,1.0012,19037424.9618
BUSD,2022-05-22 17:00:00+00:00,1.0012,29618101.6143
BUSD,2022-05-22 18:00:00+00:00,1.0011,31897148.36
BUSD,2022-05-22 19:00:00+00:00,1.0012,9666543.4402
BUSD,2022-05-22 20:00:00+00:00,1.0011,9366188.7205
BUSD,2022-05-22 21:00:00+00:00,1.0012,18008918.4011
BUSD,2022-05-22 22:00:00+00:00,1.001,30884656.5712
BUSD,2022-05-22 23:00:00+00:00,1.001,16933722.6854
BUSD,2022-05-23 00:00:00+00:00,1.001,28931202.0082
BUSD,2022-05-23 01:00:00+00:00,1.001,20472390.9653
BUSD,2022-05-23 02:00:00+00:00,1.0011,28391098.2008
BUSD,2022-05-23 03:00:00+00:00,1.0011,32853812.5318
BUSD,2022-05-23 04:00:00+00:00,1.0009,117627455.3196
BUSD,2022-05-23 05:00:00+00:00,1.001,101441426.6722
BUSD,2022-05-23 06:00:00+00:00,1.0009,54841599.9994
BUSD,2022-05-23 07:00:00+00:00,1.0009,43132388.6676
BUSD,2022-05-23 08:00:00+00:00,1.001,27809291.5238
BUSD,2022-05-23 09:00:00+00:00,1.0009,25015550.384
BUSD,2022-05-23 10:00:00+00:00,1.001,24316850.4906
BUSD,2022-05-23 11:00:00+00:00,1.0009,39462321.5945
BUSD,2022-05-23 12:00:00+00:00,1.001,39292979.6304
BUSD,2022-05-23 13:00:00+00:00,1.0009,49327328.5175
BUSD,2022-05-23 14:00:00+00:00,1.001,85239326.3331
BUSD,2022-05-23 15:00:00+00:00,1.0011,37213966.2645
BUSD,2022-05-23 16:00:00+00:00,1.001,29511766.2707
BUSD,2022-05-23 17:00:00+00:00,1.001,47575230.5165
BUSD,2022-05-23 18:00:00+00:00,1.0011,51502794.6622
BUSD,2022-05-23 19:00:00+00:00,1.0011,67545283.2329
BUSD,2022-05-23 20:00:00+00:00,1.001,29900653.4462
BUSD,2022-05-23 21:00:00+00:00,1.0011,18554841.5136
BUSD,2022-05-23 22:00:00+00:00,1.001,21804653.7296
BUSD,2022-05-23 23:00:00+00:00,1.0011,23829074.9067
BUSD,2022-05-24 00:00:00+00:00,1.0011,61973129.6672
BUSD,2022-05-24 01:00:00+00:00,1.0011,45277904.0668
BUSD,2022-05-24 02:00:00+00:00,1.0011,15283293.0499
BUSD,2022-05-24 03:00:00+00:00,1.0011,23169572.882
BUSD,2022-05-24 04:00:00+00:00,1.0012,18723995.6819
BUSD,2022-05-24 05:00:00+00:00,1.0011,22963869.662
BUSD,2022-05-24 06:00:00+00:00,1.0011,18383892.7539
BUSD,2022-05-24 07:00:00+00:00,1.0011,24594253.6484
BUSD,2022-05-24 08:00:00+00:00,1.0011,18373957.3657
BUSD,2022-05-24 09:00:00+00:00,1.0012,20603010.1329
BUSD,2022-05-24 10:00:00+00:00,1.0011,23926629.8448
BUSD,2022-05-24 11:00:00+00:00,1.0011,18247298.6941
BUSD,2022-05-24 12:00:00+00:00,1.0011,22004207.0337
BUSD,2022-05-24 13:00:00+00:00,1.0011,26803914.4807
BUSD,2022-05-24 14:00:00+00:00,1.0012,42032362.9424
BUSD,2022-05-24 15:00:00+00:00,1.001,38806527.5589
BUSD,2022-05-24 16:00:00+00:00,1.0011,32311024.2597
BUSD,2022-05-24 17:00:00+00:00,1.0011,26571755.0676
BUSD,2022-05-24 18:00:00+00:00,1.0011,24658452.3
BUSD,2022-05-24 19:00:00+00:00,1.0012,43033943.3611
BUSD,2022-05-24 20:00:00+00:00,1.0011,18931179.0869
BUSD,2022-05-24 21:00:00+00:00,1.0012,22627441.5762
BUSD,2022-05-24 22:00:00+00:00,1.0011,29717131.149
BUSD,2022-05-24 23:00:00+00:00,1.0011,26648756.5914
BUSD,2022-05-25 00:00:00+00:00,1.001,26242837.4958
BUSD,2022-05-25 01:00:00+00:00,1.0011,30487851.2308
BUSD,2022-05-25 02:00:00+00:00,1.0011,30308731.6802
BUSD,2022-05-25 03:00:00+00:00,1.0012,20173231.6256
BUSD,2022-05-25 04:00:00+00:00,1.0011,20519690.829
BUSD,2022-05-25 05:00:00+00:00,1.0012,18768874.7911
BUSD,2022-05-25 06:00:00+00:00,1.0012,24131373.3454
BUSD,2022-05-25 07:00:00+00:00,1.0012,13481070.5816
BUSD,2022-05-25 08:00:00+00:00,1.0011,18053389.9019
BUSD,2022-05-25 09:00:00+00:00,1.0011,22318247.8961
BUSD,2022-05-25 10:00:00+00:00,1.0011,36644800.5933
BUSD,2022-05-25 11:00:00+00:00,1.0011,25950691.4994
BUSD,2022-05-25 12:00:00+00:00,1.0011,64049884.11
BUSD,2022-05-25 13:00:00+00:00,1.0012,74371628.9833
BUSD,2022-05-25 14:00:00+00:00,1.0013,61099396.0793
BUSD,2022-05-25 15:00:00+00:00,1.0011,56246821.9274
BUSD,2022-05-25 16:00:00+00:00,1.0011,23942785.5772
BUSD,2022-05-25 17:00:00+00:00,1.0011,18248220.446
BUSD,2022-05-25 18:00:00+00:00,1.0012,31169698.2731
BUSD,2022-05-25 19:00:00+00:00,1.0011,30505748.6718
BUSD,2022-05-25 20:00:00+00:00,1.0011,15527697.6702
BUSD,2022-05-25 21:00:00+00:00,1.0011,13288029.4873
BUSD,2022-05-25 22:00:00+00:00,1.0011,9103908.4582
BUSD,2022-05-25 23:00:00+00:00,1.0011,13964042.82
BUSD,2022-05-26 00:00:00+00:00,1.001,15343122.0357
BUSD,2022-05-26 01:00:00+00:00,1.0011,11398039.3591
BUSD,2022-05-26 02:00:00+00:00,1.001,14462395.2092
BUSD,2022-05-26 03:00:00+00:00,1.001,31764832.2811
BUSD,2022-05-26 04:00:00+00:00,1.0011,20810096.8315
BUSD,2022-05-26 05:00:00+00:00,1.0012,44932087.3795
BUSD,2022-05-26 06:00:00+00:00,1.0012,59532868.2621
BUSD,2022-05-26 07:00:00+00:00,1.0012,23733513.7251
BUSD,2022-05-26 08:00:00+00:00,1.0011,58210416.4156
BUSD,2022-05-26 09:00:00+00:00,1.0012,50903080.7036
BUSD,2022-05-26 10:00:00+00:00,1.0011,24529287.1409
BUSD,2022-05-26 11:00:00+00:00,1.0012,31976058.5772
BUSD,2022-05-26 12:00:00+00:00,1.0012,29325895.3584
BUSD,2022-05-26 13:00:00+00:00,1.0011,82475606.0053
BUSD,2022-05-26 14:00:00+00:00,1.0011,79109310.6057
BUSD,2022-05-26 15:00:00+00:00,1.001,39244960.5482
BUSD,2022-05-26 16:00:00+00:00,1.001,42331674.636
BUSD,2022-05-26 17:00:00+00:00,1.0011,28174410.7385
BUSD,2022-05-26 18:00:00+00:00,1.001,21912609.1115
BUSD,2022-05-26 19:00:00+00:00,1.0011,27753407.7752
BUSD,2022-05-26 20:00:00+00:00,1.001,14556042.4711
BUSD,2022-05-26 21:00:00+00:00,1.001,17741741.7631
BUSD,2022-05-26 22:00:00+00:00,1.0011,8047344.9998
BUSD,2022-05-26 23:00:00+00:00,1.0011,25765218.8217
BUSD,2022-05-27 00:00:00+00:00,1.0011,24341457.4978
BUSD,2022-05-27 01:00:00+00:00,1.0011,22419649.9583
BUSD,2022-05-27 02:00:00+00:00,1.0011,45045836.0608
BUSD,2022-05-27 03:00:00+00:00,1.0012,19204350.6333
BUSD,2022-05-27 04:00:00+00:00,1.0011,22040099.2125
BUSD,2022-05-27 05:00:00+00:00,1.0012,31036790.0047
BUSD,2022-05-27 06:00:00+00:00,1.0012,19848590.3424
BUSD,2022-05-27 07:00:00+00:00,1.0012,19224908.4482
BUSD,2022-05-27 08:00:00+00:00,1.0011,29271377.8797
BUSD,2022-05-27 09:00:00+00:00,1.0011,15790193.1598
BUSD,2022-05-27 10:00:00+00:00,1.0012,11121557.583
BUSD,2022-05-27 11:00:00+00:00,1.0012,24629091.2315
BUSD,2022-05-27 12:00:00+00:00,1.001,69067235.8861
BUSD,2022-05-27 13:00:00+00:00,1.001,28132479.4541
BUSD,2022-05-27 14:00:00+00:00,1.001,32409304.9311
BUSD,2022-05-27 15:00:00+00:00,1.001,17265951.4118
BUSD,2022-05-27 16:00:00+00:00,1.0011,23930971.2216
BUSD,2022-05-27 17:00:00+00:00,1.0012,53431255.3436
BUSD,2022-05-27 18:00:00+00:00,1.0011,19985016.0152
BUSD,2022-05-27 19:00:00+00:00,1.0012,22428849.7245
BUSD,2022-05-27 20:00:00+00:00,1.0012,35802127.975
BUSD,2022-05-27 21:00:00+00:00,1.0013,19821273.4327
BUSD,2022-05-27 22:00:00+00:00,1.0012,11234756.143
BUSD,2022-05-27 23:00:00+00:00,1.0013,9363602.5045
BUSD,2022-05-28 00:00:00+00:00,1.0013,21183283.2206
BUSD,2022-05-28 01:00:00+00:00,1.0012,13546505.1705
BUSD,2022-05-28 02:00:00+00:00,1.0012,9794589.6948
BUSD,2022-05-28 03:00:00+00:00,1.0012,25765583.5626
BUSD,2022-05-28 04:00:00+00:00,1.0012,32215804.3496
BUSD,2022-05-28 05:00:00+00:00,1.0012,12364791.0376
BUSD,2022-05-28 06:00:00+00:00,1.0011,11154943.8977
BUSD,2022-05-28 07:00:00+00:00,1.0011,8672497.9473
BUSD,2022-05-28 08:00:00+00:00,1.001,33710567.0384
BUSD,2022-05-28 09:00:00+00:00,1.001,11240659.3247
BUSD,2022-05-28 10:00:00+00:00,1.001,11185171.4563
BUSD,2022-05-28 11:00:00+00:00,1.0011,10236892.4713
BUSD,2022-05-28 12:00:00+00:00,1.0011,15862382.4013
BUSD,2022-05-28 13:00:00+00:00,1.001,19805462.4093
BUSD,2022-05-28 14:00:00+00:00,1.0011,9096491.1276
BUSD,2022-05-28 15:00:00+00:00,1.0011,12502469.9261
BUSD,2022-05-28 16:00:00+00:00,1.001,10327838.5477
BUSD,2022-05-28 17:00:00+00:00,1.001,20330290.0467
BUSD,2022-05-28 18:00:00+00:00,1.0011,7388570.9264
BUSD,2022-05-28 19:00:00+00:00,1.001,6765997.2624
BUSD,2022-05-28 20:00:00+00:00,1.0011,6301671.8896
BUSD,2022-05-28 21:00:00+00:00,1.001,9298121.1054
BUSD,2022-05-28 22:00:00+00:00,1.001,5586780.713
BUSD,2022-05-28 23:00:00+00:00,1.001,6390647.3837
BUSD,2022-05-29 00:00:00+00:00,1.0011,9158211.8367
BUSD,2022-05-29 01:00:00+00:00,1.001,15102600.7539
BUSD,2022-05-29 02:00:00+00:00,1.0011,15001834.1681
BUSD,2022-05-29 03:00:00+00:00,1.001,11836499.7616
BUSD,2022-05-29 04:00:00+00:00,1.0011,9384577.7703
BUSD,2022-05-29 05:00:00+00:00,1.0011,4756029.4815
BUSD,2022-05-29 06:00:00+00:00,1.001,12632344.3752
BUSD,2022-05-29 07:00:00+00:00,1.001,7651424.0081
BUSD,2022-05-29 08:00:00+00:00,1.0011,8928027.8174
BUSD,2022-05-29 09:00:00+00:00,1.0011,40384845.1841
BUSD,2022-05-29 10:00:00+00:00,1.001,10926061.2907
BUSD,2022-05-29 11:00:00+00:00,1.0011,9414967.2985
BUSD,2022-05-29 12:00:00+00:00,1.001,21175875.2563
BUSD,2022-05-29 13:00:00+00:00,1.001,11007644.4832
BUSD,2022-05-29 14:00:00+00:00,1.0011,9320080.5482
BUSD,2022-05-29 15:00:00+00:00,1.001,9567527.0873
BUSD,2022-05-29 16:00:00+00:00,1.001,12123426.1999
BUSD,2022-05-29 17:00:00+00:00,1.001,7030273.848
BUSD,2022-05-29 18:00:00+00:00,1.001,9829155.9244
BUSD,2022-05-29 19:00:00+00:00,1.001,24455645.387
BUSD,2022-05-29 20:00:00+00:00,1.001,7687540.5267
BUSD,2022-05-29 21:00:00+00:00,1.001,6980690.877
BUSD,2022-05-29 22:00:00+00:00,1.001,9438873.8106
BUSD,2022-05-29 23:00:00+00:00,1.0011,6087372.2054
BUSD,2022-05-30 00:00:00+00:00,1.0011,7485455.3566
BUSD,2022-05-30 01:00:00+00:00,1.001,14633914.8614
BUSD,2022-05-30 02:00:00+00:00,1.001,25738323.9585
BUSD,2022-05-30 03:00:00+00:00,1.001,44289638.5871
BUSD,2022-05-30 04:00:00+00:00,1.001,15342701.9503
BUSD,2022-05-30 05:00:00+00:00,1.001,17344568.8471
BUSD,2022-05-30 06:00:00+00:00,1.0009,37570857.7906
BUSD,2022-05-30 07:00:00+00:00,1.001,35771128.4254
BUSD,2022-05-30 08:00:00+00:00,1.0009,43518778.0983
BUSD,2022-05-30 09:00:00+00:00,1.0008,77329039.9658
BUSD,2022-05-30 10:00:00+00:00,1.0007,64328175.1528
BUSD,2022-05-30 11:00:00+00:00,1.0006,45208537.9943
BUSD,2022-05-30 12:00:00+00:00,1.0007,27768676.8268
BUSD,2022-05-30 13:00:00+00:00,1.0007,49282045.4877
BUSD,2022-05-30 14:00:00+00:00,1.0008,58786721.2583
BUSD,2022-05-30 15:00:00+00:00,1.0008,13934325.0004
BUSD,2022-05-30 16:00:00+00:00,1.0007,16620158.5057
BUSD,2022-05-30 17:00:00+00:00,1.0008,21339559.1249
BUSD,2022-05-30 18:00:00+00:00,1.0008,12148756.6745
BUSD,2022-05-30 19:00:00+00:00,1.0008,12534501.2496
BUSD,2022-05-30 20:00:00+00:00,1.0008,21470368.8305
BUSD,2022-05-30 21:00:00+00:00,1.0008,74111900.4416
BUSD,2022-05-30 22:00:00+00:00,1.0007,47102376.8885
BUSD,2022-05-30 23:00:00+00:00,1.0007,17049500.2628
BUSD,2022-05-31 00:00:00+00:00,1.0006,48601867.385
BUSD,2022-05-31 01:00:00+00:00,1.0007,30520943.0511
BUSD,2022-05-31 02:00:00+00:00,1.0006,25040331.9244
BUSD,2022-05-31 03:00:00+00:00,1.0007,40132201.2208
BUSD,2022-05-31 04:00:00+00:00,1.0007,32892154.9147
BUSD,2022-05-31 05:00:00+00:00,1.0006,32959892.8849
BUSD,2022-05-31 06:00:00+00:00,1.0007,63412507.2931
BUSD,2022-05-31 07:00:00+00:00,1.0007,30867967.9528
BUSD,2022-05-31 08:00:00+00:00,1.0007,52747736.3188
BUSD,2022-05-31 09:00:00+00:00,1.0007,18941712.7088
BUSD,2022-05-31 10:00:00+00:00,1.0007,22380612.8134
BUSD,2022-05-31 11:00:00+00:00,1.0007,40900229.2988
BUSD,2022-05-31 12:00:00+00:00,1.0008,29035544.0206
BUSD,2022-05-31 13:00:00+00:00,1.0008,46397508.2844
BUSD,2022-05-31 14:00:00+00:00,1.0008,33295681.8278
BUSD,2022-05-31 15:00:00+00:00,1.0007,41261655.5116
BUSD,2022-05-31 16:00:00+00:00,1.0007,32560836.1695
BUSD,2022-05-31 17:00:00+00:00,1.0008,16865428.9703
BUSD,2022-05-31 18:00:00+00:00,1.0007,24253881.3
BUSD,2022-05-31 19:00:00+00:00,1.0008,13393429.348
BUSD,2022-05-31 20:00:00+00:00,1.0007,12947609.6779
BUSD,2022-05-31 21:00:00+00:00,1.0007,19238893.9686
BUSD,2022-05-31 22:00:00+00:00,1.0008,8668302.4061
BUSD,2022-05-31 23:00:00+00:00,1.0007,13462641.4452
BUSD,2022-06-01 00:00:00+00:00,1.0007,18324565.7319
BUSD,2022-06-01 01:00:00+00:00,1.0007,14444133.5208
BUSD,2022-06-01 02:00:00+00:00,1.0007,14798835.6263
BUSD,2022-06-01 03:00:00+00:00,1.0007,21312818.208
BUSD,2022-06-01 04:00:00+00:00,1.0007,38359791.1479
BUSD,2022-06-01 05:00:00+00:00,1.0007,19652237.6406
BUSD,2022-06-01 06:00:00+00:00,1.0008,19529496.2598
BUSD,2022-06-01 07:00:00+00:00,1.0008,18612326.2827
BUSD,2022-06-01 08:00:00+00:00,1.0007,27400888.3014
BUSD,2022-06-01 09:00:00+00:00,1.0008,25285466.5638
BUSD,2022-06-01 10:00:00+00:00,1.0007,24628302.7049
BUSD,2022-06-01 11:00:00+00:00,1.0008,58991771.2325
BUSD,2022-06-01 12:00:00+00:00,1.0009,46158808.9733
BUSD,2022-06-01 13:00:00+00:00,1.0009,46177535.1453
BUSD,2022-06-01 14:00:00+00:00,1.0009,49064727.9679
BUSD,2022-06-01 15:00:00+00:00,1.0009,36948030.8047
BUSD,2022-06-01 16:00:00+00:00,1.0009,61144799.325
BUSD,2022-06-01 17:00:00+00:00,1.0011,78140175.1133
BUSD,2022-06-01 18:00:00+00:00,1.0011,29328720.7888
BUSD,2022-06-01 19:00:00+00:00,1.0012,56778620.6702
BUSD,2022-06-01 20:00:00+00:00,1.0009,112120751.8959
BUSD,2022-06-01 21:00:00+00:00,1.0009,13080755.7187
BUSD,2022-06-01 22:00:00+00:00,1.0009,12656638.74
BUSD,2022-06-01 23:00:00+00:00,1.0009,14074330.3148
BUSD,2022-06-02 00:00:00+00:00,1.001,14922585.5745
BUSD,2022-06-02 01:00:00+00:00,1.001,8781502.6938
BUSD,2022-06-02 02:00:00+00:00,1.0009,6619522.8137
BUSD,2022-06-02 03:00:00+00:00,1.0009,55672560.9362
BUSD,2022-06-02 04:00:00+00:00,1.0009,10977112.695
BUSD,2022-06-02 05:00:00+00:00,1.0009,13244088.8895
BUSD,2022-06-02 06:00:00+00:00,1.0009,14223527.3807
BUSD,2022-06-02 07:00:00+00:00,1.0008,21538736.8669
BUSD,2022-06-02 08:00:00+00:00,1.0009,25285092.1556
BUSD,2022-06-02 09:00:00+00:00,1.0009,17501796.7774
BUSD,2022-06-02 10:00:00+00:00,1.0008,19634059.8041
BUSD,2022-06-02 11:00:00+00:00,1.0009,19327493.2061
BUSD,2022-06-02 12:00:00+00:00,1.0008,16406794.538
BUSD,2022-06-02 13:00:00+00:00,1.0008,27428062.74
BUSD,2022-06-02 14:00:00+00:00,1.0008,21217768.3612
BUSD,2022-06-02 15:00:00+00:00,1.0008,26125471.2577
BUSD,2022-06-02 16:00:00+00:00,1.0009,32958589.7132
BUSD,2022-06-02 17:00:00+00:00,1.0008,17523892.294
BUSD,2022-06-02 18:00:00+00:00,1.0009,28255775.4956
BUSD,2022-06-02 19:00:00+00:00,1.0008,10934448.526
BUSD,2022-06-02 20:00:00+00:00,1.0008,14432983.0762
BUSD,2022-06-02 21:00:00+00:00,1.0008,8719454.1311
BUSD,2022-06-02 22:00:00+00:00,1.0008,13423709.4087
BUSD,2022-06-02 23:00:00+00:00,1.0008,30484681.8588
BUSD,2022-06-03 00:00:00+00:00,1.0008,11362600.4424
BUSD,2022-06-03 01:00:00+00:00,1.0008,9237537.351
BUSD,2022-06-03 02:00:00+00:00,1.0008,9219349.0454
BUSD,2022-06-03 03:00:00+00:00,1.0008,9454661.6463
BUSD,2022-06-03 04:00:00+00:00,1.0007,12463152.0848
BUSD,2022-06-03 05:00:00+00:00,1.0008,9682548.1646
BUSD,2022-06-03 06:00:00+00:00,1.0008,9905308.7062
BUSD,2022-06-03 07:00:00+00:00,1.0007,11940495.2545
BUSD,2022-06-03 08:00:00+00:00,1.0007,15216316.0392
BUSD,2022-06-03 09:00:00+00:00,1.0008,15936221.4394
BUSD,2022-06-03 10:00:00+00:00,1.0007,25171254.2538
BUSD,2022-06-03 11:00:00+00:00,1.0007,22349812.9265
BUSD,2022-06-03 12:00:00+00:00,1.0007,32196501.3093
BUSD,2022-06-03 13:00:00+00:00,1.0009,57716020.6172
BUSD,2022-06-03 14:00:00+00:00,1.0009,76849342.6371
BUSD,2022-06-03 15:00:00+00:00,1.001,40129432.7653
BUSD,2022-06-03 16:00:00+00:00,1.0011,11316662.785
BUSD,2022-06-03 17:00:00+00:00,1.0011,9169294.7096
BUSD,2022-06-03 18:00:00+00:00,1.0011,9694956.9572
BUSD,2022-06-03 19:00:00+00:00,1.0011,56037821.0088
BUSD,2022-06-03 20:00:00+00:00,1.0011,5790198.4448
BUSD,2022-06-03 21:00:00+00:00,1.001,10005617.9582
BUSD,2022-06-03 22:00:00+00:00,1.001,9725749.3697
BUSD,2022-06-03 23:00:00+00:00,1.0011,7021835.4552
BUSD,2022-06-04 00:00:00+00:00,1.001,6999165.1714
BUSD,2022-06-04 01:00:00+00:00,1.001,14009828.3538
BUSD,2022-06-04 02:00:00+00:00,1.0011,10725160.3801
BUSD,2022-06-04 03:00:00+00:00,1.0011,10682942.3905
BUSD,2022-06-04 04:00:00+00:00,1.001,8124489.5358
BUSD,2022-06-04 05:00:00+00:00,1.0011,5019486.9122
BUSD,2022-06-04 06:00:00+00:00,1.0011,8258422.9309
BUSD,2022-06-04 07:00:00+00:00,1.001,25124470.1165
BUSD,2022-06-04 08:00:00+00:00,1.0009,8664495.4591
BUSD,2022-06-04 09:00:00+00:00,1.0009,11649553.5156
BUSD,2022-06-04 10:00:00+00:00,1.0009,50432538.2718
BUSD,2022-06-04 11:00:00+00:00,1.0008,12650485.4245
BUSD,2022-06-04 12:00:00+00:00,1.0008,9866165.4577
BUSD,2022-06-04 13:00:00+00:00,1.0008,8229654.6649
BUSD,2022-06-04 14:00:00+00:00,1.0009,9626550.5303
BUSD,2022-06-04 15:00:00+00:00,1.0009,8531337.2093
BUSD,2022-06-04 16:00:00+00:00,1.0009,9264490.5459
BUSD,2022-06-04 17:00:00+00:00,1.0009,6304637.6166
BUSD,2022-06-04 18:00:00+00:00,1.0008,4872434.0563
BUSD,2022-06-04 19:00:00+00:00,1.0008,5344031.1755
BUSD,2022-06-04 20:00:00+00:00,1.0009,4534326.6172
BUSD,2022-06-04 21:00:00+00:00,1.0008,6257707.4372
BUSD,2022-06-04 22:00:00+00:00,1.0009,7598455.6553
BUSD,2022-06-04 23:00:00+00:00,1.0009,8381870.1385
BUSD,2022-06-05 00:00:00+00:00,1.0009,7521087.1687
BUSD,2022-06-05 01:00:00+00:00,1.0009,14836462.3489
BUSD,2022-06-05 02:00:00+00:00,1.0008,8115530.8449
BUSD,2022-06-05 03:00:00+00:00,1.0008,4705566.3044
BUSD,2022-06-05 04:00:00+00:00,1.0008,8992388.9892
BUSD,2022-06-05 05:00:00+00:00,1.0009,9076371.9352
BUSD,2022-06-05 06:00:00+00:00,1.0009,4776615.4508
BUSD,2022-06-05 07:00:00+00:00,1.0009,35413358.9449
BUSD,2022-06-05 08:00:00+00:00,1.0009,7494484.5401
BUSD,2022-06-05 09:00:00+00:00,1.0008,15288639.1731
BUSD,2022-06-05 10:00:00+00:00,1.0009,7756598.5744
BUSD,2022-06-05 11:00:00+00:00,1.0009,9722898.4782
BUSD,2022-06-05 12:00:00+00:00,1.0008,6196117.9665
BUSD,2022-06-05 13:00:00+00:00,1.0008,7351398.8378
BUSD,2022-06-05 14:00:00+00:00,1.0009,9729143.9724
BUSD,2022-06-05 15:00:00+00:00,1.0008,11119503.6898
BUSD,2022-06-05 16:00:00+00:00,1.0008,14431560.1088
BUSD,2022-06-05 17:00:00+00:00,1.0008,10736466.7617
BUSD,2022-06-05 18:00:00+00:00,1.0009,4834927.8977
BUSD,2022-06-05 19:00:00+00:00,1.0008,6774508.6926
BUSD,2022-06-05 20:00:00+00:00,1.0008,7657311.7528
BUSD,2022-06-05 21:00:00+00:00,1.0008,6311603.1925
BUSD,2022-06-05 22:00:00+00:00,1.0009,6227932.5986
BUSD,2022-06-05 23:00:00+00:00,1.0009,9720992.813
BUSD,2022-06-06 00:00:00+00:00,1.0008,11641370.9729
BUSD,2022-06-06 01:00:00+00:00,1.0009,15830934.63
BUSD,2022-06-06 02:00:00+00:00,1.0009,14894247.0901
BUSD,2022-06-06 03:00:00+00:00,1.0009,21308005.9824
BUSD,2022-06-06 04:00:00+00:00,1.0008,16004570.2331
BUSD,2022-06-06 05:00:00+00:00,1.0009,11737528.0754
BUSD,2022-06-06 06:00:00+00:00,1.0009,34359520.4738
BUSD,2022-06-06 07:00:00+00:00,1.0009,24891935.1863
BUSD,2022-06-06 08:00:00+00:00,1.0009,45624060.5138
BUSD,2022-06-06 09:00:00+00:00,1.0008,31951197.275
BUSD,2022-06-06 10:00:00+00:00,1.0008,24530297.5556
BUSD,2022-06-06 11:00:00+00:00,1.0008,38104255.5567
BUSD,2022-06-06 12:00:00+00:00,1.0008,24416604.9569
BUSD,2022-06-06 13:00:00+00:00,1.0008,31506442.2416
BUSD,2022-06-06 14:00:00+00:00,1.0008,35691470.2901
BUSD,2022-06-06 15:00:00+00:00,1.0009,32430184.7576
BUSD,2022-06-06 16:00:00+00:00,1.0009,31408656.2475
BUSD,2022-06-06 17:00:00+00:00,1.0009,11841793.3366
BUSD,2022-06-06 18:00:00+00:00,1.0009,8153209.547
BUSD,2022-06-06 19:00:00+00:00,1.0009,5498701.6139
BUSD,2022-06-06 20:00:00+00:00,1.0008,13107795.146
BUSD,2022-06-06 21:00:00+00:00,1.0009,10144832.1676
BUSD,2022-06-06 22:00:00+00:00,1.0008,7190893.4387
BUSD,2022-06-06 23:00:00+00:00,1.0009,6666798.9998
BUSD,2022-06-07 00:00:00+00:00,1.0008,44631922.6257
BUSD,2022-06-07 01:00:00+00:00,1.0009,36606900.7944
BUSD,2022-06-07 02:00:00+00:00,1.0008,21018233.9242
BUSD,2022-06-07 03:00:00+00:00,1.0008,73362938.1867
BUSD,2022-06-07 04:00:00+00:00,1.0005,88423488.7139
BUSD,2022-06-07 05:00:00+00:00,1.0007,40403293.2022
BUSD,2022-06-07 06:00:00+00:00,1.0007,23246228.5896
BUSD,2022-06-07 07:00:00+00:00,1.0007,41527931.5918
BUSD,2022-06-07 08:00:00+00:00,1.0007,13615036.4214
BUSD,2022-06-07 09:00:00+00:00,1.0007,15290057.4531
BUSD,2022-06-07 10:00:00+00:00,1.0007,18741240.0865
BUSD,2022-06-07 11:00:00+00:00,1.0007,25251013.4507
BUSD,2022-06-07 12:00:00+00:00,1.0007,16850397.065
BUSD,2022-06-07 13:00:00+00:00,1.0008,28599063.7051
BUSD,2022-06-07 14:00:00+00:00,1.0009,118622970.4955
BUSD,2022-06-07 15:00:00+00:00,1.0009,98928410.8274
BUSD,2022-06-07 16:00:00+00:00,1.001,31227762.859
BUSD,2022-06-07 17:00:00+00:00,1.0009,30782717.0925
BUSD,2022-06-07 18:00:00+00:00,1.0007,36419534.654
BUSD,2022-06-07 19:00:00+00:00,1.0008,37397430.0941
BUSD,2022-06-07 20:00:00+00:00,1.0007,54912709.8969
BUSD,2022-06-07 21:00:00+00:00,1.0007,33212275.5574
BUSD,2022-06-07 22:00:00+00:00,1.0005,132603856.1848
BUSD,2022-06-07 23:00:00+00:00,1.0007,180767705.0736
BUSD,2022-06-08 00:00:00+00:00,1.0007,35800108.6694
BUSD,2022-06-08 01:00:00+00:00,1.0007,24162985.0566
BUSD,2022-06-08 02:00:00+00:00,1.0007,15147033.4708
BUSD,2022-06-08 03:00:00+00:00,1.0007,28562905.762
BUSD,2022-06-08 04:00:00+00:00,1.0007,14289384.7283
BUSD,2022-06-08 05:00:00+00:00,1.0007,17038410.7165
BUSD,2022-06-08 06:00:00+00:00,1.0006,25628323.4084
BUSD,2022-06-08 07:00:00+00:00,1.0006,132845158.4367
BUSD,2022-06-08 08:00:00+00:00,1.0006,25088496.7433
BUSD,2022-06-08 09:00:00+00:00,1.0006,18140044.6333
BUSD,2022-06-08 10:00:00+00:00,1.0006,14447427.2959
BUSD,2022-06-08 11:00:00+00:00,1.0005,23440949.2564
BUSD,2022-06-08 12:00:00+00:00,1.0007,85453104.8802
BUSD,2022-06-08 13:00:00+00:00,1.0006,28335352.6427
BUSD,2022-06-08 14:00:00+00:00,1.0006,33675917.0735
BUSD,2022-06-08 15:00:00+00:00,1.0006,13613418.3398
BUSD,2022-06-08 16:00:00+00:00,1.0006,37424006.8004
BUSD,2022-06-08 17:00:00+00:00,1.0008,59456802.913
BUSD,2022-06-08 18:00:00+00:00,1.0008,21228990.7823
BUSD,2022-06-08 19:00:00+00:00,1.0007,10593330.4296
BUSD,2022-06-08 20:00:00+00:00,1.0007,15985246.9682
BUSD,2022-06-08 21:00:00+00:00,1.0008,17384382.6147
BUSD,2022-06-08 22:00:00+00:00,1.0007,7799515.2314
BUSD,2022-06-08 23:00:00+00:00,1.0008,43924912.8528
BUSD,2022-06-09 00:00:00+00:00,1.0008,18683178.8784
BUSD,2022-06-09 01:00:00+00:00,1.0009,12724192.0699
BUSD,2022-06-09 02:00:00+00:00,1.0009,21013480.6187
BUSD,2022-06-09 03:00:00+00:00,1.0009,24053510.5109
BUSD,2022-06-09 04:00:00+00:00,1.0009,17490467.8138
BUSD,2022-06-09 05:00:00+00:00,1.0009,53769850.9456
BUSD,2022-06-09 06:00:00+00:00,1.0008,43786578.1143
BUSD,2022-06-09 07:00:00+00:00,1.0008,41373940.5445
BUSD,2022-06-09 08:00:00+00:00,1.0008,30828220.047
BUSD,2022-06-09 09:00:00+00:00,1.0008,25523251.3571
BUSD,2022-06-09 10:00:00+00:00,1.0008,19008611.2136
BUSD,2022-06-09 11:00:00+00:00,1.0007,55892433.5513
BUSD,2022-06-09 12:00:00+00:00,1.0007,34867757.754
BUSD,2022-06-09 13:00:00+00:00,1.0007,15683331.9917
BUSD,2022-06-09 14:00:00+00:00,1.0008,62487068.41
BUSD,2022-06-09 15:00:00+00:00,1.0007,43751866.8349
BUSD,2022-06-09 16:00:00+00:00,1.0008,27248465.5093
BUSD,2022-06-09 17:00:00+00:00,1.0008,54701931.9474
BUSD,2022-06-09 18:00:00+00:00,1.0008,14351581.3094
BUSD,2022-06-09 19:00:00+00:00,1.0008,14194760.8562
BUSD,2022-06-09 20:00:00+00:00,1.0009,19005240.2328
BUSD,2022-06-09 21:00:00+00:00,1.0009,12755911.5581
BUSD,2022-06-09 22:00:00+00:00,1.0009,11033980.5833
BUSD,2022-06-09 23:00:00+00:00,1.0008,24978261.9246
BUSD,2022-06-10 00:00:00+00:00,1.0009,19694846.3656
BUSD,2022-06-10 01:00:00+00:00,1.0009,9971745.5238
BUSD,2022-06-10 02:00:00+00:00,1.0009,9638950.3623
BUSD,2022-06-10 03:00:00+00:00,1.0008,18374364.4642
BUSD,2022-06-10 04:00:00+00:00,1.0008,15595798.3814
BUSD,2022-06-10 05:00:00+00:00,1.0008,10803265.6529
BUSD,2022-06-10 06:00:00+00:00,1.0009,13285195.0926
BUSD,2022-06-10 07:00:00+00:00,1.0008,13680255.373
BUSD,2022-06-10 08:00:00+00:00,1.0008,14486241.0406
BUSD,2022-06-10 09:00:00+00:00,1.0008,22073480.8431
BUSD,2022-06-10 10:00:00+00:00,1.0009,74890070.984
BUSD,2022-06-10 11:00:00+00:00,1.0008,14407710.5172
BUSD,2022-06-10 12:00:00+00:00,1.0009,33852253.092
BUSD,2022-06-10 13:00:00+00:00,1.0009,32433932.8566
BUSD,2022-06-10 14:00:00+00:00,1.0009,27021012.1493
BUSD,2022-06-10 15:00:00+00:00,1.0009,62009000.2902
BUSD,2022-06-10 16:00:00+00:00,1.0009,39912614.1636
BUSD,2022-06-10 17:00:00+00:00,1.0011,33125144.9832
BUSD,2022-06-10 18:00:00+00:00,1.0011,11623263.8029
BUSD,2022-06-10 19:00:00+00:00,1.001,7354762.6019
BUSD,2022-06-10 20:00:00+00:00,1.0011,8385293.5768
BUSD,2022-06-10 21:00:00+00:00,1.0011,7606376.2677
BUSD,2022-06-10 22:00:00+00:00,1.001,5376115.6947
BUSD,2022-06-10 23:00:00+00:00,1.001,6551976.43
BUSD,2022-06-11 00:00:00+00:00,1.0011,7043587.3818
BUSD,2022-06-11 01:00:00+00:00,1.001,6719217.8269
BUSD,2022-06-11 02:00:00+00:00,1.0011,11706998.0293
BUSD,2022-06-11 03:00:00+00:00,1.001,8625328.2803
BUSD,2022-06-11 04:00:00+00:00,1.001,5070794.9686
BUSD,2022-06-11 05:00:00+00:00,1.001,7179559.9604
BUSD,2022-06-11 06:00:00+00:00,1.0011,8274459.406
BUSD,2022-06-11 07:00:00+00:00,1.001,15948130.6648
BUSD,2022-06-11 08:00:00+00:00,1.0011,20209865.4726
BUSD,2022-06-11 09:00:00+00:00,1.0011,27332762.3801
BUSD,2022-06-11 10:00:00+00:00,1.001,14739930.4605
BUSD,2022-06-11 11:00:00+00:00,1.0011,25396853.6271
BUSD,2022-06-11 12:00:00+00:00,1.0012,71779289.4075
BUSD,2022-06-11 13:00:00+00:00,1.0011,66502733.574
BUSD,2022-06-11 14:00:00+00:00,1.0012,29327606.0135
BUSD,2022-06-11 15:00:00+00:00,1.0012,34706206.6776
BUSD,2022-06-11 16:00:00+00:00,1.0012,31446090.5836
BUSD,2022-06-11 17:00:00+00:00,1.0012,12936644.2702
BUSD,2022-06-11 18:00:00+00:00,1.0012,12816102.3858
BUSD,2022-06-11 19:00:00+00:00,1.0011,8886876.011
BUSD,2022-06-11 20:00:00+00:00,1.0012,7470621.0265
BUSD,2022-06-11 21:00:00+00:00,1.0011,8734278.6722
BUSD,2022-06-11 22:00:00+00:00,1.0012,8242204.7953
BUSD,2022-06-11 23:00:00+00:00,1.0012,8669406.9849
BUSD,2022-06-12 00:00:00+00:00,1.0011,12425536.9723
BUSD,2022-06-12 01:00:00+00:00,1.0012,13362555.6827
BUSD,2022-06-12 02:00:00+00:00,1.0013,92676650.9906
BUSD,2022-06-12 03:00:00+00:00,1.0013,22325702.4003
BUSD,2022-06-12 04:00:00+00:00,1.0013,16453493.5153
BUSD,2022-06-12 05:00:00+00:00,1.0013,27002943.0681
BUSD,2022-06-12 06:00:00+00:00,1.0014,18308779.649
BUSD,2022-06-12 07:00:00+00:00,1.0014,14279955.5232
BUSD,2022-06-12 08:00:00+00:00,1.0013,18203263.0142
BUSD,2022-06-12 09:00:00+00:00,1.0014,30444404.5623
BUSD,2022-06-12 10:00:00+00:00,1.0013,26421536.2666
BUSD,2022-06-12 11:00:00+00:00,1.0012,42593796.6781
BUSD,2022-06-12 12:00:00+00:00,1.0012,11200944.9573
BUSD,2022-06-12 13:00:00+00:00,1.0012,42053644.2267
BUSD,2022-06-12 14:00:00+00:00,1.0013,68548406.3759
BUSD,2022-06-12 15:00:00+00:00,1.0013,33858095.0572
BUSD,2022-06-12 16:00:00+00:00,1.0013,25288604.9942
BUSD,2022-06-12 17:00:00+00:00,1.0012,60708219.5931
BUSD,2022-06-12 18:00:00+00:00,1.0012,62977571.85
BUSD,2022-06-12 19:00:00+00:00,1.0012,18844775.7439
BUSD,2022-06-12 20:00:00+00:00,1.0011,12221917.1836
BUSD,2022-06-12 21:00:00+00:00,1.0011,12107510.2833
BUSD,2022-06-12 22:00:00+00:00,1.0011,21928106.308
BUSD,2022-06-12 23:00:00+00:00,1.0012,21988647.7563
BUSD,2022-06-13 00:00:00+00:00,1.0014,63993635.0083
BUSD,2022-06-13 01:00:00+00:00,1.0013,51343000.4138
BUSD,2022-06-13 02:00:00+00:00,1.0011,117171079.067
BUSD,2022-06-13 03:00:00+00:00,1.0012,185294295.8168
BUSD,2022-06-13 04:00:00+00:00,1.0013,33161442.9445
BUSD,2022-06-13 05:00:00+00:00,1.0013,64722889.835
BUSD,2022-06-13 06:00:00+00:00,1.0015,103353513.9612
BUSD,2022-06-13 07:00:00+00:00,1.0013,103982230.1794
BUSD,2022-06-13 08:00:00+00:00,1.002,235742228.4961
BUSD,2022-06-13 09:00:00+00:00,1.0017,204060860.7515
BUSD,2022-06-13 10:00:00+00:00,1.0022,172411870.8029
BUSD,2022-06-13 11:00:00+00:00,1.0023,134772269.7437
BUSD,2022-06-13 12:00:00+00:00,1.0019,117140287.5795
BUSD,2022-06-13 13:00:00+00:00,1.0015,139506936.7301
BUSD,2022-06-13 14:00:00+00:00,1.0015,98130894.2805
BUSD,2022-06-13 15:00:00+00:00,1.0014,89722550.992
BUSD,2022-06-13 16:00:00+00:00,1.0014,98333935.5695
BUSD,2022-06-13 17:00:00+00:00,1.0014,29232085.3173
BUSD,2022-06-13 18:00:00+00:00,1.0013,24276036.2924
BUSD,2022-06-13 19:00:00+00:00,1.0014,48064328.1957
BUSD,2022-06-13 20:00:00+00:00,1.0014,23689671.4282
BUSD,2022-06-13 21:00:00+00:00,1.0014,28378034.5792
BUSD,2022-06-13 22:00:00+00:00,1.0014,17613240.6264
BUSD,2022-06-13 23:00:00+00:00,1.0015,25248142.3539
BUSD,2022-06-14 00:00:00+00:00,1.0015,26078525.7589
BUSD,2022-06-14 01:00:00+00:00,1.0015,52165141.8131
BUSD,2022-06-14 02:00:00+00:00,1.0014,65991465.7277
BUSD,2022-06-14 03:00:00+00:00,1.0014,70982794.772
BUSD,2022-06-14 04:00:00+00:00,1.0013,70655601.2571
BUSD,2022-06-14 05:00:00+00:00,1.0015,127347894.4211
BUSD,2022-06-14 06:00:00+00:00,1.0014,44127629.6869
BUSD,2022-06-14 07:00:00+00:00,1.0016,96203415.9189
BUSD,2022-06-14 08:00:00+00:00,1.0014,68093980.9083
BUSD,2022-06-14 09:00:00+00:00,1.0015,23022942.759
BUSD,2022-06-14 10:00:00+00:00,1.0015,26325189.6097
BUSD,2022-06-14 11:00:00+00:00,1.0015,47639314.914
BUSD,2022-06-14 12:00:00+00:00,1.0013,73835205.4293
BUSD,2022-06-14 13:00:00+00:00,1.0013,36428313.2241
BUSD,2022-06-14 14:00:00+00:00,1.0012,70003237.9867
BUSD,2022-06-14 15:00:00+00:00,1.0013,90403079.4409
BUSD,2022-06-14 16:00:00+00:00,1.0012,21561534.8939
BUSD,2022-06-14 17:00:00+00:00,1.0012,17631385.5997
BUSD,2022-06-14 18:00:00+00:00,1.0012,40858276.9768
BUSD,2022-06-14 19:00:00+00:00,1.0012,19700969.4194
BUSD,2022-06-14 20:00:00+00:00,1.0011,21168813.3289
BUSD,2022-06-14 21:00:00+00:00,1.0011,19114609.8173
BUSD,2022-06-14 22:00:00+00:00,1.0012,12791172.4983
BUSD,2022-06-14 23:00:00+00:00,1.0011,20499602.0255
BUSD,2022-06-15 00:00:00+00:00,1.0012,48685680.2554
BUSD,2022-06-15 01:00:00+00:00,1.0012,27397000.3175
BUSD,2022-06-15 02:00:00+00:00,1.0012,28095426.3996
BUSD,2022-06-15 03:00:00+00:00,1.0013,31946051.6764
BUSD,2022-06-15 04:00:00+00:00,1.0016,162087313.3502
BUSD,2022-06-15 05:00:00+00:00,1.0016,93874781.1107
BUSD,2022-06-15 06:00:00+00:00,1.0017,53228961.4906
BUSD,2022-06-15 07:00:00+00:00,1.0018,89747444.5786
BUSD,2022-06-15 08:00:00+00:00,1.0019,83824904.3356
BUSD,2022-06-15 09:00:00+00:00,1.0019,87998688.4953
BUSD,2022-06-15 10:00:00+00:00,1.0018,48999906.4503
BUSD,2022-06-15 11:00:00+00:00,1.0016,99991930.455
BUSD,2022-06-15 12:00:00+00:00,1.0016,47690917.1849
BUSD,2022-06-15 13:00:00+00:00,1.0015,88253737.4698
BUSD,2022-06-15 14:00:00+00:00,1.0014,95653516.611
BUSD,2022-06-15 15:00:00+00:00,1.0012,74501234.9838
BUSD,2022-06-15 16:00:00+00:00,1.0012,23021425.0898
BUSD,2022-06-15 17:00:00+00:00,1.0012,81327073.228
BUSD,2022-06-15 18:00:00+00:00,1.0013,89778396.3955
BUSD,2022-06-15 19:00:00+00:00,1.0012,51259332.7177
BUSD,2022-06-15 20:00:00+00:00,1.0012,18654163.1037
BUSD,2022-06-15 21:00:00+00:00,1.0012,25941166.9135
BUSD,2022-06-15 22:00:00+00:00,1.0012,21553226.8104
BUSD,2022-06-15 23:00:00+00:00,1.0013,20105849.8049
BUSD,2022-06-16 00:00:00+00:00,1.0012,21337210.1017
BUSD,2022-06-16 01:00:00+00:00,1.0012,16336359.4728
BUSD,2022-06-16 02:00:00+00:00,1.0012,12223987.8411
BUSD,2022-06-16 03:00:00+00:00,1.0012,12431835.1248
BUSD,2022-06-16 04:00:00+00:00,1.0012,12573578.9618
BUSD,2022-06-16 05:00:00+00:00,1.0011,57963476.0048
BUSD,2022-06-16 06:00:00+00:00,1.0012,23484867.3459
BUSD,2022-06-16 07:00:00+00:00,1.0012,17561430.5215
BUSD,2022-06-16 08:00:00+00:00,1.0011,16042801.8464
BUSD,2022-06-16 09:00:00+00:00,1.0011,26268965.9409
BUSD,2022-06-16 10:00:00+00:00,1.0011,28625863.2039
BUSD,2022-06-16 11:00:00+00:00,1.0012,31112105.8533
BUSD,2022-06-16 12:00:00+00:00,1.0011,71982929.7757
BUSD,2022-06-16 13:00:00+00:00,1.0012,53657209.6602
BUSD,2022-06-16 14:00:00+00:00,1.0012,19988730.7611
BUSD,2022-06-16 15:00:00+00:00,1.0013,72573150.315
BUSD,2022-06-16 16:00:00+00:00,1.0013,58385260.371
BUSD,2022-06-16 17:00:00+00:00,1.0012,28223268.1823
BUSD,2022-06-16 18:00:00+00:00,1.0013,12991614.1262
BUSD,2022-06-16 19:00:00+00:00,1.0013,10714876.9714
BUSD,2022-06-16 20:00:00+00:00,1.0015,86241099.676
BUSD,2022-06-16 21:00:00+00:00,1.0013,51997789.9889
BUSD,2022-06-16 22:00:00+00:00,1.0013,10075937.2329
BUSD,2022-06-16 23:00:00+00:00,1.0013,12015397.6428
BUSD,2022-06-17 00:00:00+00:00,1.0014,13679802.7058
BUSD,2022-06-17 01:00:00+00:00,1.0015,27094312.952
BUSD,2022-06-17 02:00:00+00:00,1.0014,11908267.5727
BUSD,2022-06-17 03:00:00+00:00,1.0014,9289814.3512
BUSD,2022-06-17 04:00:00+00:00,1.0014,31169181.9903
BUSD,2022-06-17 05:00:00+00:00,1.0015,11229920.201
BUSD,2022-06-17 06:00:00+00:00,1.0013,78782599.7951
BUSD,2022-06-17 07:00:00+00:00,1.0013,12316789.8219
BUSD,2022-06-17 08:00:00+00:00,1.0013,44247272.7044
BUSD,2022-06-17 09:00:00+00:00,1.0014,14720939.2502
BUSD,2022-06-17 10:00:00+00:00,1.0013,69189586.732
BUSD,2022-06-17 11:00:00+00:00,1.0013,13519663.4704
BUSD,2022-06-17 12:00:00+00:00,1.0013,14297445.7106
BUSD,2022-06-17 13:00:00+00:00,1.0014,58476364.05
BUSD,2022-06-17 14:00:00+00:00,1.0012,123851943.421
BUSD,2022-06-17 15:00:00+00:00,1.0013,55759770.6226
BUSD,2022-06-17 16:00:00+00:00,1.0013,63415810.3754
BUSD,2022-06-17 17:00:00+00:00,1.0013,15193466.8737
BUSD,2022-06-17 18:00:00+00:00,1.0012,54653343.414
BUSD,2022-06-17 19:00:00+00:00,1.0013,6720882.3063
BUSD,2022-06-17 20:00:00+00:00,1.0013,11154043.2498
BUSD,2022-06-17 21:00:00+00:00,1.0012,14899700.7778
BUSD,2022-06-17 22:00:00+00:00,1.0013,14480640.6878
BUSD,2022-06-17 23:00:00+00:00,1.0012,12237393.3673
BUSD,2022-06-18 00:00:00+00:00,1.0012,10498014.9351
BUSD,2022-06-18 01:00:00+00:00,1.0013,33434979.031
BUSD,2022-06-18 02:00:00+00:00,1.0014,23897981.1927
BUSD,2022-06-18 03:00:00+00:00,1.0014,7150121.1391
BUSD,2022-06-18 04:00:00+00:00,1.0014,4768566.758
BUSD,2022-06-18 05:00:00+00:00,1.0014,5042111.7464
BUSD,2022-06-18 06:00:00+00:00,1.0013,27346715.8296
BUSD,2022-06-18 07:00:00+00:00,1.0013,87556055.8791
BUSD,2022-06-18 08:00:00+00:00,1.0015,119602412.2581
BUSD,2022-06-18 09:00:00+00:00,1.0015,80208917.1152
BUSD,2022-06-18 10:00:00+00:00,1.0015,49915589.2991
BUSD,2022-06-18 11:00:00+00:00,1.0013,62942062.1117
BUSD,2022-06-18 12:00:00+00:00,1.0014,18233112.9957
BUSD,2022-06-18 13:00:00+00:00,1.0014,33297536.6147
BUSD,2022-06-18 14:00:00+00:00,1.0013,52505860.2684
BUSD,2022-06-18 15:00:00+00:00,1.0014,35412520.3744
BUSD,2022-06-18 16:00:00+00:00,1.0012,68842944.4665
BUSD,2022-06-18 17:00:00+00:00,1.0013,43743765.2483
BUSD,2022-06-18 18:00:00+00:00,1.0014,35004402.3978
BUSD,2022-06-18 19:00:00+00:00,1.0015,53765437.5032
BUSD,2022-06-18 20:00:00+00:00,1.0017,131246167.767
BUSD,2022-06-18 21:00:00+00:00,1.0016,57748594.383
BUSD,2022-06-18 22:00:00+00:00,1.0015,56680831.755
BUSD,2022-06-18 23:00:00+00:00,1.0015,62219628.7683
BUSD,2022-06-19 00:00:00+00:00,1.0015,58419853.6383
BUSD,2022-06-19 01:00:00+00:00,1.0014,27758872.8802
BUSD,2022-06-19 02:00:00+00:00,1.0015,34380750.3713
BUSD,2022-06-19 03:00:00+00:00,1.0014,13056124.2787
BUSD,2022-06-19 04:00:00+00:00,1.0014,16475437.2121
BUSD,2022-06-19 05:00:00+00:00,1.0015,49957605.4773
BUSD,2022-06-19 06:00:00+00:00,1.0015,11866920.8772
BUSD,2022-06-19 07:00:00+00:00,1.0015,40411896.3017
BUSD,2022-06-19 08:00:00+00:00,1.0016,45144108.7403
BUSD,2022-06-19 09:00:00+00:00,1.0015,40642246.7174
BUSD,2022-06-19 10:00:00+00:00,1.0016,35764876.6089
BUSD,2022-06-19 11:00:00+00:00,1.0014,61887256.5404
BUSD,2022-06-19 12:00:00+00:00,1.0013,38812660.227
BUSD,2022-06-19 13:00:00+00:00,1.0013,16358810.2422
BUSD,2022-06-19 14:00:00+00:00,1.0014,18701255.0232
BUSD,2022-06-19 15:00:00+00:00,1.0013,25583413.6495
BUSD,2022-06-19 16:00:00+00:00,1.0013,14394042.3512
BUSD,2022-06-19 17:00:00+00:00,1.0013,7102264.0058
BUSD,2022-06-19 18:00:00+00:00,1.0013,12384242.9116
BUSD,2022-06-19 19:00:00+00:00,1.0013,23986695.9343
BUSD,2022-06-19 20:00:00+00:00,1.0013,41652317.9383
BUSD,2022-06-19 21:00:00+00:00,1.0013,14421782.7104
BUSD,2022-06-19 22:00:00+00:00,1.0013,11945513.7821
BUSD,2022-06-19 23:00:00+00:00,1.0014,17801873.3346
BUSD,2022-06-20 00:00:00+00:00,1.0012,28851256.0648
BUSD,2022-06-20 01:00:00+00:00,1.0015,44793849.4258
BUSD,2022-06-20 02:00:00+00:00,1.0014,15362062.1176
BUSD,2022-06-20 03:00:00+00:00,1.0014,18669264.1509
BUSD,2022-06-20 04:00:00+00:00,1.0015,9785675.3722
BUSD,2022-06-20 05:00:00+00:00,1.0015,15642993.8138
BUSD,2022-06-20 06:00:00+00:00,1.0014,13561601.7204
BUSD,2022-06-20 07:00:00+00:00,1.0014,55192649.9295
BUSD,2022-06-20 08:00:00+00:00,1.0014,31174871.1892
BUSD,2022-06-20 09:00:00+00:00,1.0013,103527410.6546
BUSD,2022-06-20 10:00:00+00:00,1.0013,47895059.5966
BUSD,2022-06-20 11:00:00+00:00,1.0013,21771031.3231
BUSD,2022-06-20 12:00:00+00:00,1.0011,55741102.912
BUSD,2022-06-20 13:00:00+00:00,1.0012,37529802.2806
BUSD,2022-06-20 14:00:00+00:00,1.0011,15740351.5953
BUSD,2022-06-20 15:00:00+00:00,1.0011,33812742.9477
BUSD,2022-06-20 16:00:00+00:00,1.0012,35400426.3191
BUSD,2022-06-20 17:00:00+00:00,1.0012,24599799.4295
BUSD,2022-06-20 18:00:00+00:00,1.0013,44539923.9435
BUSD,2022-06-20 19:00:00+00:00,1.0012,20634708.3567
BUSD,2022-06-20 20:00:00+00:00,1.0013,47468207.2175
BUSD,2022-06-20 21:00:00+00:00,1.0013,18778054.598
BUSD,2022-06-20 22:00:00+00:00,1.0012,23900263.8343
BUSD,2022-06-20 23:00:00+00:00,1.0013,7660936.2955
BUSD,2022-06-21 00:00:00+00:00,1.0012,9417190.7156
BUSD,2022-06-21 01:00:00+00:00,1.0012,12992505.9249
BUSD,2022-06-21 02:00:00+00:00,1.0013,12040327.125
BUSD,2022-06-21 03:00:00+00:00,1.0012,19024124.3015
BUSD,2022-06-21 04:00:00+00:00,1.0012,28615718.2442
BUSD,2022-06-21 05:00:00+00:00,1.0012,34593874.3509
BUSD,2022-06-21 06:00:00+00:00,1.0011,42415166.4691
BUSD,2022-06-21 07:00:00+00:00,1.0012,18303502.1444
BUSD,2022-06-21 08:00:00+00:00,1.0011,37204532.0659
BUSD,2022-06-21 09:00:00+00:00,1.0011,40051749.0631
BUSD,2022-06-21 10:00:00+00:00,1.0012,20805301.8266
BUSD,2022-06-21 11:00:00+00:00,1.0011,29305977.8566
BUSD,2022-06-21 12:00:00+00:00,1.0011,25152663.1994
BUSD,2022-06-21 13:00:00+00:00,1.0011,54021065.1422
BUSD,2022-06-21 14:00:00+00:00,1.001,46188062.7697
BUSD,2022-06-21 15:00:00+00:00,1.001,29340441.3958
BUSD,2022-06-21 16:00:00+00:00,1.0011,21810634.8895
BUSD,2022-06-21 17:00:00+00:00,1.0011,13671754.4253
BUSD,2022-06-21 18:00:00+00:00,1.0011,78052653.4192
BUSD,2022-06-21 19:00:00+00:00,1.0011,32407121.364
BUSD,2022-06-21 20:00:00+00:00,1.0011,13836605.6891
BUSD,2022-06-21 21:00:00+00:00,1.0011,7289041.4824
BUSD,2022-06-21 22:00:00+00:00,1.0012,6123576.0218
BUSD,2022-06-21 23:00:00+00:00,1.0012,12911158.7365
BUSD,2022-06-22 00:00:00+00:00,1.0012,8555150.2639
BUSD,2022-06-22 01:00:00+00:00,1.0011,9252579.9128
BUSD,2022-06-22 02:00:00+00:00,1.0012,13378713.8904
BUSD,2022-06-22 03:00:00+00:00,1.0011,16756195.7885
BUSD,2022-06-22 04:00:00+00:00,1.0011,13741788.5126
BUSD,2022-06-22 05:00:00+00:00,1.0011,12300255.725
BUSD,2022-06-22 06:00:00+00:00,1.0011,20496975.9816
BUSD,2022-06-22 07:00:00+00:00,1.0011,16590826.7679
BUSD,2022-06-22 08:00:00+00:00,1.0011,9330719.1571
BUSD,2022-06-22 09:00:00+00:00,1.0011,14279758.2278
BUSD,2022-06-22 10:00:00+00:00,1.0011,14548726.2653
BUSD,2022-06-22 11:00:00+00:00,1.0012,14692784.1923
BUSD,2022-06-22 12:00:00+00:00,1.0012,16055059.7354
BUSD,2022-06-22 13:00:00+00:00,1.0011,23741411.5165
BUSD,2022-06-22 14:00:00+00:00,1.0011,63965650.286
BUSD,2022-06-22 15:00:00+00:00,1.001,35612187.0771
BUSD,2022-06-22 16:00:00+00:00,1.0012,38553314.3758
BUSD,2022-06-22 17:00:00+00:00,1.0012,13843684.2705
BUSD,2022-06-22 18:00:00+00:00,1.0011,9479836.7027
BUSD,2022-06-22 19:00:00+00:00,1.0011,27263766.1591
BUSD,2022-06-22 20:00:00+00:00,1.0011,16831241.7034
BUSD,2022-06-22 21:00:00+00:00,1.0011,21784504.6217
BUSD,2022-06-22 22:00:00+00:00,1.0011,8702557.7056
BUSD,2022-06-22 23:00:00+00:00,1.0011,8890578.2826
BUSD,2022-06-23 00:00:00+00:00,1.001,101173636.0153
BUSD,2022-06-23 01:00:00+00:00,1.001,42375317.7767
BUSD,2022-06-23 02:00:00+00:00,1.001,12498363.102
BUSD,2022-06-23 03:00:00+00:00,1.0009,56695128.9145
BUSD,2022-06-23 04:00:00+00:00,1.001,18862070.2872
BUSD,2022-06-23 05:00:00+00:00,1.001,7880363.6881
BUSD,2022-06-23 06:00:00+00:00,1.0009,14668741.7073
BUSD,2022-06-23 07:00:00+00:00,1.0009,7861191.1906
BUSD,2022-06-23 08:00:00+00:00,1.0009,11891960.1091
BUSD,2022-06-23 09:00:00+00:00,1.0009,23708493.041
BUSD,2022-06-23 10:00:00+00:00,1.001,15050277.8997
BUSD,2022-06-23 11:00:00+00:00,1.001,13329128.531
BUSD,2022-06-23 12:00:00+00:00,1.001,28446868.8807
BUSD,2022-06-23 13:00:00+00:00,1.0009,16209411.9585
BUSD,2022-06-23 14:00:00+00:00,1.001,23937689.78
BUSD,2022-06-23 15:00:00+00:00,1.0008,51298406.4526
BUSD,2022-06-23 16:00:00+00:00,1.001,44067364.8271
BUSD,2022-06-23 17:00:00+00:00,1.001,8249977.3604
BUSD,2022-06-23 18:00:00+00:00,1.0009,7337421.9105
BUSD,2022-06-23 19:00:00+00:00,1.0009,16338320.4525
BUSD,2022-06-23 20:00:00+00:00,1.0009,9942496.1941
BUSD,2022-06-23 21:00:00+00:00,1.001,22593477.3771
BUSD,2022-06-23 22:00:00+00:00,1.0009,13003669.7004
BUSD,2022-06-23 23:00:00+00:00,1.001,13411636.2341
BUSD,2022-06-24 00:00:00+00:00,1.0009,13504020.4725
BUSD,2022-06-24 01:00:00+00:00,1.0009,8796647.0601
BUSD,2022-06-24 02:00:00+00:00,1.0009,12192920.0375
BUSD,2022-06-24 03:00:00+00:00,1.001,34943073.2513
BUSD,2022-06-24 04:00:00+00:00,1.0009,12217426.7426
BUSD,2022-06-24 05:00:00+00:00,1.001,14231670.9671
BUSD,2022-06-24 06:00:00+00:00,1.0009,17601823.5047
BUSD,2022-06-24 07:00:00+00:00,1.0008,69182098.6994
BUSD,2022-06-24 08:00:00+00:00,1.0008,27054224.1793
BUSD,2022-06-24 09:00:00+00:00,1.0008,76367259.722
BUSD,2022-06-24 10:00:00+00:00,1.0008,12182123.9282
BUSD,2022-06-24 11:00:00+00:00,1.0008,35798599.3499
BUSD,2022-06-24 12:00:00+00:00,1.0008,50567366.8858
BUSD,2022-06-24 13:00:00+00:00,1.0008,19189760.0781
BUSD,2022-06-24 14:00:00+00:00,1.0008,53233103.6213
BUSD,2022-06-24 15:00:00+00:00,1.0008,12359652.9286
BUSD,2022-06-24 16:00:00+00:00,1.0009,17293660.2595
BUSD,2022-06-24 17:00:00+00:00,1.0008,74363847.1545
BUSD,2022-06-24 18:00:00+00:00,1.0009,13663364.8649
BUSD,2022-06-24 19:00:00+00:00,1.0009,11024463.8454
BUSD,2022-06-24 20:00:00+00:00,1.0008,13410881.1377
BUSD,2022-06-24 21:00:00+00:00,1.0009,10680708.6954
BUSD,2022-06-24 22:00:00+00:00,1.0009,12253309.4588
BUSD,2022-06-24 23:00:00+00:00,1.0008,13824010.421
BUSD,2022-06-25 00:00:00+00:00,1.0008,11641165.1246
BUSD,2022-06-25 01:00:00+00:00,1.0008,8236066.9947
BUSD,2022-06-25 02:00:00+00:00,1.0007,41382042.069
BUSD,2022-06-25 03:00:00+00:00,1.0008,9048893.185
BUSD,2022-06-25 04:00:00+00:00,1.0008,8741246.9678
BUSD,2022-06-25 05:00:00+00:00,1.0008,9414461.8911
BUSD,2022-06-25 06:00:00+00:00,1.0007,8183587.1013
BUSD,2022-06-25 07:00:00+00:00,1.0007,49959528.5625
BUSD,2022-06-25 08:00:00+00:00,1.0006,20932534.7506
BUSD,2022-06-25 09:00:00+00:00,1.0006,10222672.2693
BUSD,2022-06-25 10:00:00+00:00,1.0006,8680553.972
BUSD,2022-06-25 11:00:00+00:00,1.0006,9077017.9881
BUSD,2022-06-25 12:00:00+00:00,1.0007,15814839.9636
BUSD,2022-06-25 13:00:00+00:00,1.0007,19453093.5647
BUSD,2022-06-25 14:00:00+00:00,1.0007,9845054.428
BUSD,2022-06-25 15:00:00+00:00,1.0007,13854688.8775
BUSD,2022-06-25 16:00:00+00:00,1.0006,9932756.809
BUSD,2022-06-25 17:00:00+00:00,1.0006,7645203.0503
BUSD,2022-06-25 18:00:00+00:00,1.0007,8191919.9972
BUSD,2022-06-25 19:00:00+00:00,1.0006,5116088.137
BUSD,2022-06-25 20:00:00+00:00,1.0007,6862687.4385
BUSD,2022-06-25 21:00:00+00:00,1.0006,27858662.1259
BUSD,2022-06-25 22:00:00+00:00,1.0007,9471687.3442
BUSD,2022-06-25 23:00:00+00:00,1.0006,6131206.2823
BUSD,2022-06-26 00:00:00+00:00,1.0006,8825908.6214
BUSD,2022-06-26 01:00:00+00:00,1.0007,49373010.8761
BUSD,2022-06-26 02:00:00+00:00,1.0008,13648615.0503
BUSD,2022-06-26 03:00:00+00:00,1.0007,3643134.4394
BUSD,2022-06-26 04:00:00+00:00,1.0007,5649423.7405
BUSD,2022-06-26 05:00:00+00:00,1.0008,4648585.0665
BUSD,2022-06-26 06:00:00+00:00,1.0007,20182862.2793
BUSD,2022-06-26 07:00:00+00:00,1.0007,16584166.7514
BUSD,2022-06-26 08:00:00+00:00,1.0007,8912049.1738
BUSD,2022-06-26 09:00:00+00:00,1.0008,8477120.528
BUSD,2022-06-26 10:00:00+00:00,1.0007,6113672.9158
BUSD,2022-06-26 11:00:00+00:00,1.0008,14119472.5181
BUSD,2022-06-26 12:00:00+00:00,1.0007,16095558.3579
BUSD,2022-06-26 13:00:00+00:00,1.0007,9689499.4301
BUSD,2022-06-26 14:00:00+00:00,1.0007,17419637.4465
BUSD,2022-06-26 15:00:00+00:00,1.0007,10789971.1366
BUSD,2022-06-26 16:00:00+00:00,1.0006,33225681.5197
BUSD,2022-06-26 17:00:00+00:00,1.0006,12417940.2565
BUSD,2022-06-26 18:00:00+00:00,1.0006,10523372.8565
BUSD,2022-06-26 19:00:00+00:00,1.0006,9293071.6626
BUSD,2022-06-26 20:00:00+00:00,1.0006,8441754.9179
BUSD,2022-06-26 21:00:00+00:00,1.0006,6568955.7872
BUSD,2022-06-26 22:00:00+00:00,1.0006,11739980.9623
BUSD,2022-06-26 23:00:00+00:00,1.0006,13097770.7178
BUSD,2022-06-27 00:00:00+00:00,1.0006,10161882.2497
BUSD,2022-06-27 01:00:00+00:00,1.0006,10706039.6158
BUSD,2022-06-27 02:00:00+00:00,1.0006,12669376.9152
BUSD,2022-06-27 03:00:00+00:00,1.0006,10185042.9019
BUSD,2022-06-27 04:00:00+00:00,1.0006,13239546.5859
BUSD,2022-06-27 05:00:00+00:00,1.0006,13822342.7284
BUSD,2022-06-27 06:00:00+00:00,1.0006,8775110.3856
BUSD,2022-06-27 07:00:00+00:00,1.0006,46857683.6675
BUSD,2022-06-27 08:00:00+00:00,1.0006,35205409.9602
BUSD,2022-06-27 09:00:00+00:00,1.0006,17036454.0637
BUSD,2022-06-27 10:00:00+00:00,1.0006,21687159.8392
BUSD,2022-06-27 11:00:00+00:00,1.0007,27117804.6825
BUSD,2022-06-27 12:00:00+00:00,1.0009,97149919.8061
BUSD,2022-06-27 13:00:00+00:00,1.0008,161467147.6326
BUSD,2022-06-27 14:00:00+00:00,1.0009,97465080.2354
BUSD,2022-06-27 15:00:00+00:00,1.0009,48950501.7368
BUSD,2022-06-27 16:00:00+00:00,1.0011,38164542.8408
BUSD,2022-06-27 17:00:00+00:00,1.001,45015079.8605
BUSD,2022-06-27 18:00:00+00:00,1.0009,34635191.1919
BUSD,2022-06-27 19:00:00+00:00,1.0009,17693442.8038
BUSD,2022-06-27 20:00:00+00:00,1.0009,11181312.6793
BUSD,2022-06-27 21:00:00+00:00,1.0009,9393539.7681
BUSD,2022-06-27 22:00:00+00:00,1.001,15840207.5695
BUSD,2022-06-27 23:00:00+00:00,1.001,35121625.2834
BUSD,2022-06-28 00:00:00+00:00,1.001,12872033.1384
BUSD,2022-06-28 01:00:00+00:00,1.001,29695860.4966
BUSD,2022-06-28 02:00:00+00:00,1.0011,31463342.3367
BUSD,2022-06-28 03:00:00+00:00,1.0012,128386542.2745
BUSD,2022-06-28 04:00:00+00:00,1.0013,13515789.3935
BUSD,2022-06-28 05:00:00+00:00,1.0012,15831976.1075
BUSD,2022-06-28 06:00:00+00:00,1.0012,31941845.9248
BUSD,2022-06-28 07:00:00+00:00,1.0012,39108072.237
BUSD,2022-06-28 08:00:00+00:00,1.0011,19513663.4029
BUSD,2022-06-28 09:00:00+00:00,1.0011,24133981.9271
BUSD,2022-06-28 10:00:00+00:00,1.0012,15217287.5113
BUSD,2022-06-28 11:00:00+00:00,1.0011,18554608.1776
BUSD,2022-06-28 12:00:00+00:00,1.0012,16356470.6074
BUSD,2022-06-28 13:00:00+00:00,1.0011,30440268.7003
BUSD,2022-06-28 14:00:00+00:00,1.0012,32815610.4832
BUSD,2022-06-28 15:00:00+00:00,1.0011,31402059.4609
BUSD,2022-06-28 16:00:00+00:00,1.0013,62082143.7206
BUSD,2022-06-28 17:00:00+00:00,1.0014,52894786.8497
BUSD,2022-06-28 18:00:00+00:00,1.0013,56162199.4151
BUSD,2022-06-28 19:00:00+00:00,1.0012,11704800.8014
BUSD,2022-06-28 20:00:00+00:00,1.0013,14701288.2027
BUSD,2022-06-28 21:00:00+00:00,1.0013,14591248.3442
BUSD,2022-06-28 22:00:00+00:00,1.0012,11722542.3983
BUSD,2022-06-28 23:00:00+00:00,1.0013,11659239.9041
BUSD,2022-06-29 00:00:00+00:00,1.0013,16554645.6559
BUSD,2022-06-29 01:00:00+00:00,1.0013,19794260.4491
BUSD,2022-06-29 02:00:00+00:00,1.0014,56165479.7668
BUSD,2022-06-29 03:00:00+00:00,1.0014,46774743.1513
BUSD,2022-06-29 04:00:00+00:00,1.0015,125056667.5657
BUSD,2022-06-29 05:00:00+00:00,1.0016,52044156.7651
BUSD,2022-06-29 06:00:00+00:00,1.0015,61448353.6383
BUSD,2022-06-29 07:00:00+00:00,1.0015,69675822.2547
BUSD,2022-06-29 08:00:00+00:00,1.0014,51193929.9948
BUSD,2022-06-29 09:00:00+00:00,1.0012,47814993.9003
BUSD,2022-06-29 10:00:00+00:00,1.0013,28998050.6574
BUSD,2022-06-29 11:00:00+00:00,1.0014,80360507.2207
BUSD,2022-06-29 12:00:00+00:00,1.0015,91595780.5215
BUSD,2022-06-29 13:00:00+00:00,1.0014,51636699.4076
BUSD,2022-06-29 14:00:00+00:00,1.0013,50201811.2829
BUSD,2022-06-29 15:00:00+00:00,1.0013,62737989.1719
BUSD,2022-06-29 16:00:00+00:00,1.0011,133973112.8867
BUSD,2022-06-29 17:00:00+00:00,1.0013,35625096.5038
BUSD,2022-06-29 18:00:00+00:00,1.0013,12960115.8458
BUSD,2022-06-29 19:00:00+00:00,1.0013,13534847.7635
BUSD,2022-06-29 20:00:00+00:00,1.0012,13553926.0606
BUSD,2022-06-29 21:00:00+00:00,1.0012,24046982.0286
BUSD,2022-06-29 22:00:00+00:00,1.0012,30548786.4301
BUSD,2022-06-29 23:00:00+00:00,1.0013,36911215.1671
BUSD,2022-06-30 00:00:00+00:00,1.0011,42400441.0684
BUSD,2022-06-30 01:00:00+00:00,1.0011,58999081.2446
BUSD,2022-06-30 02:00:00+00:00,1.0013,38588386.9485
BUSD,2022-06-30 03:00:00+00:00,1.0013,58400490.9163
BUSD,2022-06-30 04:00:00+00:00,1.0013,41383362.8246
BUSD,2022-06-30 05:00:00+00:00,1.0014,53964786.9425
BUSD,2022-06-30 06:00:00+00:00,1.0013,68964730.1293
BUSD,2022-06-30 07:00:00+00:00,1.0013,58295999.4687
BUSD,2022-06-30 08:00:00+00:00,1.0012,25515221.7981
BUSD,2022-06-30 09:00:00+00:00,1.0013,72872240.4169
BUSD,2022-06-30 10:00:00+00:00,1.0012,131355582.692
BUSD,2022-06-30 11:00:00+00:00,1.0013,46939390.3164
BUSD,2022-06-30 12:00:00+00:00,1.0013,33318888.3819
BUSD,2022-06-30 13:00:00+00:00,1.0012,28329768.1268
BUSD,2022-06-30 14:00:00+00:00,1.0012,81438757.3057
BUSD,2022-06-30 15:00:00+00:00,1.0013,22621018.5248
BUSD,2022-06-30 16:00:00+00:00,1.0013,66860762.5027
BUSD,2022-06-30 17:00:00+00:00,1.0012,10592884.9863
BUSD,2022-06-30 18:00:00+00:00,1.0012,17594894.7843
BUSD,2022-06-30 19:00:00+00:00,1.0013,26301282.5262
BUSD,2022-06-30 20:00:00+00:00,1.0012,21972971.4956
BUSD,2022-06-30 21:00:00+00:00,1.0012,19586394.9923
BUSD,2022-06-30 22:00:00+00:00,1.0014,25099063.8435
BUSD,2022-06-30 23:00:00+00:00,1.0013,17950130.8047
BTC,2022-04-01 00:00:00+00:00,45541.5,83712318.6510521
BTC,2022-04-01 01:00:00+00:00,44923.77,186365597.08843288
BTC,2022-04-01 02:00:00+00:00,44392.71,256708976.0561086
BTC,2022-04-01 03:00:00+00:00,44599.98,119680879.0150645
BTC,2022-04-01 04:00:00+00:00,44642.44,76979363.5454576
BTC,2022-04-01 05:00:00+00:00,44646.16,65073274.7349056
BTC,2022-04-01 06:00:00+00:00,44803.7,62845996.4268306
BTC,2022-04-01 07:00:00+00:00,45015.69,116686645.5959618
BTC,2022-04-01 08:00:00+00:00,45137.06,114615063.7006664
BTC,2022-04-01 09:00:00+00:00,45076.0,93524161.4018887
BTC,2022-04-01 10:00:00+00:00,45223.0,49182791.1781732
BTC,2022-04-01 11:00:00+00:00,45064.26,85387616.8620062
BTC,2022-04-01 12:00:00+00:00,45245.66,170804648.2407966
BTC,2022-04-01 13:00:00+00:00,45430.12,133760900.7250733
BTC,2022-04-01 14:00:00+00:00,46128.91,169763018.1238401
BTC,2022-04-01 15:00:00+00:00,46532.0,247273392.41938847
BTC,2022-04-01 16:00:00+00:00,46025.29,130828812.3559093
BTC,2022-04-01 17:00:00+00:00,46465.5,95076131.9187169
BTC,2022-04-01 18:00:00+00:00,46334.63,79510199.7554185
BTC,2022-04-01 19:00:00+00:00,46361.68,62955535.0596469
BTC,2022-04-01 20:00:00+00:00,46145.38,41131284.7299444
BTC,2022-04-01 21:00:00+00:00,46305.07,32619711.0407436
BTC,2022-04-01 22:00:00+00:00,46368.41,47953309.6793014
BTC,2022-04-01 23:00:00+00:00,46283.49,34093262.5649832
BTC,2022-04-02 00:00:00+00:00,46894.92,186446899.2514983
BTC,2022-04-02 01:00:00+00:00,46745.5,134071807.9609038
BTC,2022-04-02 02:00:00+00:00,46497.9,89450949.5100659
BTC,2022-04-02 03:00:00+00:00,46599.93,36022393.4822617
BTC,2022-04-02 04:00:00+00:00,46529.71,36842088.2439154
BTC,2022-04-02 05:00:00+00:00,46541.38,30632784.3392563
BTC,2022-04-02 06:00:00+00:00,46632.28,42670943.2357576
BTC,2022-04-02 07:00:00+00:00,46584.49,43993250.3078538
BTC,2022-04-02 08:00:00+00:00,46551.39,46525526.3748629
BTC,2022-04-02 09:00:00+00:00,46682.5,51752453.3825296
BTC,2022-04-02 10:00:00+00:00,46719.49,42845593.8675979
BTC,2022-04-02 11:00:00+00:00,46542.84,36495218.8866901
BTC,2022-04-02 12:00:00+00:00,46717.49,159940563.7498088
BTC,2022-04-02 13:00:00+00:00,46735.11,77372475.2030313
BTC,2022-04-02 14:00:00+00:00,46617.07,47136033.8978571
BTC,2022-04-02 15:00:00+00:00,46295.06,110450864.439481
BTC,2022-04-02 16:00:00+00:00,46307.06,64948476.845132
BTC,2022-04-02 17:00:00+00:00,46359.1,48347937.5960431
BTC,2022-04-02 18:00:00+00:00,45831.61,185608985.46341
BTC,2022-04-02 19:00:00+00:00,46120.24,58394165.7291784
BTC,2022-04-02 20:00:00+00:00,46181.06,65957150.3064817
BTC,2022-04-02 21:00:00+00:00,46231.0,38373390.9998727
BTC,2022-04-02 22:00:00+00:00,46110.77,37565327.4465522
BTC,2022-04-02 23:00:00+00:00,45811.0,49845473.919352
BTC,2022-04-03 00:00:00+00:00,46065.21,67092100.4571068
BTC,2022-04-03 01:00:00+00:00,45846.0,91708938.6103882
BTC,2022-04-03 02:00:00+00:00,45776.83,37088097.9636327
BTC,2022-04-03 03:00:00+00:00,45943.25,31151038.328848
BTC,2022-04-03 04:00:00+00:00,46364.18,41379315.5455127
BTC,2022-04-03 05:00:00+00:00,46355.93,34067348.2274834
BTC,2022-04-03 06:00:00+00:00,46432.7,72510596.7807872
BTC,2022-04-03 07:00:00+00:00,46363.82,43925522.9654736
BTC,2022-04-03 08:00:00+00:00,46271.68,29407447.4970618
BTC,2022-04-03 09:00:00+00:00,46362.66,45701195.5535425
BTC,2022-04-03 10:00:00+00:00,46180.0,36727687.1045619
BTC,2022-04-03 11:00:00+00:00,46252.59,34015872.2166068
BTC,2022-04-03 12:00:00+00:00,46383.12,38747265.4136401
BTC,2022-04-03 13:00:00+00:00,46441.27,119061497.4271877
BTC,2022-04-03 14:00:00+00:00,46633.75,46945417.7874711
BTC,2022-04-03 15:00:00+00:00,46412.49,63776925.613943
BTC,2022-04-03 16:00:00+00:00,46293.5,56549234.9876032
BTC,2022-04-03 17:00:00+00:00,46394.95,45976761.9156674
BTC,2022-04-03 18:00:00+00:00,46586.31,60128774.7732448
BTC,2022-04-03 19:00:00+00:00,46405.5,77293598.9011115
BTC,2022-04-03 20:00:00+00:00,46365.02,27420106.2495963
BTC,2022-04-03 21:00:00+00:00,46980.0,71235274.1847176
BTC,2022-04-03 22:00:00+00:00,46695.11,273820107.0774688
BTC,2022-04-03 23:00:00+00:00,46407.35,105269567.4681477
BTC,2022-04-04 00:00:00+00:00,45862.08,201250576.23375952
BTC,2022-04-04 01:00:00+00:00,45863.28,57007836.6079316
BTC,2022-04-04 02:00:00+00:00,46036.97,49540674.5318498
BTC,2022-04-04 03:00:00+00:00,46005.44,31870691.81826
BTC,2022-04-04 04:00:00+00:00,46075.85,63008959.712672
BTC,2022-04-04 05:00:00+00:00,46231.67,41131852.2325566
BTC,2022-04-04 06:00:00+00:00,46200.0,35602925.5689424
BTC,2022-04-04 07:00:00+00:00,46173.99,44561915.1933582
BTC,2022-04-04 08:00:00+00:00,46158.42,64138788.6035481
BTC,2022-04-04 09:00:00+00:00,45904.99,65987963.5480869
BTC,2022-04-04 10:00:00+00:00,45996.0,84776174.567292
BTC,2022-04-04 11:00:00+00:00,46160.09,52647768.7808672
BTC,2022-04-04 12:00:00+00:00,46006.58,57158354.9734078
BTC,2022-04-04 13:00:00+00:00,46168.57,76172448.264808
BTC,2022-04-04 14:00:00+00:00,45896.98,130244214.9781589
BTC,2022-04-04 15:00:00+00:00,45633.88,129876790.260402
BTC,2022-04-04 16:00:00+00:00,45700.01,58972304.447615
BTC,2022-04-04 17:00:00+00:00,45375.27,156136727.0864406
BTC,2022-04-04 18:00:00+00:00,45507.44,101102628.2459094
BTC,2022-04-04 19:00:00+00:00,45925.76,81276899.2691735
BTC,2022-04-04 20:00:00+00:00,46307.5,195553414.38548872
BTC,2022-04-04 21:00:00+00:00,46449.06,101112607.5366727
BTC,2022-04-04 22:00:00+00:00,46666.67,85835097.7672162
BTC,2022-04-04 23:00:00+00:00,46580.51,88466909.2541218
BTC,2022-04-05 00:00:00+00:00,46512.01,70569857.3087425
BTC,2022-04-05 01:00:00+00:00,46632.24,41248631.3107572
BTC,2022-04-05 02:00:00+00:00,46626.0,50385740.2643234
BTC,2022-04-05 03:00:00+00:00,46645.82,39205856.4886948
BTC,2022-04-05 04:00:00+00:00,46770.01,63920652.3165539
BTC,2022-04-05 05:00:00+00:00,46699.99,33273313.4205231
BTC,2022-04-05 06:00:00+00:00,46609.29,38537958.6168432
BTC,2022-04-05 07:00:00+00:00,46709.99,37398989.2433241
BTC,2022-04-05 08:00:00+00:00,46665.89,43151192.2538584
BTC,2022-04-05 09:00:00+00:00,46571.41,68282689.9136062
BTC,2022-04-05 10:00:00+00:00,46648.71,73959279.4619975
BTC,2022-04-05 11:00:00+00:00,46683.37,40546178.2567056
BTC,2022-04-05 12:00:00+00:00,46767.99,174949389.3976024
BTC,2022-04-05 13:00:00+00:00,46423.92,166558189.9344888
BTC,2022-04-05 14:00:00+00:00,45820.0,266171485.47128367
BTC,2022-04-05 15:00:00+00:00,45763.72,100893646.9351495
BTC,2022-04-05 16:00:00+00:00,45928.96,104883496.3920624
BTC,2022-04-05 17:00:00+00:00,45969.01,104030373.8365471
BTC,2022-04-05 18:00:00+00:00,45893.04,37996242.418362
BTC,2022-04-05 19:00:00+00:00,46032.5,159898250.3023724
BTC,2022-04-05 20:00:00+00:00,45877.97,75395039.1747134
BTC,2022-04-05 21:00:00+00:00,45953.55,40994071.2728337
BTC,2022-04-05 22:00:00+00:00,45854.49,35242364.3033759
BTC,2022-04-05 23:00:00+00:00,45497.55,84175304.6347886
BTC,2022-04-06 00:00:00+00:00,45005.88,289870845.8562001
BTC,2022-04-06 01:00:00+00:00,45188.86,75787088.0680843
BTC,2022-04-06 02:00:00+00:00,45220.87,38400788.9219521
BTC,2022-04-06 03:00:00+00:00,45215.88,33291081.1892163
BTC,2022-04-06 04:00:00+00:00,45335.34,39644022.285956
BTC,2022-04-06 05:00:00+00:00,45375.0,33386180.4032854
BTC,2022-04-06 06:00:00+00:00,45464.26,60234732.1412219
BTC,2022-04-06 07:00:00+00:00,45276.04,57308764.8826774
BTC,2022-04-06 08:00:00+00:00,45366.85,55005753.1642783
BTC,2022-04-06 09:00:00+00:00,45330.2,38170351.2991903
BTC,2022-04-06 10:00:00+00:00,45072.53,90332735.0936516
BTC,2022-04-06 11:00:00+00:00,44819.19,166070146.266247
BTC,2022-04-06 12:00:00+00:00,44751.0,105621553.3581112
BTC,2022-04-06 13:00:00+00:00,44165.9,213519780.08309248
BTC,2022-04-06 14:00:00+00:00,44258.99,266392036.7272468
BTC,2022-04-06 15:00:00+00:00,44168.35,173725624.6841047
BTC,2022-04-06 16:00:00+00:00,43781.3,174792625.9996401
BTC,2022-04-06 17:00:00+00:00,43815.28,139918888.765859
BTC,2022-04-06 18:00:00+00:00,43837.63,283579137.2775734
BTC,2022-04-06 19:00:00+00:00,43754.57,120992795.45305
BTC,2022-04-06 20:00:00+00:00,43877.45,59428204.0447045
BTC,2022-04-06 21:00:00+00:00,43845.82,42922013.3304017
BTC,2022-04-06 22:00:00+00:00,43511.33,49209015.111524
BTC,2022-04-06 23:00:00+00:00,43170.47,93040536.4831232
BTC,2022-04-07 00:00:00+00:00,42894.3,161162837.310052
BTC,2022-04-07 01:00:00+00:00,43374.97,96002994.3911325
BTC,2022-04-07 02:00:00+00:00,43350.91,53068882.6139531
BTC,2022-04-07 03:00:00+00:00,43294.04,54366097.6223014
BTC,2022-04-07 04:00:00+00:00,43395.57,50716114.6180514
BTC,2022-04-07 05:00:00+00:00,43399.99,52754542.6479766
BTC,2022-04-07 06:00:00+00:00,43380.94,40329037.2521172
BTC,2022-04-07 07:00:00+00:00,43445.33,54201118.7749962
BTC,2022-04-07 08:00:00+00:00,43521.92,41921718.1212761
BTC,2022-04-07 09:00:00+00:00,43457.98,51728703.3415558
BTC,2022-04-07 10:00:00+00:00,43409.73,41461602.9981251
BTC,2022-04-07 11:00:00+00:00,43766.74,122519029.491406
BTC,2022-04-07 12:00:00+00:00,43554.97,71364417.3422004
BTC,2022-04-07 13:00:00+00:00,43659.98,98687304.9118735
BTC,2022-04-07 14:00:00+00:00,43420.69,91821913.2771559
BTC,2022-04-07 15:00:00+00:00,43331.81,121386102.9814987
BTC,2022-04-07 16:00:00+00:00,43494.0,68051116.2496357
BTC,2022-04-07 17:00:00+00:00,43657.68,71287148.9204541
BTC,2022-04-07 18:00:00+00:00,43702.95,71427353.735528
BTC,2022-04-07 19:00:00+00:00,43388.92,54962630.7476823
BTC,2022-04-07 20:00:00+00:00,43567.36,31084399.4873459
BTC,2022-04-07 21:00:00+00:00,43520.07,41430837.4654419
BTC,2022-04-07 22:00:00+00:00,43629.73,34867925.1713778
BTC,2022-04-07 23:00:00+00:00,43444.19,47275657.1868937
BTC,2022-04-08 00:00:00+00:00,43327.46,43596627.3718723
BTC,2022-04-08 01:00:00+00:00,43607.61,44445320.9233409
BTC,2022-04-08 02:00:00+00:00,43615.63,33701577.9838755
BTC,2022-04-08 03:00:00+00:00,43605.96,23883522.9075214
BTC,2022-04-08 04:00:00+00:00,43543.02,22220740.4803731
BTC,2022-04-08 05:00:00+00:00,43654.3,28739599.9770732
BTC,2022-04-08 06:00:00+00:00,43573.45,51740448.8266105
BTC,2022-04-08 07:00:00+00:00,43763.52,67792611.0491774
BTC,2022-04-08 08:00:00+00:00,43700.33,102290616.8631759
BTC,2022-04-08 09:00:00+00:00,43588.73,53826030.5917234
BTC,2022-04-08 10:00:00+00:00,43558.51,38674913.120259
BTC,2022-04-08 11:00:00+00:00,43298.79,81578556.5890915
BTC,2022-04-08 12:00:00+00:00,43151.75,74133805.941969
BTC,2022-04-08 13:00:00+00:00,42906.67,156170177.0056394
BTC,2022-04-08 14:00:00+00:00,43750.14,171568001.0105811
BTC,2022-04-08 15:00:00+00:00,43648.01,105448381.7302675
BTC,2022-04-08 16:00:00+00:00,43433.71,64955545.0714149
BTC,2022-04-08 17:00:00+00:00,43004.38,130780624.5397357
BTC,2022-04-08 18:00:00+00:00,42957.57,213661934.62815687
BTC,2022-04-08 19:00:00+00:00,42730.84,84077506.8526206
BTC,2022-04-08 20:00:00+00:00,42798.74,54238491.0029669
BTC,2022-04-08 21:00:00+00:00,42563.36,42587910.6635096
BTC,2022-04-08 22:00:00+00:00,42300.99,76484868.6949091
BTC,2022-04-08 23:00:00+00:00,42252.01,64102157.7854469
BTC,2022-04-09 00:00:00+00:00,42435.02,59363162.4094728
BTC,2022-04-09 01:00:00+00:00,42433.4,31719276.4099376
BTC,2022-04-09 02:00:00+00:00,42180.0,37841048.6254679
BTC,2022-04-09 03:00:00+00:00,42380.0,42337677.7131765
BTC,2022-04-09 04:00:00+00:00,42406.82,36047523.4836381
BTC,2022-04-09 05:00:00+00:00,42586.04,30661581.0981446
BTC,2022-04-09 06:00:00+00:00,42440.0,25790191.4886867
BTC,2022-04-09 07:00:00+00:00,42481.09,25323402.7482514
BTC,2022-04-09 08:00:00+00:00,42463.51,25228182.904705
BTC,2022-04-09 09:00:00+00:00,42443.11,20193684.1443811
BTC,2022-04-09 10:00:00+00:00,42480.56,24774335.853668
BTC,2022-04-09 11:00:00+00:00,42445.1,24657158.3629422
BTC,2022-04-09 12:00:00+00:00,42506.35,30042376.3731329
BTC,2022-04-09 13:00:00+00:00,42456.86,24493241.1548636
BTC,2022-04-09 14:00:00+00:00,42460.0,37875025.0908967
BTC,2022-04-09 15:00:00+00:00,42260.77,56346983.2148781
BTC,2022-04-09 16:00:00+00:00,42445.64,52098940.5653475
BTC,2022-04-09 17:00:00+00:00,42575.67,29525599.2320148
BTC,2022-04-09 18:00:00+00:00,42467.82,18564449.281087
BTC,2022-04-09 19:00:00+00:00,42511.94,25897791.6160959
BTC,2022-04-09 20:00:00+00:00,42423.18,17846424.6459369
BTC,2022-04-09 21:00:00+00:00,42558.06,18063585.6325144
BTC,2022-04-09 22:00:00+00:00,42543.42,18693342.5883811
BTC,2022-04-09 23:00:00+00:00,42753.97,45889601.9761568
BTC,2022-04-10 00:00:00+00:00,42632.32,26029215.2982502
BTC,2022-04-10 01:00:00+00:00,42767.23,20915292.7965221
BTC,2022-04-10 02:00:00+00:00,42833.03,21726269.401275
BTC,2022-04-10 03:00:00+00:00,42785.72,21710726.0986516
BTC,2022-04-10 04:00:00+00:00,42740.86,14758827.4980844
BTC,2022-04-10 05:00:00+00:00,42656.7,20128451.7664987
BTC,2022-04-10 06:00:00+00:00,42785.32,18788645.1616208
BTC,2022-04-10 07:00:00+00:00,42633.59,24263505.5826238
BTC,2022-04-10 08:00:00+00:00,42642.54,21915570.1122993
BTC,2022-04-10 09:00:00+00:00,42523.95,26814886.4568074
BTC,2022-04-10 10:00:00+00:00,42530.0,25163073.9457526
BTC,2022-04-10 11:00:00+00:00,42680.36,26210574.3138248
BTC,2022-04-10 12:00:00+00:00,42590.0,50708142.4566447
BTC,2022-04-10 13:00:00+00:00,42575.53,24003107.7872532
BTC,2022-04-10 14:00:00+00:00,42698.38,27634042.6048501
BTC,2022-04-10 15:00:00+00:00,42747.47,27822732.7107679
BTC,2022-04-10 16:00:00+00:00,42784.43,31873546.054546
BTC,2022-04-10 17:00:00+00:00,43103.62,105414044.7010031
BTC,2022-04-10 18:00:00+00:00,43107.6,37269455.217921
BTC,2022-04-10 19:00:00+00:00,43235.77,27899186.2302678
BTC,2022-04-10 20:00:00+00:00,43101.23,40027024.7798581
BTC,2022-04-10 21:00:00+00:00,42706.0,47448185.715611
BTC,2022-04-10 22:00:00+00:00,42111.94,186304594.62461352
BTC,2022-04-10 23:00:00+00:00,42158.85,96630636.1853933
BTC,2022-04-11 00:00:00+00:00,42303.26,114719900.6902962
BTC,2022-04-11 01:00:00+00:00,42159.32,43534852.4654773
BTC,2022-04-11 02:00:00+00:00,41929.34,157485910.353756
BTC,2022-04-11 03:00:00+00:00,42111.22,55709583.3851914
BTC,2022-04-11 04:00:00+00:00,42259.43,41721153.3457923
BTC,2022-04-11 05:00:00+00:00,42287.6,35119632.9340147
BTC,2022-04-11 06:00:00+00:00,42250.0,34820347.5623159
BTC,2022-04-11 07:00:00+00:00,42305.75,40732113.1178185
BTC,2022-04-11 08:00:00+00:00,42200.0,61309379.7722447
BTC,2022-04-11 09:00:00+00:00,41416.22,159306306.9800375
BTC,2022-04-11 10:00:00+00:00,41595.99,180853544.24459088
BTC,2022-04-11 11:00:00+00:00,41067.63,174165916.8989432
BTC,2022-04-11 12:00:00+00:00,41145.46,112640337.7659928
BTC,2022-04-11 13:00:00+00:00,41141.13,166416054.0593402
BTC,2022-04-11 14:00:00+00:00,40803.87,110700460.6939725
BTC,2022-04-11 15:00:00+00:00,40581.51,84115312.3688878
BTC,2022-04-11 16:00:00+00:00,40764.79,126638196.7050252
BTC,2022-04-11 17:00:00+00:00,40459.07,132455872.4111306
BTC,2022-04-11 18:00:00+00:00,40509.98,58216910.8095056
BTC,2022-04-11 19:00:00+00:00,39985.33,209499114.74535528
BTC,2022-04-11 20:00:00+00:00,39838.26,173779420.4924944
BTC,2022-04-11 21:00:00+00:00,39395.29,108435122.3827168
BTC,2022-04-11 22:00:00+00:00,39766.39,133616096.9593968
BTC,2022-04-11 23:00:00+00:00,39530.45,86047531.8707479
BTC,2022-04-12 00:00:00+00:00,39544.31,119965586.9041438
BTC,2022-04-12 01:00:00+00:00,39504.54,82230221.3624599
BTC,2022-04-12 02:00:00+00:00,39490.0,72386816.7872882
BTC,2022-04-12 03:00:00+00:00,39747.13,65551801.9845494
BTC,2022-04-12 04:00:00+00:00,39921.19,86330326.0911298
BTC,2022-04-12 05:00:00+00:00,40105.78,97943048.7843582
BTC,2022-04-12 06:00:00+00:00,39935.23,80704695.7857743
BTC,2022-04-12 07:00:00+00:00,40183.97,110043688.2863496
BTC,2022-04-12 08:00:00+00:00,40182.03,83479040.2838583
BTC,2022-04-12 09:00:00+00:00,40212.26,59100925.5917808
BTC,2022-04-12 10:00:00+00:00,40149.99,55770862.8891876
BTC,2022-04-12 11:00:00+00:00,40378.0,80031334.9472883
BTC,2022-04-12 12:00:00+00:00,40618.37,238730243.977744
BTC,2022-04-12 13:00:00+00:00,40401.03,172539550.8520486
BTC,2022-04-12 14:00:00+00:00,39990.39,154444652.4146758
BTC,2022-04-12 15:00:00+00:00,40179.13,97366305.4003912
BTC,2022-04-12 16:00:00+00:00,40097.23,99076268.2734321
BTC,2022-04-12 17:00:00+00:00,40014.72,76994641.8211391
BTC,2022-04-12 18:00:00+00:00,39667.85,100635763.3465717
BTC,2022-04-12 19:00:00+00:00,39303.1,122889291.6931764
BTC,2022-04-12 20:00:00+00:00,39519.99,67692110.2267078
BTC,2022-04-12 21:00:00+00:00,39693.79,49651034.0088622
BTC,2022-04-12 22:00:00+00:00,39827.96,64579711.7988822
BTC,2022-04-12 23:00:00+00:00,40074.94,71376148.0820737
BTC,2022-04-13 00:00:00+00:00,39936.17,46808394.61209
BTC,2022-04-13 01:00:00+00:00,39882.9,60203564.0811676
BTC,2022-04-13 02:00:00+00:00,40059.14,51788685.1366564
BTC,2022-04-13 03:00:00+00:00,40076.05,38332852.5047208
BTC,2022-04-13 04:00:00+00:00,40134.51,26936623.1602509
BTC,2022-04-13 05:00:00+00:00,40187.89,30603890.2030312
BTC,2022-04-13 06:00:00+00:00,39958.45,39425990.8728526
BTC,2022-04-13 07:00:00+00:00,40130.0,51863226.288599
BTC,2022-04-13 08:00:00+00:00,40162.32,43850534.2020504
BTC,2022-04-13 09:00:00+00:00,40079.99,36854044.8457531
BTC,2022-04-13 10:00:00+00:00,39808.11,56716285.6963031
BTC,2022-04-13 11:00:00+00:00,39722.64,57296858.1996666
BTC,2022-04-13 12:00:00+00:00,39700.01,73334113.5040975
BTC,2022-04-13 13:00:00+00:00,40521.75,160884497.0613572
BTC,2022-04-13 14:00:00+00:00,40642.1,196977002.8841141
BTC,2022-04-13 15:00:00+00:00,41158.18,182497817.452086
BTC,2022-04-13 16:00:00+00:00,41005.58,102334624.3624102
BTC,2022-04-13 17:00:00+00:00,41043.91,104569855.1026876
BTC,2022-04-13 18:00:00+00:00,41363.01,58511377.651537
BTC,2022-04-13 19:00:00+00:00,41059.3,86209674.9580176
BTC,2022-04-13 20:00:00+00:00,41241.16,44992861.8241411
BTC,2022-04-13 21:00:00+00:00,41219.72,28324784.5798701
BTC,2022-04-13 22:00:00+00:00,41279.05,45364739.2284567
BTC,2022-04-13 23:00:00+00:00,41147.79,52453759.3903136
BTC,2022-04-14 00:00:00+00:00,41186.23,52506540.87028
BTC,2022-04-14 01:00:00+00:00,41470.01,61579212.0627358
BTC,2022-04-14 02:00:00+00:00,41419.99,42096471.2423526
BTC,2022-04-14 03:00:00+00:00,41320.0,42829260.090925
BTC,2022-04-14 04:00:00+00:00,41290.81,40324229.7053358
BTC,2022-04-14 05:00:00+00:00,41308.44,22776442.5333717
BTC,2022-04-14 06:00:00+00:00,41195.39,39055489.0108932
BTC,2022-04-14 07:00:00+00:00,41271.66,38545004.7431913
BTC,2022-04-14 08:00:00+00:00,41172.72,42076285.0682409
BTC,2022-04-14 09:00:00+00:00,41186.69,68305652.5213974
BTC,2022-04-14 10:00:00+00:00,40946.47,65797658.5736167
BTC,2022-04-14 11:00:00+00:00,40919.99,50101465.7352606
BTC,2022-04-14 12:00:00+00:00,41149.98,72007537.3038571
BTC,2022-04-14 13:00:00+00:00,40605.62,153670278.5993754
BTC,2022-04-14 14:00:00+00:00,40435.04,143707585.5153546
BTC,2022-04-14 15:00:00+00:00,39964.02,129696849.3662835
BTC,2022-04-14 16:00:00+00:00,39951.1,121680576.124915
BTC,2022-04-14 17:00:00+00:00,39986.83,57515958.6490415
BTC,2022-04-14 18:00:00+00:00,39659.0,68518815.9657552
BTC,2022-04-14 19:00:00+00:00,39775.82,58125592.0439665
BTC,2022-04-14 20:00:00+00:00,39909.99,47402962.4072625
BTC,2022-04-14 21:00:00+00:00,39970.0,25119896.682185
BTC,2022-04-14 22:00:00+00:00,39843.71,35030034.4674199
BTC,2022-04-14 23:00:00+00:00,39942.38,16256486.734993
BTC,2022-04-15 00:00:00+00:00,39859.99,54246107.5467265
BTC,2022-04-15 01:00:00+00:00,39941.0,37553432.2812829
BTC,2022-04-15 02:00:00+00:00,40017.2,25697522.9023159
BTC,2022-04-15 03:00:00+00:00,40200.94,33270618.4726853
BTC,2022-04-15 04:00:00+00:00,40103.26,31506441.705453
BTC,2022-04-15 05:00:00+00:00,40132.73,28903905.0814113
BTC,2022-04-15 06:00:00+00:00,40040.0,30716039.8924269
BTC,2022-04-15 07:00:00+00:00,40239.43,74708001.2956347
BTC,2022-04-15 08:00:00+00:00,40153.97,65661275.1916233
BTC,2022-04-15 09:00:00+00:00,40112.16,31098375.0946785
BTC,2022-04-15 10:00:00+00:00,40268.24,41525882.1348615
BTC,2022-04-15 11:00:00+00:00,40220.0,35015092.5420073
BTC,2022-04-15 12:00:00+00:00,40149.99,30314583.7765446
BTC,2022-04-15 13:00:00+00:00,40039.87,46787767.030001
BTC,2022-04-15 14:00:00+00:00,40450.0,109507847.4315114
BTC,2022-04-15 15:00:00+00:00,40412.2,65332834.2688274
BTC,2022-04-15 16:00:00+00:00,40383.09,48656195.1835673
BTC,2022-04-15 17:00:00+00:00,40436.01,53586312.4460804
BTC,2022-04-15 18:00:00+00:00,40388.11,24195973.3310278
BTC,2022-04-15 19:00:00+00:00,40313.35,23454416.5817046
BTC,2022-04-15 20:00:00+00:00,40396.69,16642252.9150997
BTC,2022-04-15 21:00:00+00:00,40426.0,15652132.8651767
BTC,2022-04-15 22:00:00+00:00,40467.48,22580250.1776264
BTC,2022-04-15 23:00:00+00:00,40551.9,20275176.6679765
BTC,2022-04-16 00:00:00+00:00,40560.0,22214531.8712928
BTC,2022-04-16 01:00:00+00:00,40579.99,26672459.3774825
BTC,2022-04-16 02:00:00+00:00,40522.34,20354958.6449758
BTC,2022-04-16 03:00:00+00:00,40434.12,22812249.4270287
BTC,2022-04-16 04:00:00+00:00,40539.47,21005572.8845417
BTC,2022-04-16 05:00:00+00:00,40456.82,21502622.803634
BTC,2022-04-16 06:00:00+00:00,40419.52,16273469.310704
BTC,2022-04-16 07:00:00+00:00,40393.77,18900908.2586167
BTC,2022-04-16 08:00:00+00:00,40369.99,17927655.2533938
BTC,2022-04-16 09:00:00+00:00,40328.79,33301637.5875221
BTC,2022-04-16 10:00:00+00:00,40413.91,28774030.7491038
BTC,2022-04-16 11:00:00+00:00,40416.95,27753625.6464915
BTC,2022-04-16 12:00:00+00:00,40449.11,30573900.4196426
BTC,2022-04-16 13:00:00+00:00,40438.15,23413577.1732064
BTC,2022-04-16 14:00:00+00:00,40493.32,20111682.5300311
BTC,2022-04-16 15:00:00+00:00,40062.68,93691766.4364289
BTC,2022-04-16 16:00:00+00:00,40203.33,30640280.3585658
BTC,2022-04-16 17:00:00+00:00,40153.0,17956103.2760868
BTC,2022-04-16 18:00:00+00:00,40183.9,12267297.6658435
BTC,2022-04-16 19:00:00+00:00,40210.0,17794248.1801583
BTC,2022-04-16 20:00:00+00:00,40280.0,16716186.848631
BTC,2022-04-16 21:00:00+00:00,40485.28,28433496.0318323
BTC,2022-04-16 22:00:00+00:00,40405.86,51588114.2138324
BTC,2022-04-16 23:00:00+00:00,40378.71,17595128.965062
BTC,2022-04-17 00:00:00+00:00,40374.13,20398150.2216255
BTC,2022-04-17 01:00:00+00:00,40387.43,9700580.3560525
BTC,2022-04-17 02:00:00+00:00,40166.93,27914273.7697873
BTC,2022-04-17 03:00:00+00:00,40230.86,17498810.5182675
BTC,2022-04-17 04:00:00+00:00,40282.58,11747775.8429314
BTC,2022-04-17 05:00:00+00:00,40364.48,13132392.3156373
BTC,2022-04-17 06:00:00+00:00,40323.16,14466823.9658857
BTC,2022-04-17 07:00:00+00:00,40285.15,13586652.2629939
BTC,2022-04-17 08:00:00+00:00,40390.16,23138567.5106787
BTC,2022-04-17 09:00:00+00:00,40419.82,27872037.5573859
BTC,2022-04-17 10:00:00+00:00,40412.88,16013504.516114
BTC,2022-04-17 11:00:00+00:00,40464.77,20307309.6929471
BTC,2022-04-17 12:00:00+00:00,40421.72,17706449.7706196
BTC,2022-04-17 13:00:00+00:00,40306.56,66696170.9331053
BTC,2022-04-17 14:00:00+00:00,40359.19,32444930.8084205
BTC,2022-04-17 15:00:00+00:00,40445.3,26085939.4609012
BTC,2022-04-17 16:00:00+00:00,40200.01,40193477.1371028
BTC,2022-04-17 17:00:00+00:00,40101.72,37233708.8247216
BTC,2022-04-17 18:00:00+00:00,40119.99,66412060.4306811
BTC,2022-04-17 19:00:00+00:00,40370.46,41433691.687953
BTC,2022-04-17 20:00:00+00:00,40263.19,29642411.251572
BTC,2022-04-17 21:00:00+00:00,40208.14,23603521.7271134
BTC,2022-04-17 22:00:00+00:00,40000.0,71795026.1843102
BTC,2022-04-17 23:00:00+00:00,39678.12,134389982.236891
BTC,2022-04-18 00:00:00+00:00,39732.92,63422640.3111248
BTC,2022-04-18 01:00:00+00:00,39752.13,37203328.7406526
BTC,2022-04-18 02:00:00+00:00,39796.91,33282627.7286984
BTC,2022-04-18 03:00:00+00:00,39813.17,27653466.7923021
BTC,2022-04-18 04:00:00+00:00,38819.06,231026973.49539328
BTC,2022-04-18 05:00:00+00:00,38922.21,103389374.7197155
BTC,2022-04-18 06:00:00+00:00,38980.39,48802257.0138993
BTC,2022-04-18 07:00:00+00:00,38919.85,70155470.6816499
BTC,2022-04-18 08:00:00+00:00,38874.87,44429702.0394374
BTC,2022-04-18 09:00:00+00:00,38976.39,53009746.9474082
BTC,2022-04-18 10:00:00+00:00,38923.98,50349714.5294959
BTC,2022-04-18 11:00:00+00:00,38998.54,44365725.1962501
BTC,2022-04-18 12:00:00+00:00,39400.02,102056400.0159044
BTC,2022-04-18 13:00:00+00:00,39326.13,138908467.2087403
BTC,2022-04-18 14:00:00+00:00,39340.0,104360120.81253
BTC,2022-04-18 15:00:00+00:00,39254.5,72871477.1741333
BTC,2022-04-18 16:00:00+00:00,39464.46,104170876.6365841
BTC,2022-04-18 17:00:00+00:00,40211.03,240760095.0392882
BTC,2022-04-18 18:00:00+00:00,40646.01,259818428.2040364
BTC,2022-04-18 19:00:00+00:00,40680.68,97066254.3571851
BTC,2022-04-18 20:00:00+00:00,40664.26,66726859.0357931
BTC,2022-04-18 21:00:00+00:00,40801.3,70753136.5610342
BTC,2022-04-18 22:00:00+00:00,40923.74,39865109.3121193
BTC,2022-04-18 23:00:00+00:00,40801.13,49126723.3597577
BTC,2022-04-19 00:00:00+00:00,40880.79,113143565.1294677
BTC,2022-04-19 01:00:00+00:00,40750.05,33868053.4455648
BTC,2022-04-19 02:00:00+00:00,40611.0,38378148.769512
BTC,2022-04-19 03:00:00+00:00,40693.79,42550548.7827444
BTC,2022-04-19 04:00:00+00:00,40864.27,36466904.3344006
BTC,2022-04-19 05:00:00+00:00,40660.96,26257514.756185
BTC,2022-04-19 06:00:00+00:00,40711.6,28389095.2939774
BTC,2022-04-19 07:00:00+00:00,40683.14,41605216.123555
BTC,2022-04-19 08:00:00+00:00,40725.91,38320343.2096757
BTC,2022-04-19 09:00:00+00:00,40665.4,41970784.4023058
BTC,2022-04-19 10:00:00+00:00,40795.62,44891077.7233747
BTC,2022-04-19 11:00:00+00:00,40687.3,55581901.2604991
BTC,2022-04-19 12:00:00+00:00,40975.11,75431200.607243
BTC,2022-04-19 13:00:00+00:00,41451.52,196918700.22352928
BTC,2022-04-19 14:00:00+00:00,41565.91,163948864.8751315
BTC,2022-04-19 15:00:00+00:00,41445.87,109162789.0910475
BTC,2022-04-19 16:00:00+00:00,41342.26,87081139.7064599
BTC,2022-04-19 17:00:00+00:00,41345.63,58643481.0344483
BTC,2022-04-19 18:00:00+00:00,41400.55,46871750.3029923
BTC,2022-04-19 19:00:00+00:00,41417.24,55583033.2238099
BTC,2022-04-19 20:00:00+00:00,41293.15,47792412.7646097
BTC,2022-04-19 21:00:00+00:00,41313.07,25186185.6874012
BTC,2022-04-19 22:00:00+00:00,41395.39,29050913.8367878
BTC,2022-04-19 23:00:00+00:00,41493.18,35269640.7774652
BTC,2022-04-20 00:00:00+00:00,41295.37,50763275.8169885
BTC,2022-04-20 01:00:00+00:00,41351.39,26738051.5627426
BTC,2022-04-20 02:00:00+00:00,41372.13,36205194.6637164
BTC,2022-04-20 03:00:00+00:00,41386.14,36912959.3095725
BTC,2022-04-20 04:00:00+00:00,41337.09,36893897.0884028
BTC,2022-04-20 05:00:00+00:00,41443.99,47444123.5394883
BTC,2022-04-20 06:00:00+00:00,41472.34,37656255.5025787
BTC,2022-04-20 07:00:00+00:00,41340.05,74301337.9724037
BTC,2022-04-20 08:00:00+00:00,41477.51,48805347.8447893
BTC,2022-04-20 09:00:00+00:00,41540.01,58239794.432275
BTC,2022-04-20 10:00:00+00:00,41821.38,120596547.270172
BTC,2022-04-20 11:00:00+00:00,42090.0,153235568.4827735
BTC,2022-04-20 12:00:00+00:00,42102.57,92926207.4658794
BTC,2022-04-20 13:00:00+00:00,41591.55,163257779.1160829
BTC,2022-04-20 14:00:00+00:00,41549.13,106482587.4397677
BTC,2022-04-20 15:00:00+00:00,41261.73,144525866.0222068
BTC,2022-04-20 16:00:00+00:00,41371.85,85846933.2166052
BTC,2022-04-20 17:00:00+00:00,41370.25,55478921.9559715
BTC,2022-04-20 18:00:00+00:00,40965.95,86346671.7980146
BTC,2022-04-20 19:00:00+00:00,41193.89,66200183.4636119
BTC,2022-04-20 20:00:00+00:00,41413.27,50483392.644434
BTC,2022-04-20 21:00:00+00:00,41496.45,45132546.952744
BTC,2022-04-20 22:00:00+00:00,41467.66,41743909.7776836
BTC,2022-04-20 23:00:00+00:00,41358.19,30821930.7463957
BTC,2022-04-21 00:00:00+00:00,41528.1,45232877.5372065
BTC,2022-04-21 01:00:00+00:00,41674.49,57194355.8933694
BTC,2022-04-21 02:00:00+00:00,41623.24,37619159.0692238
BTC,2022-04-21 03:00:00+00:00,41693.58,35856824.7574591
BTC,2022-04-21 04:00:00+00:00,41610.01,47396130.9248499
BTC,2022-04-21 05:00:00+00:00,41462.76,51081775.2126683
BTC,2022-04-21 06:00:00+00:00,41522.38,43568280.5376274
BTC,2022-04-21 07:00:00+00:00,41855.69,80449307.3972056
BTC,2022-04-21 08:00:00+00:00,41922.97,105489005.3407482
BTC,2022-04-21 09:00:00+00:00,41803.7,69303345.8048732
BTC,2022-04-21 10:00:00+00:00,42254.13,200622520.04840448
BTC,2022-04-21 11:00:00+00:00,42440.0,150105259.8560863
BTC,2022-04-21 12:00:00+00:00,42666.02,144003066.3591017
BTC,2022-04-21 13:00:00+00:00,42693.0,188313112.9584548
BTC,2022-04-21 14:00:00+00:00,42498.41,115186846.0669453
BTC,2022-04-21 15:00:00+00:00,42135.33,148573050.1708595
BTC,2022-04-21 16:00:00+00:00,41814.92,120325832.1947099
BTC,2022-04-21 17:00:00+00:00,41554.0,134513764.8432796
BTC,2022-04-21 18:00:00+00:00,41462.09,80386709.1316625
BTC,2022-04-21 19:00:00+00:00,41218.81,98167833.0793563
BTC,2022-04-21 20:00:00+00:00,40609.25,164969614.1409908
BTC,2022-04-21 21:00:00+00:00,40726.46,62536296.7553099
BTC,2022-04-21 22:00:00+00:00,40412.01,220519400.2843458
BTC,2022-04-21 23:00:00+00:00,40480.01,74647049.5225194
BTC,2022-04-22 00:00:00+00:00,40427.23,118675326.604091
BTC,2022-04-22 01:00:00+00:00,40501.22,70403877.9634739
BTC,2022-04-22 02:00:00+00:00,40486.19,59878890.1234438
BTC,2022-04-22 03:00:00+00:00,40502.11,48572128.6481998
BTC,2022-04-22 04:00:00+00:00,40628.73,38585347.3042941
BTC,2022-04-22 05:00:00+00:00,40669.26,53164704.4254618
BTC,2022-04-22 06:00:00+00:00,40678.09,39268427.6005319
BTC,2022-04-22 07:00:00+00:00,40709.59,111002099.0347246
BTC,2022-04-22 08:00:00+00:00,40407.33,77905083.1042056
BTC,2022-04-22 09:00:00+00:00,40298.26,80304241.658879
BTC,2022-04-22 10:00:00+00:00,40459.92,66339147.9117481
BTC,2022-04-22 11:00:00+00:00,40585.54,47105851.6921155
BTC,2022-04-22 12:00:00+00:00,40409.49,48198850.857245
BTC,2022-04-22 13:00:00+00:00,40244.96,147567213.1619878
BTC,2022-04-22 14:00:00+00:00,39867.0,151964949.0436922
BTC,2022-04-22 15:00:00+00:00,39433.6,201507923.1067046
BTC,2022-04-22 16:00:00+00:00,39382.8,132917940.8510097
BTC,2022-04-22 17:00:00+00:00,39340.61,63779068.398495
BTC,2022-04-22 18:00:00+00:00,39525.29,83352466.0675516
BTC,2022-04-22 19:00:00+00:00,39502.92,82437178.7652015
BTC,2022-04-22 20:00:00+00:00,39623.54,41514716.2549438
BTC,2022-04-22 21:00:00+00:00,39615.22,30756441.1746268
BTC,2022-04-22 22:00:00+00:00,39711.22,41855043.7209397
BTC,2022-04-22 23:00:00+00:00,39709.18,33115444.9286832
BTC,2022-04-23 00:00:00+00:00,39566.45,48649857.5447937
BTC,2022-04-23 01:00:00+00:00,39608.78,26915381.6484661
BTC,2022-04-23 02:00:00+00:00,39495.49,27728075.8055731
BTC,2022-04-23 03:00:00+00:00,39463.02,32283273.1690909
BTC,2022-04-23 04:00:00+00:00,39533.62,52416253.8555799
BTC,2022-04-23 05:00:00+00:00,39570.0,33081909.8901928
BTC,2022-04-23 06:00:00+00:00,39588.25,30754810.03305
BTC,2022-04-23 07:00:00+00:00,39600.98,27159587.2061665
BTC,2022-04-23 08:00:00+00:00,39639.22,28340128.6566265
BTC,2022-04-23 09:00:00+00:00,39520.82,27972926.7379875
BTC,2022-04-23 10:00:00+00:00,39600.28,36064932.7880696
BTC,2022-04-23 11:00:00+00:00,39602.93,32238414.2013842
BTC,2022-04-23 12:00:00+00:00,39695.13,44078328.5070258
BTC,2022-04-23 13:00:00+00:00,39703.86,45434150.6784108
BTC,2022-04-23 14:00:00+00:00,39715.31,22787855.7412486
BTC,2022-04-23 15:00:00+00:00,39792.65,32205154.7958767
BTC,2022-04-23 16:00:00+00:00,39828.68,67966046.7206486
BTC,2022-04-23 17:00:00+00:00,39815.89,29600369.7721615
BTC,2022-04-23 18:00:00+00:00,39683.92,19950689.9885161
BTC,2022-04-23 19:00:00+00:00,39755.32,18546795.4563615
BTC,2022-04-23 20:00:00+00:00,39794.24,18362091.4111233
BTC,2022-04-23 21:00:00+00:00,39895.0,17074905.1338492
BTC,2022-04-23 22:00:00+00:00,39816.37,18371550.5557172
BTC,2022-04-23 23:00:00+00:00,39441.6,66693532.609977
BTC,2022-04-24 00:00:00+00:00,39560.56,39923425.5974062
BTC,2022-04-24 01:00:00+00:00,39476.23,35411585.6040959
BTC,2022-04-24 02:00:00+00:00,39539.62,27032686.4777938
BTC,2022-04-24 03:00:00+00:00,39776.57,45651580.9761632
BTC,2022-04-24 04:00:00+00:00,39703.67,25692798.1971641
BTC,2022-04-24 05:00:00+00:00,39667.21,16926695.6899192
BTC,2022-04-24 06:00:00+00:00,39744.43,31641024.5896893
BTC,2022-04-24 07:00:00+00:00,39751.38,21632279.3088917
BTC,2022-04-24 08:00:00+00:00,39723.88,18482234.8598343
BTC,2022-04-24 09:00:00+00:00,39750.11,20029380.111318
BTC,2022-04-24 10:00:00+00:00,39695.42,19985443.0600647
BTC,2022-04-24 11:00:00+00:00,39609.11,29503805.5967769
BTC,2022-04-24 12:00:00+00:00,39582.37,31793965.9440268
BTC,2022-04-24 13:00:00+00:00,39579.7,75154442.5627179
BTC,2022-04-24 14:00:00+00:00,39752.4,91997574.9485193
BTC,2022-04-24 15:00:00+00:00,39656.49,40205692.0269766
BTC,2022-04-24 16:00:00+00:00,39490.01,176854629.1020351
BTC,2022-04-24 17:00:00+00:00,39421.19,90441460.1912339
BTC,2022-04-24 18:00:00+00:00,39661.57,42457703.9279748
BTC,2022-04-24 19:00:00+00:00,39703.74,45279014.6917339
BTC,2022-04-24 20:00:00+00:00,39500.0,37739835.1452675
BTC,2022-04-24 21:00:00+00:00,39633.37,24205525.0595937
BTC,2022-04-24 22:00:00+00:00,39548.32,38878345.076321
BTC,2022-04-24 23:00:00+00:00,39450.13,29415114.2743431
BTC,2022-04-25 00:00:00+00:00,38855.47,165079562.1736993
BTC,2022-04-25 01:00:00+00:00,39095.81,91004528.7347006
BTC,2022-04-25 02:00:00+00:00,39091.17,47084219.7724288
BTC,2022-04-25 03:00:00+00:00,39253.71,56585011.3438849
BTC,2022-04-25 04:00:00+00:00,39139.74,35117921.48971
BTC,2022-04-25 05:00:00+00:00,38975.22,41345488.0841446
BTC,2022-04-25 06:00:00+00:00,38636.35,109333576.1903621
BTC,2022-04-25 07:00:00+00:00,38453.92,182171279.86848727
BTC,2022-04-25 08:00:00+00:00,38418.06,79334433.1705264
BTC,2022-04-25 09:00:00+00:00,38588.2,73785025.7139905
BTC,2022-04-25 10:00:00+00:00,38426.02,51661962.1039886
BTC,2022-04-25 11:00:00+00:00,38832.29,128789420.5575771
BTC,2022-04-25 12:00:00+00:00,38802.63,82604616.4599237
BTC,2022-04-25 13:00:00+00:00,38735.61,187158526.15231967
BTC,2022-04-25 14:00:00+00:00,39060.88,201962788.3325023
BTC,2022-04-25 15:00:00+00:00,38976.76,128179711.4415891
BTC,2022-04-25 16:00:00+00:00,39469.64,169360468.1916713
BTC,2022-04-25 17:00:00+00:00,39394.92,93486228.1681648
BTC,2022-04-25 18:00:00+00:00,39887.03,166494298.3122732
BTC,2022-04-25 19:00:00+00:00,40225.97,172026717.8669472
BTC,2022-04-25 20:00:00+00:00,40185.34,67458154.1675861
BTC,2022-04-25 21:00:00+00:00,40227.58,24485526.522041
BTC,2022-04-25 22:00:00+00:00,40346.97,64202756.8380543
BTC,2022-04-25 23:00:00+00:00,40426.08,51358783.5835696
BTC,2022-04-26 00:00:00+00:00,40554.7,88353223.2664074
BTC,2022-04-26 01:00:00+00:00,40474.99,51650779.2939843
BTC,2022-04-26 02:00:00+00:00,40524.32,47536881.5192123
BTC,2022-04-26 03:00:00+00:00,40535.29,45394582.4590637
BTC,2022-04-26 04:00:00+00:00,40560.01,36054473.4042543
BTC,2022-04-26 05:00:00+00:00,40589.58,46649501.5705822
BTC,2022-04-26 06:00:00+00:00,40524.27,70467033.3418906
BTC,2022-04-26 07:00:00+00:00,40584.5,67218395.7980005
BTC,2022-04-26 08:00:00+00:00,40511.94,72725947.3458098
BTC,2022-04-26 09:00:00+00:00,40382.28,64680798.008644
BTC,2022-04-26 10:00:00+00:00,40372.0,39322488.931917
BTC,2022-04-26 11:00:00+00:00,40467.03,66710583.0101024
BTC,2022-04-26 12:00:00+00:00,40286.35,83250905.1182648
BTC,2022-04-26 13:00:00+00:00,39823.53,191626035.8432112
BTC,2022-04-26 14:00:00+00:00,39274.4,228852871.57182392
BTC,2022-04-26 15:00:00+00:00,38563.94,235807054.4946702
BTC,2022-04-26 16:00:00+00:00,38667.14,254419069.9372782
BTC,2022-04-26 17:00:00+00:00,38399.09,215493466.2850975
BTC,2022-04-26 18:00:00+00:00,38408.86,98679344.7835672
BTC,2022-04-26 19:00:00+00:00,38270.03,205707230.7078094
BTC,2022-04-26 20:00:00+00:00,38129.14,178048126.0028963
BTC,2022-04-26 21:00:00+00:00,38330.02,51926415.6518576
BTC,2022-04-26 22:00:00+00:00,38221.01,52297423.1317103
BTC,2022-04-26 23:00:00+00:00,38112.65,122334230.3568582
BTC,2022-04-27 00:00:00+00:00,38179.53,88748544.8331509
BTC,2022-04-27 01:00:00+00:00,38310.79,60166333.1190747
BTC,2022-04-27 02:00:00+00:00,38426.55,43423253.0981206
BTC,2022-04-27 03:00:00+00:00,38343.18,44179923.683901
BTC,2022-04-27 04:00:00+00:00,38410.93,43120893.0673892
BTC,2022-04-27 05:00:00+00:00,38410.13,35729183.1760212
BTC,2022-04-27 06:00:00+00:00,38646.71,54847449.0479873
BTC,2022-04-27 07:00:00+00:00,39112.74,118738298.2830563
BTC,2022-04-27 08:00:00+00:00,38980.0,177251614.0957162
BTC,2022-04-27 09:00:00+00:00,39053.68,76774085.4702854
BTC,2022-04-27 10:00:00+00:00,39108.57,51989352.0727694
BTC,2022-04-27 11:00:00+00:00,39017.19,97425763.5345301
BTC,2022-04-27 12:00:00+00:00,38893.18,103464842.0689134
BTC,2022-04-27 13:00:00+00:00,39344.7,207509409.5956419
BTC,2022-04-27 14:00:00+00:00,38672.62,252688016.44240928
BTC,2022-04-27 15:00:00+00:00,39005.76,179985321.6006085
BTC,2022-04-27 16:00:00+00:00,39191.58,129398225.4630731
BTC,2022-04-27 17:00:00+00:00,39109.99,108056539.2653836
BTC,2022-04-27 18:00:00+00:00,38785.71,80793198.2153537
BTC,2022-04-27 19:00:00+00:00,38858.26,90473568.0099321
BTC,2022-04-27 20:00:00+00:00,39099.99,82024708.3457508
BTC,2022-04-27 21:00:00+00:00,39221.97,32432858.6502287
BTC,2022-04-27 22:00:00+00:00,39074.34,34621379.3412497
BTC,2022-04-27 23:00:00+00:00,39235.72,24680881.9458399
BTC,2022-04-28 00:00:00+00:00,39385.87,51932991.029974
BTC,2022-04-28 01:00:00+00:00,39230.01,86478387.2034964
BTC,2022-04-28 02:00:00+00:00,39429.1,48097086.5882243
BTC,2022-04-28 03:00:00+00:00,39342.07,69462607.9097493
BTC,2022-04-28 04:00:00+00:00,39388.5,31997173.8337515
BTC,2022-04-28 05:00:00+00:00,39321.03,30881607.5940649
BTC,2022-04-28 06:00:00+00:00,39415.45,31939749.7238274
BTC,2022-04-28 07:00:00+00:00,39385.01,72300346.1970318
BTC,2022-04-28 08:00:00+00:00,39634.27,94960905.1557966
BTC,2022-04-28 09:00:00+00:00,39773.98,90584155.9816524
BTC,2022-04-28 10:00:00+00:00,39714.94,52626507.6718421
BTC,2022-04-28 11:00:00+00:00,39679.31,36330840.2962494
BTC,2022-04-28 12:00:00+00:00,39560.12,85771613.2771878
BTC,2022-04-28 13:00:00+00:00,39094.46,175676854.0799849
BTC,2022-04-28 14:00:00+00:00,39287.09,149640298.1587047
BTC,2022-04-28 15:00:00+00:00,39438.01,356757415.9475497
BTC,2022-04-28 16:00:00+00:00,39899.44,182924738.5212407
BTC,2022-04-28 17:00:00+00:00,40283.72,138822595.788634
BTC,2022-04-28 18:00:00+00:00,40083.32,93238300.8267112
BTC,2022-04-28 19:00:00+00:00,39983.77,88200435.6427273
BTC,2022-04-28 20:00:00+00:00,39870.0,126017461.2249936
BTC,2022-04-28 21:00:00+00:00,39853.02,34044172.5503821
BTC,2022-04-28 22:00:00+00:00,39794.89,61105966.1549093
BTC,2022-04-28 23:00:00+00:00,39742.07,34016174.4476903
BTC,2022-04-29 00:00:00+00:00,39845.0,45069494.2887908
BTC,2022-04-29 01:00:00+00:00,39820.48,43328350.1207921
BTC,2022-04-29 02:00:00+00:00,39522.12,70465363.8601152
BTC,2022-04-29 03:00:00+00:00,39533.01,70114119.6656798
BTC,2022-04-29 04:00:00+00:00,39542.94,56704323.3773749
BTC,2022-04-29 05:00:00+00:00,39501.26,45662590.6404397
BTC,2022-04-29 06:00:00+00:00,39459.0,43425701.8268259
BTC,2022-04-29 07:00:00+00:00,39610.14,52832610.711385
BTC,2022-04-29 08:00:00+00:00,39410.22,55712741.4699767
BTC,2022-04-29 09:00:00+00:00,39147.85,92096846.0616409
BTC,2022-04-29 10:00:00+00:00,38805.41,114049976.9235505
BTC,2022-04-29 11:00:00+00:00,38749.54,96825296.0861697
BTC,2022-04-29 12:00:00+00:00,38916.71,111765089.7622144
BTC,2022-04-29 13:00:00+00:00,39277.05,168374369.9163832
BTC,2022-04-29 14:00:00+00:00,38958.44,148937648.5854117
BTC,2022-04-29 15:00:00+00:00,39004.86,108461685.5193952
BTC,2022-04-29 16:00:00+00:00,38522.33,187527318.54694927
BTC,2022-04-29 17:00:00+00:00,38642.24,92800354.6311119
BTC,2022-04-29 18:00:00+00:00,38543.11,99068827.8084289
BTC,2022-04-29 19:00:00+00:00,38331.54,144375477.6152398
BTC,2022-04-29 20:00:00+00:00,38564.44,76663950.8993562
BTC,2022-04-29 21:00:00+00:00,38560.15,30692269.6864853
BTC,2022-04-29 22:00:00+00:00,38608.63,25381269.1456899
BTC,2022-04-29 23:00:00+00:00,38596.11,25799985.7065922
BTC,2022-04-30 00:00:00+00:00,38639.95,44481098.1130215
BTC,2022-04-30 01:00:00+00:00,38701.96,27977641.8137842
BTC,2022-04-30 02:00:00+00:00,38692.99,31731807.021004
BTC,2022-04-30 03:00:00+00:00,38656.37,22853423.0092123
BTC,2022-04-30 04:00:00+00:00,38553.36,32857935.191708
BTC,2022-04-30 05:00:00+00:00,38703.01,33133551.9076675
BTC,2022-04-30 06:00:00+00:00,38701.11,24728400.5022959
BTC,2022-04-30 07:00:00+00:00,38650.34,33555779.2970506
BTC,2022-04-30 08:00:00+00:00,38577.06,59555411.68907
BTC,2022-04-30 09:00:00+00:00,38622.5,34034531.994068
BTC,2022-04-30 10:00:00+00:00,38566.49,31061049.8011904
BTC,2022-04-30 11:00:00+00:00,38580.01,28096656.1751257
BTC,2022-04-30 12:00:00+00:00,38536.23,29605704.6252378
BTC,2022-04-30 13:00:00+00:00,38506.33,49196265.9782749
BTC,2022-04-30 14:00:00+00:00,38258.27,170133803.1415613
BTC,2022-04-30 15:00:00+00:00,38466.56,93988865.7605567
BTC,2022-04-30 16:00:00+00:00,38426.31,69381000.0923554
BTC,2022-04-30 17:00:00+00:00,38286.36,102441556.1938137
BTC,2022-04-30 18:00:00+00:00,38345.82,41649371.2461866
BTC,2022-04-30 19:00:00+00:00,38466.83,38660559.1658358
BTC,2022-04-30 20:00:00+00:00,38326.45,25963744.6728242
BTC,2022-04-30 21:00:00+00:00,38301.14,22646381.7240753
BTC,2022-04-30 22:00:00+00:00,38250.44,52678220.7771981
BTC,2022-04-30 23:00:00+00:00,37630.8,254487772.24039352
BTC,2022-05-01 00:00:00+00:00,37680.67,87126400.1949019
BTC,2022-05-01 01:00:00+00:00,37937.07,98898272.0129265
BTC,2022-05-01 02:00:00+00:00,37817.79,40999139.3663742
BTC,2022-05-01 03:00:00+00:00,38041.44,36692953.6236271
BTC,2022-05-01 04:00:00+00:00,37948.39,53355755.5270041
BTC,2022-05-01 05:00:00+00:00,38060.05,83218056.3105293
BTC,2022-05-01 06:00:00+00:00,37952.66,39331868.7820458
BTC,2022-05-01 07:00:00+00:00,37970.27,52347252.0833778
BTC,2022-05-01 08:00:00+00:00,38031.51,30625734.9672267
BTC,2022-05-01 09:00:00+00:00,37974.54,29025038.3130147
BTC,2022-05-01 10:00:00+00:00,38026.25,30746679.5048551
BTC,2022-05-01 11:00:00+00:00,37942.78,32590201.9957131
BTC,2022-05-01 12:00:00+00:00,37969.99,39800643.2445401
BTC,2022-05-01 13:00:00+00:00,37922.85,23553026.6531101
BTC,2022-05-01 14:00:00+00:00,37991.17,42157964.6349739
BTC,2022-05-01 15:00:00+00:00,38490.0,138929924.7620118
BTC,2022-05-01 16:00:00+00:00,38504.49,84237020.5927
BTC,2022-05-01 17:00:00+00:00,38382.47,49598270.7934226
BTC,2022-05-01 18:00:00+00:00,37934.91,93277311.5043835
BTC,2022-05-01 19:00:00+00:00,37807.87,79759698.6165102
BTC,2022-05-01 20:00:00+00:00,38313.23,64282880.7833875
BTC,2022-05-01 21:00:00+00:00,38342.63,60541572.9254876
BTC,2022-05-01 22:00:00+00:00,38306.63,101615952.4899656
BTC,2022-05-01 23:00:00+00:00,38468.35,85547652.2317838
BTC,2022-05-02 00:00:00+00:00,38672.88,95130084.6813284
BTC,2022-05-02 01:00:00+00:00,38493.58,44373810.1193604
BTC,2022-05-02 02:00:00+00:00,38621.62,52728869.53512
BTC,2022-05-02 03:00:00+00:00,38674.1,40717773.0504756
BTC,2022-05-02 04:00:00+00:00,38975.11,82281526.8593363
BTC,2022-05-02 05:00:00+00:00,39008.71,61926032.9144205
BTC,2022-05-02 06:00:00+00:00,38926.11,56268066.5638688
BTC,2022-05-02 07:00:00+00:00,38881.47,53741611.7688143
BTC,2022-05-02 08:00:00+00:00,38922.16,68691461.7803737
BTC,2022-05-02 09:00:00+00:00,38780.01,48391611.3747951
BTC,2022-05-02 10:00:00+00:00,38711.88,51628913.7220191
BTC,2022-05-02 11:00:00+00:00,38528.77,71773329.2088919
BTC,2022-05-02 12:00:00+00:00,38500.41,59017079.0464644
BTC,2022-05-02 13:00:00+00:00,38910.0,292162380.9767528
BTC,2022-05-02 14:00:00+00:00,38840.0,254097391.3510118
BTC,2022-05-02 15:00:00+00:00,38696.05,97651912.2352351
BTC,2022-05-02 16:00:00+00:00,38551.0,93213937.4120598
BTC,2022-05-02 17:00:00+00:00,38370.56,99298640.6666301
BTC,2022-05-02 18:00:00+00:00,38209.49,121611552.8392831
BTC,2022-05-02 19:00:00+00:00,38563.38,115105396.9110315
BTC,2022-05-02 20:00:00+00:00,38316.36,42162725.9514237
BTC,2022-05-02 21:00:00+00:00,38639.67,50710273.875582
BTC,2022-05-02 22:00:00+00:00,38591.04,53800381.426585
BTC,2022-05-02 23:00:00+00:00,38525.16,51965954.02546
BTC,2022-05-03 00:00:00+00:00,38410.01,54092966.9807863
BTC,2022-05-03 01:00:00+00:00,38518.03,41886883.181718
BTC,2022-05-03 02:00:00+00:00,38404.99,51987006.0665428
BTC,2022-05-03 03:00:00+00:00,38521.64,46059165.6351465
BTC,2022-05-03 04:00:00+00:00,38501.06,33395308.6664686
BTC,2022-05-03 05:00:00+00:00,38526.52,37296422.4121054
BTC,2022-05-03 06:00:00+00:00,38470.79,37534552.5097958
BTC,2022-05-03 07:00:00+00:00,38559.99,46097551.078916
BTC,2022-05-03 08:00:00+00:00,38530.01,41697133.4147697
BTC,2022-05-03 09:00:00+00:00,38454.54,39387430.1503458
BTC,2022-05-03 10:00:00+00:00,38421.33,38948319.1714291
BTC,2022-05-03 11:00:00+00:00,38570.01,83318754.5565425
BTC,2022-05-03 12:00:00+00:00,38446.62,47074130.7150648
BTC,2022-05-03 13:00:00+00:00,38364.82,128276862.2008962
BTC,2022-05-03 14:00:00+00:00,38278.7,96695303.2803352
BTC,2022-05-03 15:00:00+00:00,38326.36,66667978.8761794
BTC,2022-05-03 16:00:00+00:00,38149.23,94016532.0193905
BTC,2022-05-03 17:00:00+00:00,38052.01,62351992.2402447
BTC,2022-05-03 18:00:00+00:00,37763.78,215273665.94069353
BTC,2022-05-03 19:00:00+00:00,37717.49,97789607.160223
BTC,2022-05-03 20:00:00+00:00,37785.8,53500958.4241142
BTC,2022-05-03 21:00:00+00:00,37795.58,54686894.9822187
BTC,2022-05-03 22:00:00+00:00,37739.69,35992097.9374098
BTC,2022-05-03 23:00:00+00:00,37728.95,35292916.663387
BTC,2022-05-04 00:00:00+00:00,37902.06,45319958.5759425
BTC,2022-05-04 01:00:00+00:00,37888.01,34327604.6155035
BTC,2022-05-04 02:00:00+00:00,37962.62,33989499.9737896
BTC,2022-05-04 03:00:00+00:00,38013.62,39343296.7912867
BTC,2022-05-04 04:00:00+00:00,37998.69,27285484.8064166
BTC,2022-05-04 05:00:00+00:00,38091.4,41392492.3114383
BTC,2022-05-04 06:00:00+00:00,38409.2,97286238.2323951
BTC,2022-05-04 07:00:00+00:00,38701.32,197663391.868101
BTC,2022-05-04 08:00:00+00:00,38968.53,155913219.9731705
BTC,2022-05-04 09:00:00+00:00,38884.13,115497066.3226661
BTC,2022-05-04 10:00:00+00:00,38995.84,71484072.7799455
BTC,2022-05-04 11:00:00+00:00,39002.3,57402121.698351
BTC,2022-05-04 12:00:00+00:00,38964.28,103022248.3897761
BTC,2022-05-04 13:00:00+00:00,38712.06,92474097.5064411
BTC,2022-05-04 14:00:00+00:00,38786.21,95607575.1807971
BTC,2022-05-04 15:00:00+00:00,38973.2,87248130.3558858
BTC,2022-05-04 16:00:00+00:00,39189.99,144003744.0016635
BTC,2022-05-04 17:00:00+00:00,38985.3,116832132.526527
BTC,2022-05-04 18:00:00+00:00,39617.08,469622292.8061749
BTC,2022-05-04 19:00:00+00:00,39859.22,203783957.72571447
BTC,2022-05-04 20:00:00+00:00,39811.15,62841087.9790468
BTC,2022-05-04 21:00:00+00:00,39741.08,38503984.217093
BTC,2022-05-04 22:00:00+00:00,39681.81,44632322.9515052
BTC,2022-05-04 23:00:00+00:00,39690.0,63077965.8639121
BTC,2022-05-05 00:00:00+00:00,39661.34,70585650.8731844
BTC,2022-05-05 01:00:00+00:00,39629.7,46534821.4405212
BTC,2022-05-05 02:00:00+00:00,39773.33,59028353.870326
BTC,2022-05-05 03:00:00+00:00,39729.41,39467734.7096808
BTC,2022-05-05 04:00:00+00:00,39752.93,26513704.1894973
BTC,2022-05-05 05:00:00+00:00,39602.65,50011221.7621256
BTC,2022-05-05 06:00:00+00:00,39549.28,40339957.9824752
BTC,2022-05-05 07:00:00+00:00,39588.84,40681696.8113248
BTC,2022-05-05 08:00:00+00:00,39482.98,46874521.5154597
BTC,2022-05-05 09:00:00+00:00,39485.25,38793909.475883
BTC,2022-05-05 10:00:00+00:00,39513.66,51948896.7572329
BTC,2022-05-05 11:00:00+00:00,39492.83,40482032.9608425
BTC,2022-05-05 12:00:00+00:00,39503.95,49625925.8464282
BTC,2022-05-05 13:00:00+00:00,38992.54,162407524.9608897
BTC,2022-05-05 14:00:00+00:00,38209.0,360420441.8282523
BTC,2022-05-05 15:00:00+00:00,36909.67,777075745.6841859
BTC,2022-05-05 16:00:00+00:00,37036.55,296733801.0314523
BTC,2022-05-05 17:00:00+00:00,36816.56,150315012.0331011
BTC,2022-05-05 18:00:00+00:00,36387.03,309088423.2686301
BTC,2022-05-05 19:00:00+00:00,36316.0,373940307.1190127
BTC,2022-05-05 20:00:00+00:00,36466.44,113568281.246263
BTC,2022-05-05 21:00:00+00:00,36458.58,65571880.738447
BTC,2022-05-05 22:00:00+00:00,36238.63,52946978.0444403
BTC,2022-05-05 23:00:00+00:00,36552.97,66727411.8142957
BTC,2022-05-06 00:00:00+00:00,36373.41,69388892.5201426
BTC,2022-05-06 01:00:00+00:00,36311.56,57017155.8222512
BTC,2022-05-06 02:00:00+00:00,36433.4,68968086.1096075
BTC,2022-05-06 03:00:00+00:00,36461.82,37801881.3158832
BTC,2022-05-06 04:00:00+00:00,36435.42,39643131.5060078
BTC,2022-05-06 05:00:00+00:00,36501.45,45448968.8845271
BTC,2022-05-06 06:00:00+00:00,36409.12,36247915.9988108
BTC,2022-05-06 07:00:00+00:00,36371.94,223691333.8577014
BTC,2022-05-06 08:00:00+00:00,36218.08,88259960.3539486
BTC,2022-05-06 09:00:00+00:00,36406.54,47748704.5426642
BTC,2022-05-06 10:00:00+00:00,35944.81,87851289.2043383
BTC,2022-05-06 11:00:00+00:00,35780.84,144372985.888126
BTC,2022-05-06 12:00:00+00:00,35826.22,199689114.4085347
BTC,2022-05-06 13:00:00+00:00,35747.51,332656439.7067923
BTC,2022-05-06 14:00:00+00:00,36140.18,326448811.0543767
BTC,2022-05-06 15:00:00+00:00,36004.34,155630444.0342602
BTC,2022-05-06 16:00:00+00:00,36218.01,126684579.2875125
BTC,2022-05-06 17:00:00+00:00,35896.43,96408541.3984326
BTC,2022-05-06 18:00:00+00:00,35940.01,72412010.8333096
BTC,2022-05-06 19:00:00+00:00,36001.35,97032934.1419803
BTC,2022-05-06 20:00:00+00:00,36082.53,31428632.6685215
BTC,2022-05-06 21:00:00+00:00,35959.47,23202332.2852119
BTC,2022-05-06 22:00:00+00:00,35999.24,33831878.2268754
BTC,2022-05-06 23:00:00+00:00,36013.77,24641488.1322124
BTC,2022-05-07 00:00:00+00:00,35995.93,30531655.1865718
BTC,2022-05-07 01:00:00+00:00,36017.05,27471806.2852724
BTC,2022-05-07 02:00:00+00:00,35953.64,24869871.9661531
BTC,2022-05-07 03:00:00+00:00,35812.21,34079184.5495537
BTC,2022-05-07 04:00:00+00:00,35746.63,37179724.6834126
BTC,2022-05-07 05:00:00+00:00,35898.95,32154973.5034328
BTC,2022-05-07 06:00:00+00:00,35806.27,31931036.7636872
BTC,2022-05-07 07:00:00+00:00,35921.6,53283690.2838981
BTC,2022-05-07 08:00:00+00:00,36015.01,49333464.2947028
BTC,2022-05-07 09:00:00+00:00,35986.05,30109669.5026735
BTC,2022-05-07 10:00:00+00:00,36087.43,42473339.3040311
BTC,2022-05-07 11:00:00+00:00,36055.86,36177082.1250253
BTC,2022-05-07 12:00:00+00:00,36033.4,34838454.6503883
BTC,2022-05-07 13:00:00+00:00,35900.74,54009155.0787378
BTC,2022-05-07 14:00:00+00:00,35962.96,25576424.1151783
BTC,2022-05-07 15:00:00+00:00,35962.47,26202288.504566
BTC,2022-05-07 16:00:00+00:00,35965.83,21836043.8035469
BTC,2022-05-07 17:00:00+00:00,35886.31,20624593.9756708
BTC,2022-05-07 18:00:00+00:00,35896.35,22876576.6417433
BTC,2022-05-07 19:00:00+00:00,35876.36,20433325.2645264
BTC,2022-05-07 20:00:00+00:00,35785.69,63753897.1125202
BTC,2022-05-07 21:00:00+00:00,35026.37,170808583.9423093
BTC,2022-05-07 22:00:00+00:00,35046.06,186223144.74263
BTC,2022-05-07 23:00:00+00:00,35472.39,145761427.3598667
BTC,2022-05-08 00:00:00+00:00,35107.02,92206361.1633215
BTC,2022-05-08 01:00:00+00:00,34824.17,146910536.4422229
BTC,2022-05-08 02:00:00+00:00,34575.77,258118059.3477752
BTC,2022-05-08 03:00:00+00:00,34480.24,237244606.0659719
BTC,2022-05-08 04:00:00+00:00,34400.81,104892743.9557685
BTC,2022-05-08 05:00:00+00:00,34449.15,61595796.5328465
BTC,2022-05-08 06:00:00+00:00,34778.1,79607362.7859248
BTC,2022-05-08 07:00:00+00:00,34596.55,72156425.9238604
BTC,2022-05-08 08:00:00+00:00,34664.04,64268526.8694443
BTC,2022-05-08 09:00:00+00:00,34571.29,49581744.7321975
BTC,2022-05-08 10:00:00+00:00,34730.95,73655606.4679774
BTC,2022-05-08 11:00:00+00:00,34786.24,55194436.0366835
BTC,2022-05-08 12:00:00+00:00,34627.6,56787111.4385088
BTC,2022-05-08 13:00:00+00:00,34371.16,121615484.2026007
BTC,2022-05-08 14:00:00+00:00,34450.84,75582984.3290693
BTC,2022-05-08 15:00:00+00:00,34357.92,65415537.6621616
BTC,2022-05-08 16:00:00+00:00,34383.19,72515949.4141175
BTC,2022-05-08 17:00:00+00:00,34068.7,351050169.3058052
BTC,2022-05-08 18:00:00+00:00,34515.54,114624310.9502004
BTC,2022-05-08 19:00:00+00:00,34587.64,64634136.4966322
BTC,2022-05-08 20:00:00+00:00,34229.76,83576896.289792
BTC,2022-05-08 21:00:00+00:00,34460.7,45893012.3187285
BTC,2022-05-08 22:00:00+00:00,34275.27,74918044.4817686
BTC,2022-05-08 23:00:00+00:00,34038.4,76319316.7812016
BTC,2022-05-09 00:00:00+00:00,34142.51,101014224.8254507
BTC,2022-05-09 01:00:00+00:00,34053.61,74407544.4032179
BTC,2022-05-09 02:00:00+00:00,33496.16,402331785.40013885
BTC,2022-05-09 03:00:00+00:00,33563.15,190167615.932917
BTC,2022-05-09 04:00:00+00:00,33648.89,59562260.2663087
BTC,2022-05-09 05:00:00+00:00,33510.6,59017297.9215719
BTC,2022-05-09 06:00:00+00:00,33571.73,84843252.4102343
BTC,2022-05-09 07:00:00+00:00,33523.27,78871257.2412817
BTC,2022-05-09 08:00:00+00:00,33671.42,147834330.2767272
BTC,2022-05-09 09:00:00+00:00,33501.69,91628471.3768196
BTC,2022-05-09 10:00:00+00:00,32822.22,389322907.307512
BTC,2022-05-09 11:00:00+00:00,33122.31,192300957.6950242
BTC,2022-05-09 12:00:00+00:00,32858.81,155981994.7176199
BTC,2022-05-09 13:00:00+00:00,33036.38,384277833.58139765
BTC,2022-05-09 14:00:00+00:00,32455.61,283605641.08547235
BTC,2022-05-09 15:00:00+00:00,32341.53,315038960.2224106
BTC,2022-05-09 16:00:00+00:00,31692.1,398653106.1355708
BTC,2022-05-09 17:00:00+00:00,31268.1,631614652.0695512
BTC,2022-05-09 18:00:00+00:00,30786.98,630402756.2650417
BTC,2022-05-09 19:00:00+00:00,30944.82,399854083.2402231
BTC,2022-05-09 20:00:00+00:00,30954.25,422542783.22868913
BTC,2022-05-09 21:00:00+00:00,30835.14,217507156.579807
BTC,2022-05-09 22:00:00+00:00,31087.89,177091985.065121
BTC,2022-05-09 23:00:00+00:00,30076.31,278494254.027616
BTC,2022-05-10 00:00:00+00:00,30800.11,527142486.3621905
BTC,2022-05-10 01:00:00+00:00,30888.81,362945689.9079272
BTC,2022-05-10 02:00:00+00:00,31041.99,247848677.0902497
BTC,2022-05-10 03:00:00+00:00,30642.55,187747516.960877
BTC,2022-05-10 04:00:00+00:00,31219.46,201367185.17955008
BTC,2022-05-10 05:00:00+00:00,31827.87,262594598.3444453
BTC,2022-05-10 06:00:00+00:00,32080.02,333043967.3529849
BTC,2022-05-10 07:00:00+00:00,31609.78,227012784.4344936
BTC,2022-05-10 08:00:00+00:00,31749.81,211295028.298105
BTC,2022-05-10 09:00:00+00:00,31397.69,246722634.48503527
BTC,2022-05-10 10:00:00+00:00,31305.27,173990946.1528277
BTC,2022-05-10 11:00:00+00:00,31622.24,189481211.5061114
BTC,2022-05-10 12:00:00+00:00,32158.11,214928245.98726887
BTC,2022-05-10 13:00:00+00:00,31815.77,262893583.8182132
BTC,2022-05-10 14:00:00+00:00,31085.34,290153021.863634
BTC,2022-05-10 15:00:00+00:00,31320.0,238124356.74627233
BTC,2022-05-10 16:00:00+00:00,31217.91,148660328.0851001
BTC,2022-05-10 17:00:00+00:00,31682.51,136184507.5223831
BTC,2022-05-10 18:00:00+00:00,31624.51,91051473.8361719
BTC,2022-05-10 19:00:00+00:00,31330.03,97687789.5223147
BTC,2022-05-10 20:00:00+00:00,31009.27,72942054.3643535
BTC,2022-05-10 21:00:00+00:00,30239.04,137641636.4770406
BTC,2022-05-10 22:00:00+00:00,30785.18,198695288.61332193
BTC,2022-05-10 23:00:00+00:00,31017.1,119701916.5690576
BTC,2022-05-11 00:00:00+00:00,31043.78,129527405.8401561
BTC,2022-05-11 01:00:00+00:00,30768.31,75422363.3614659
BTC,2022-05-11 02:00:00+00:00,31479.82,141032947.3294733
BTC,2022-05-11 03:00:00+00:00,31205.96,99948627.8033503
BTC,2022-05-11 04:00:00+00:00,31218.02,108434424.0168842
BTC,2022-05-11 05:00:00+00:00,31438.77,220592120.5901556
BTC,2022-05-11 06:00:00+00:00,30498.04,210202200.74188232
BTC,2022-05-11 07:00:00+00:00,30614.99,373894370.9526194
BTC,2022-05-11 08:00:00+00:00,31406.8,296044370.4295801
BTC,2022-05-11 09:00:00+00:00,31755.24,220936896.6851478
BTC,2022-05-11 10:00:00+00:00,31843.87,205384241.8528806
BTC,2022-05-11 11:00:00+00:00,31533.15,159454421.9276708
BTC,2022-05-11 12:00:00+00:00,29329.3,853295624.7960888
BTC,2022-05-11 13:00:00+00:00,31231.96,861851897.8877335
BTC,2022-05-11 14:00:00+00:00,31811.78,509661152.9413079
BTC,2022-05-11 15:00:00+00:00,30977.61,235830956.87091553
BTC,2022-05-11 16:00:00+00:00,30327.19,173425987.0119982
BTC,2022-05-11 17:00:00+00:00,29924.38,252871199.40845168
BTC,2022-05-11 18:00:00+00:00,29915.9,147725161.1372736
BTC,2022-05-11 19:00:00+00:00,29372.22,149647684.5092664
BTC,2022-05-11 20:00:00+00:00,28486.14,288963539.2055915
BTC,2022-05-11 21:00:00+00:00,29117.98,285088464.0994677
BTC,2022-05-11 22:00:00+00:00,28863.11,197419868.2449225
BTC,2022-05-11 23:00:00+00:00,29103.94,103640066.9088553
BTC,2022-05-12 00:00:00+00:00,29831.35,249220760.1992221
BTC,2022-05-12 01:00:00+00:00,29227.17,159761154.0884513
BTC,2022-05-12 02:00:00+00:00,28809.82,211295798.8404768
BTC,2022-05-12 03:00:00+00:00,28406.15,220432526.82843608
BTC,2022-05-12 04:00:00+00:00,27793.62,521999622.3238
BTC,2022-05-12 05:00:00+00:00,27128.94,533662279.8115592
BTC,2022-05-12 06:00:00+00:00,27114.84,401825900.39722514
BTC,2022-05-12 07:00:00+00:00,28193.4,594608718.7398316
BTC,2022-05-12 08:00:00+00:00,28112.8,292635908.654832
BTC,2022-05-12 09:00:00+00:00,28061.73,197791858.91097927
BTC,2022-05-12 10:00:00+00:00,28622.32,211030826.11023912
BTC,2022-05-12 11:00:00+00:00,28472.98,203627770.700856
BTC,2022-05-12 12:00:00+00:00,28506.3,187248325.5128885
BTC,2022-05-12 13:00:00+00:00,28208.31,227189218.7031142
BTC,2022-05-12 14:00:00+00:00,29580.94,294046276.4881227
BTC,2022-05-12 15:00:00+00:00,29021.27,260116808.4692619
BTC,2022-05-12 16:00:00+00:00,29701.1,261302196.3949927
BTC,2022-05-12 17:00:00+00:00,28648.87,169582275.6908899
BTC,2022-05-12 18:00:00+00:00,28352.18,116555435.8783723
BTC,2022-05-12 19:00:00+00:00,28641.15,114430304.6389208
BTC,2022-05-12 20:00:00+00:00,28617.1,78329777.1593447
BTC,2022-05-12 21:00:00+00:00,28445.2,78735480.5118263
BTC,2022-05-12 22:00:00+00:00,28821.52,98482693.127934
BTC,2022-05-12 23:00:00+00:00,29029.75,111539392.7640017
BTC,2022-05-13 00:00:00+00:00,29545.39,139507702.1786248
BTC,2022-05-13 01:00:00+00:00,29522.93,117591480.2384787
BTC,2022-05-13 02:00:00+00:00,30140.97,198164713.7894
BTC,2022-05-13 03:00:00+00:00,30582.54,215889517.75955248
BTC,2022-05-13 04:00:00+00:00,30471.6,112026866.3962001
BTC,2022-05-13 05:00:00+00:00,30532.64,200296854.29515952
BTC,2022-05-13 06:00:00+00:00,30390.75,89208630.48837
BTC,2022-05-13 07:00:00+00:00,30171.13,136603854.0120914
BTC,2022-05-13 08:00:00+00:00,30335.38,91260961.3867232
BTC,2022-05-13 09:00:00+00:00,30442.54,118977643.5281429
BTC,2022-05-13 10:00:00+00:00,30475.72,77049404.3667745
BTC,2022-05-13 11:00:00+00:00,30668.08,115389333.6850316
BTC,2022-05-13 12:00:00+00:00,30719.31,125723169.9928375
BTC,2022-05-13 13:00:00+00:00,30749.99,174922452.2583941
BTC,2022-05-13 14:00:00+00:00,30692.08,149753195.2469078
BTC,2022-05-13 15:00:00+00:00,30339.99,108419044.7472086
BTC,2022-05-13 16:00:00+00:00,29939.96,183476977.6512414
BTC,2022-05-13 17:00:00+00:00,29599.65,142935121.9687073
BTC,2022-05-13 18:00:00+00:00,30131.98,169431661.8692511
BTC,2022-05-13 19:00:00+00:00,30084.11,77930138.9560617
BTC,2022-05-13 20:00:00+00:00,29798.11,46289490.011864
BTC,2022-05-13 21:00:00+00:00,30046.65,26432539.2361176
BTC,2022-05-13 22:00:00+00:00,29809.47,36499241.3409754
BTC,2022-05-13 23:00:00+00:00,29287.05,103075809.4519964
BTC,2022-05-14 00:00:00+00:00,29507.47,63034188.5606182
BTC,2022-05-14 01:00:00+00:00,29706.36,63590702.9247839
BTC,2022-05-14 02:00:00+00:00,29524.44,43528469.521594
BTC,2022-05-14 03:00:00+00:00,29569.89,49712904.2802188
BTC,2022-05-14 04:00:00+00:00,29355.87,60123396.8690135
BTC,2022-05-14 05:00:00+00:00,29451.96,35206388.9106912
BTC,2022-05-14 06:00:00+00:00,29510.26,30857982.6342239
BTC,2022-05-14 07:00:00+00:00,29431.59,31190912.1410581
BTC,2022-05-14 08:00:00+00:00,29538.33,35214855.4918731
BTC,2022-05-14 09:00:00+00:00,29495.68,54544100.5462815
BTC,2022-05-14 10:00:00+00:00,29321.18,57396021.8847057
BTC,2022-05-14 11:00:00+00:00,29074.24,155031267.7933335
BTC,2022-05-14 12:00:00+00:00,29102.21,63182554.4204833
BTC,2022-05-14 13:00:00+00:00,28835.22,77306089.9494074
BTC,2022-05-14 14:00:00+00:00,28942.74,70720209.0632001
BTC,2022-05-14 15:00:00+00:00,28818.06,47231803.4065677
BTC,2022-05-14 16:00:00+00:00,29351.51,116596599.7373512
BTC,2022-05-14 17:00:00+00:00,29613.1,65228147.4143072
BTC,2022-05-14 18:00:00+00:00,29526.58,106045636.6867902
BTC,2022-05-14 19:00:00+00:00,29338.78,54093515.6889707
BTC,2022-05-14 20:00:00+00:00,29380.36,40235779.8681185
BTC,2022-05-14 21:00:00+00:00,29701.15,37733156.833343
BTC,2022-05-14 22:00:00+00:00,30239.33,79580156.7246044
BTC,2022-05-14 23:00:00+00:00,30086.74,64098612.1493514
BTC,2022-05-15 00:00:00+00:00,29963.54,59975999.5904992
BTC,2022-05-15 01:00:00+00:00,29936.69,43208039.6275703
BTC,2022-05-15 02:00:00+00:00,29849.99,42738432.2443946
BTC,2022-05-15 03:00:00+00:00,29721.65,32642919.152947
BTC,2022-05-15 04:00:00+00:00,29614.12,32950774.9079016
BTC,2022-05-15 05:00:00+00:00,29802.34,35683187.0589268
BTC,2022-05-15 06:00:00+00:00,29961.08,39553841.6434297
BTC,2022-05-15 07:00:00+00:00,29825.99,48349815.0923967
BTC,2022-05-15 08:00:00+00:00,29587.86,39204293.7348267
BTC,2022-05-15 09:00:00+00:00,29757.22,33269121.3051447
BTC,2022-05-15 10:00:00+00:00,29947.03,40192758.0488452
BTC,2022-05-15 11:00:00+00:00,30241.46,94928479.3952468
BTC,2022-05-15 12:00:00+00:00,30310.0,89036505.3894726
BTC,2022-05-15 13:00:00+00:00,30181.92,59513809.4549538
BTC,2022-05-15 14:00:00+00:00,29974.67,74654530.0375869
BTC,2022-05-15 15:00:00+00:00,30013.47,45467257.0120796
BTC,2022-05-15 16:00:00+00:00,30213.05,58613787.5128532
BTC,2022-05-15 17:00:00+00:00,29990.0,37201748.6831851
BTC,2022-05-15 18:00:00+00:00,30312.1,57419354.7386276
BTC,2022-05-15 19:00:00+00:00,30457.88,43814705.9830373
BTC,2022-05-15 20:00:00+00:00,31058.19,182188113.790555
BTC,2022-05-15 21:00:00+00:00,31075.87,63748045.6675788
BTC,2022-05-15 22:00:00+00:00,31090.7,97020891.9680975
BTC,2022-05-15 23:00:00+00:00,31328.89,50123514.1902609
BTC,2022-05-16 00:00:00+00:00,31111.5,71178681.7247734
BTC,2022-05-16 01:00:00+00:00,30776.06,100077898.3914051
BTC,2022-05-16 02:00:00+00:00,30496.35,81230890.0649456
BTC,2022-05-16 03:00:00+00:00,30323.23,49162220.8868255
BTC,2022-05-16 04:00:00+00:00,30330.01,51664138.9260595
BTC,2022-05-16 05:00:00+00:00,30291.11,44847112.3503662
BTC,2022-05-16 06:00:00+00:00,29578.31,205651571.24626487
BTC,2022-05-16 07:00:00+00:00,29593.89,93334660.6442714
BTC,2022-05-16 08:00:00+00:00,29797.9,77454522.3043959
BTC,2022-05-16 09:00:00+00:00,29611.29,80448918.2600499
BTC,2022-05-16 10:00:00+00:00,30177.89,121276388.54138
BTC,2022-05-16 11:00:00+00:00,29950.95,72522147.4442389
BTC,2022-05-16 12:00:00+00:00,29893.45,162763636.0779457
BTC,2022-05-16 13:00:00+00:00,29519.14,170646521.4520885
BTC,2022-05-16 14:00:00+00:00,29489.45,93728325.0508077
BTC,2022-05-16 15:00:00+00:00,29676.56,121694487.025705
BTC,2022-05-16 16:00:00+00:00,29317.97,130458944.1889923
BTC,2022-05-16 17:00:00+00:00,29727.47,87693746.7414452
BTC,2022-05-16 18:00:00+00:00,29906.86,78633563.3674885
BTC,2022-05-16 19:00:00+00:00,29576.7,71781863.8191077
BTC,2022-05-16 20:00:00+00:00,29943.48,41780110.9829286
BTC,2022-05-16 21:00:00+00:00,30170.0,66278290.3421987
BTC,2022-05-16 22:00:00+00:00,30018.45,63938574.9563014
BTC,2022-05-16 23:00:00+00:00,29874.01,47320520.8920766
BTC,2022-05-17 00:00:00+00:00,30150.03,53808017.8752281
BTC,2022-05-17 01:00:00+00:00,29998.27,54506311.352819
BTC,2022-05-17 02:00:00+00:00,30065.0,30199047.4547888
BTC,2022-05-17 03:00:00+00:00,30363.59,79150640.523668
BTC,2022-05-17 04:00:00+00:00,30384.61,40462104.5443888
BTC,2022-05-17 05:00:00+00:00,30466.17,46386558.080065
BTC,2022-05-17 06:00:00+00:00,30529.99,36694197.7157425
BTC,2022-05-17 07:00:00+00:00,30412.06,38875821.9964029
BTC,2022-05-17 08:00:00+00:00,30577.16,60360852.0756795
BTC,2022-05-17 09:00:00+00:00,30643.05,46358355.6899032
BTC,2022-05-17 10:00:00+00:00,30456.89,40828338.5308725
BTC,2022-05-17 11:00:00+00:00,30319.47,68832343.242274
BTC,2022-05-17 12:00:00+00:00,30585.44,84385097.4658803
BTC,2022-05-17 13:00:00+00:00,30516.67,99978379.8694684
BTC,2022-05-17 14:00:00+00:00,30066.01,152401819.5130998
BTC,2022-05-17 15:00:00+00:00,30153.74,92710195.4725692
BTC,2022-05-17 16:00:00+00:00,30145.93,88083154.382485
BTC,2022-05-17 17:00:00+00:00,30090.76,68138788.8195111
BTC,2022-05-17 18:00:00+00:00,29851.95,194327815.2096682
BTC,2022-05-17 19:00:00+00:00,30097.09,121826366.132578
BTC,2022-05-17 20:00:00+00:00,30106.56,41102849.2161983
BTC,2022-05-17 21:00:00+00:00,30551.79,61051474.9476847
BTC,2022-05-17 22:00:00+00:00,30351.47,69468844.6241562
BTC,2022-05-17 23:00:00+00:00,30444.93,45171756.3450748
BTC,2022-05-18 00:00:00+00:00,30501.58,46223620.4725067
BTC,2022-05-18 01:00:00+00:00,30125.4,50418827.8094921
BTC,2022-05-18 02:00:00+00:00,30216.22,41378843.104219
BTC,2022-05-18 03:00:00+00:00,29831.4,84139922.3764608
BTC,2022-05-18 04:00:00+00:00,29830.0,53131324.5336191
BTC,2022-05-18 05:00:00+00:00,30032.2,73910695.1837853
BTC,2022-05-18 06:00:00+00:00,29742.23,52254108.9195349
BTC,2022-05-18 07:00:00+00:00,29910.25,55493719.4118154
BTC,2022-05-18 08:00:00+00:00,29875.17,48330029.2479978
BTC,2022-05-18 09:00:00+00:00,29957.35,69181723.393871
BTC,2022-05-18 10:00:00+00:00,29950.93,67115877.8179997
BTC,2022-05-18 11:00:00+00:00,29833.58,48046970.8621341
BTC,2022-05-18 12:00:00+00:00,29549.51,75857469.2991455
BTC,2022-05-18 13:00:00+00:00,29348.78,154925963.7047524
BTC,2022-05-18 14:00:00+00:00,29240.01,102362631.6142499
BTC,2022-05-18 15:00:00+00:00,28984.99,127482442.0429023
BTC,2022-05-18 16:00:00+00:00,29222.94,120560246.5662909
BTC,2022-05-18 17:00:00+00:00,28986.62,71266974.5391205
BTC,2022-05-18 18:00:00+00:00,29207.12,82146606.7501536
BTC,2022-05-18 19:00:00+00:00,29276.55,96301141.3362337
BTC,2022-05-18 20:00:00+00:00,29236.47,62409741.6092848
BTC,2022-05-18 21:00:00+00:00,29208.32,35436402.8719366
BTC,2022-05-18 22:00:00+00:00,28976.15,74691939.9751661
BTC,2022-05-18 23:00:00+00:00,28715.32,69776612.6842656
BTC,2022-05-19 00:00:00+00:00,28915.78,58526623.672112
BTC,2022-05-19 01:00:00+00:00,28766.72,40168090.5049637
BTC,2022-05-19 02:00:00+00:00,29167.98,85580344.6063165
BTC,2022-05-19 03:00:00+00:00,29196.78,72646452.3136542
BTC,2022-05-19 04:00:00+00:00,29096.77,36623831.3928884
BTC,2022-05-19 05:00:00+00:00,29059.99,47947507.7481881
BTC,2022-05-19 06:00:00+00:00,29319.92,68736594.6967195
BTC,2022-05-19 07:00:00+00:00,29192.13,60529539.2389742
BTC,2022-05-19 08:00:00+00:00,28966.75,54677475.3290698
BTC,2022-05-19 09:00:00+00:00,29010.0,73244601.2927004
BTC,2022-05-19 10:00:00+00:00,29205.84,70116582.205465
BTC,2022-05-19 11:00:00+00:00,29500.2,89054999.0956642
BTC,2022-05-19 12:00:00+00:00,29498.45,100380429.2863684
BTC,2022-05-19 13:00:00+00:00,29517.33,156851338.0636912
BTC,2022-05-19 14:00:00+00:00,29867.71,135774440.7563183
BTC,2022-05-19 15:00:00+00:00,30389.45,241612258.3231794
BTC,2022-05-19 16:00:00+00:00,30153.02,132725245.325467
BTC,2022-05-19 17:00:00+00:00,30191.17,99436587.9329553
BTC,2022-05-19 18:00:00+00:00,30224.06,80816649.8166331
BTC,2022-05-19 19:00:00+00:00,29967.4,77715138.3734935
BTC,2022-05-19 20:00:00+00:00,30270.19,49169219.653404
BTC,2022-05-19 21:00:00+00:00,30276.23,65535330.6356643
BTC,2022-05-19 22:00:00+00:00,30185.18,46411061.7122249
BTC,2022-05-19 23:00:00+00:00,30319.23,70079793.8091567
BTC,2022-05-20 00:00:00+00:00,30264.01,40069848.3009058
BTC,2022-05-20 01:00:00+00:00,30475.57,128693128.6408881
BTC,2022-05-20 02:00:00+00:00,30336.34,50382329.2163019
BTC,2022-05-20 03:00:00+00:00,30175.03,49280636.3004164
BTC,2022-05-20 04:00:00+00:00,30099.67,48895255.2162595
BTC,2022-05-20 05:00:00+00:00,30185.39,37880993.4138085
BTC,2022-05-20 06:00:00+00:00,30005.76,63092301.9590169
BTC,2022-05-20 07:00:00+00:00,30256.74,82023939.7990482
BTC,2022-05-20 08:00:00+00:00,30183.99,63459948.3598908
BTC,2022-05-20 09:00:00+00:00,30301.81,54549115.8004291
BTC,2022-05-20 10:00:00+00:00,30418.99,46053308.6172462
BTC,2022-05-20 11:00:00+00:00,30414.07,75727578.7969996
BTC,2022-05-20 12:00:00+00:00,30250.25,65678707.8894427
BTC,2022-05-20 13:00:00+00:00,30362.53,111748532.0330111
BTC,2022-05-20 14:00:00+00:00,29489.33,168713755.932216
BTC,2022-05-20 15:00:00+00:00,29152.9,157061886.8416325
BTC,2022-05-20 16:00:00+00:00,28901.08,156451127.2517078
BTC,2022-05-20 17:00:00+00:00,28959.22,105211513.9696987
BTC,2022-05-20 18:00:00+00:00,29010.0,64255959.8645713
BTC,2022-05-20 19:00:00+00:00,29291.55,92954073.1017771
BTC,2022-05-20 20:00:00+00:00,29141.88,46261193.617587
BTC,2022-05-20 21:00:00+00:00,29183.6,26704419.567302
BTC,2022-05-20 22:00:00+00:00,29152.93,30828846.9328064
BTC,2022-05-20 23:00:00+00:00,29201.01,34610627.8479145
BTC,2022-05-21 00:00:00+00:00,29279.17,23499703.8706033
BTC,2022-05-21 01:00:00+00:00,29150.0,43409580.5241852
BTC,2022-05-21 02:00:00+00:00,29228.98,21294014.8170592
BTC,2022-05-21 03:00:00+00:00,29258.18,20786574.0471263
BTC,2022-05-21 04:00:00+00:00,29255.16,13187523.8567476
BTC,2022-05-21 05:00:00+00:00,29286.28,20800425.6300972
BTC,2022-05-21 06:00:00+00:00,29362.93,18302279.0649823
BTC,2022-05-21 07:00:00+00:00,29423.18,45755167.815935
BTC,2022-05-21 08:00:00+00:00,29375.04,22445063.060211
BTC,2022-05-21 09:00:00+00:00,29342.89,20319247.7153842
BTC,2022-05-21 10:00:00+00:00,29299.87,28896320.1939631
BTC,2022-05-21 11:00:00+00:00,29288.0,21919788.3868353
BTC,2022-05-21 12:00:00+00:00,29293.05,22464849.3267635
BTC,2022-05-21 13:00:00+00:00,29308.93,17447663.3292626
BTC,2022-05-21 14:00:00+00:00,29405.92,32725767.9232063
BTC,2022-05-21 15:00:00+00:00,29552.47,54980195.1637602
BTC,2022-05-21 16:00:00+00:00,29563.17,37046655.3873319
BTC,2022-05-21 17:00:00+00:00,29408.74,31202513.7439151
BTC,2022-05-21 18:00:00+00:00,29478.06,23287052.4881709
BTC,2022-05-21 19:00:00+00:00,29464.31,30422195.3987087
BTC,2022-05-21 20:00:00+00:00,29429.29,18162792.2197862
BTC,2022-05-21 21:00:00+00:00,29352.56,15398666.6565062
BTC,2022-05-21 22:00:00+00:00,29414.26,12870090.2414912
BTC,2022-05-21 23:00:00+00:00,29445.06,19570533.1171786
BTC,2022-05-22 00:00:00+00:00,29474.8,15557143.951454
BTC,2022-05-22 01:00:00+00:00,29505.7,16026268.4333797
BTC,2022-05-22 02:00:00+00:00,29400.17,26521841.7023717
BTC,2022-05-22 03:00:00+00:00,29363.5,23753171.0256686
BTC,2022-05-22 04:00:00+00:00,29286.1,20288565.0178779
BTC,2022-05-22 05:00:00+00:00,29369.68,17808463.3889017
BTC,2022-05-22 06:00:00+00:00,29404.73,13079869.4882929
BTC,2022-05-22 07:00:00+00:00,29441.78,16555360.8365548
BTC,2022-05-22 08:00:00+00:00,29555.02,30668650.1224102
BTC,2022-05-22 09:00:00+00:00,30140.78,136598251.3826072
BTC,2022-05-22 10:00:00+00:00,30187.84,91727718.8729608
BTC,2022-05-22 11:00:00+00:00,29897.52,114211557.6534699
BTC,2022-05-22 12:00:00+00:00,30170.1,62518279.3648707
BTC,2022-05-22 13:00:00+00:00,30080.0,38312413.1646793
BTC,2022-05-22 14:00:00+00:00,29964.77,58020331.2421034
BTC,2022-05-22 15:00:00+00:00,29844.01,58004737.5536244
BTC,2022-05-22 16:00:00+00:00,29926.67,36521221.8805472
BTC,2022-05-22 17:00:00+00:00,29931.68,62404419.2824701
BTC,2022-05-22 18:00:00+00:00,30036.19,29070173.3288746
BTC,2022-05-22 19:00:00+00:00,29936.01,24941673.6936729
BTC,2022-05-22 20:00:00+00:00,29938.75,28413009.3453268
BTC,2022-05-22 21:00:00+00:00,30017.71,23556581.2989803
BTC,2022-05-22 22:00:00+00:00,30275.59,97041776.7292129
BTC,2022-05-22 23:00:00+00:00,30293.94,40929337.2559378
BTC,2022-05-23 00:00:00+00:00,30280.51,45934959.8894368
BTC,2022-05-23 01:00:00+00:00,30220.0,25318513.9618074
BTC,2022-05-23 02:00:00+00:00,30128.5,44323072.0940143
BTC,2022-05-23 03:00:00+00:00,30171.32,25081673.0495846
BTC,2022-05-23 04:00:00+00:00,30126.63,33122520.8437854
BTC,2022-05-23 05:00:00+00:00,30301.46,37268318.8534437
BTC,2022-05-23 06:00:00+00:00,30487.77,90731107.5834708
BTC,2022-05-23 07:00:00+00:00,30457.01,69044066.5785255
BTC,2022-05-23 08:00:00+00:00,30345.73,76205050.2342872
BTC,2022-05-23 09:00:00+00:00,30441.94,50430073.8889367
BTC,2022-05-23 10:00:00+00:00,30484.01,46123338.9951671
BTC,2022-05-23 11:00:00+00:00,30397.11,58698508.0940649
BTC,2022-05-23 12:00:00+00:00,30385.02,61849782.0417763
BTC,2022-05-23 13:00:00+00:00,30323.07,140574435.687416
BTC,2022-05-23 14:00:00+00:00,30256.51,168237138.3022997
BTC,2022-05-23 15:00:00+00:00,30373.53,66552087.7841635
BTC,2022-05-23 16:00:00+00:00,30255.95,83842019.2624121
BTC,2022-05-23 17:00:00+00:00,30099.22,73019336.933354
BTC,2022-05-23 18:00:00+00:00,29879.36,65517871.2720071
BTC,2022-05-23 19:00:00+00:00,29089.9,247231818.69161233
BTC,2022-05-23 20:00:00+00:00,29345.89,120074527.7270193
BTC,2022-05-23 21:00:00+00:00,29346.34,49674360.4499165
BTC,2022-05-23 22:00:00+00:00,29211.24,118538164.2895523
BTC,2022-05-23 23:00:00+00:00,29109.15,116913071.5664652
BTC,2022-05-24 00:00:00+00:00,29147.93,61910386.093923
BTC,2022-05-24 01:00:00+00:00,29224.82,34773559.0072957
BTC,2022-05-24 02:00:00+00:00,29267.45,36353264.5502001
BTC,2022-05-24 03:00:00+00:00,29299.92,35658535.8957269
BTC,2022-05-24 04:00:00+00:00,29358.74,45132201.5157534
BTC,2022-05-24 05:00:00+00:00,29347.86,37449597.1812277
BTC,2022-05-24 06:00:00+00:00,29338.98,53872275.3954739
BTC,2022-05-24 07:00:00+00:00,29404.55,32742199.43969
BTC,2022-05-24 08:00:00+00:00,29158.44,45499639.5405186
BTC,2022-05-24 09:00:00+00:00,29340.0,58978738.2335976
BTC,2022-05-24 10:00:00+00:00,29344.34,46160338.645809
BTC,2022-05-24 11:00:00+00:00,29295.74,43618714.2552537
BTC,2022-05-24 12:00:00+00:00,29258.03,48013448.2393109
BTC,2022-05-24 13:00:00+00:00,28960.87,151944688.3451409
BTC,2022-05-24 14:00:00+00:00,29069.03,201678740.5354038
BTC,2022-05-24 15:00:00+00:00,29382.31,191287267.9069846
BTC,2022-05-24 16:00:00+00:00,29328.15,109864874.3312416
BTC,2022-05-24 17:00:00+00:00,29341.02,94522156.2113523
BTC,2022-05-24 18:00:00+00:00,29176.16,104082287.6855864
BTC,2022-05-24 19:00:00+00:00,29391.62,94191857.9851844
BTC,2022-05-24 20:00:00+00:00,29462.95,37670749.6316244
BTC,2022-05-24 21:00:00+00:00,29586.76,43195662.4491234
BTC,2022-05-24 22:00:00+00:00,29605.6,38550462.3020638
BTC,2022-05-24 23:00:00+00:00,29654.58,93105956.9292837
BTC,2022-05-25 00:00:00+00:00,29625.21,36640089.3383282
BTC,2022-05-25 01:00:00+00:00,29789.69,33298686.5818281
BTC,2022-05-25 02:00:00+00:00,30114.78,113242041.8575014
BTC,2022-05-25 03:00:00+00:00,30198.09,61087920.1252259
BTC,2022-05-25 04:00:00+00:00,30103.44,58713731.7776845
BTC,2022-05-25 05:00:00+00:00,29869.25,60176018.8216585
BTC,2022-05-25 06:00:00+00:00,29807.98,77322015.7937718
BTC,2022-05-25 07:00:00+00:00,29701.46,40263999.7627666
BTC,2022-05-25 08:00:00+00:00,29821.03,75340655.8643529
BTC,2022-05-25 09:00:00+00:00,29813.0,59860152.1867797
BTC,2022-05-25 10:00:00+00:00,29724.27,36816373.6371302
BTC,2022-05-25 11:00:00+00:00,29409.01,148018885.9843635
BTC,2022-05-25 12:00:00+00:00,29567.64,87332279.1136385
BTC,2022-05-25 13:00:00+00:00,29713.0,117122331.9838675
BTC,2022-05-25 14:00:00+00:00,29783.35,136270410.8656676
BTC,2022-05-25 15:00:00+00:00,29629.36,65086242.1290986
BTC,2022-05-25 16:00:00+00:00,29563.36,77172246.1714124
BTC,2022-05-25 17:00:00+00:00,29711.63,50986837.4298625
BTC,2022-05-25 18:00:00+00:00,29885.61,211002881.2930006
BTC,2022-05-25 19:00:00+00:00,29599.1,77209071.6652734
BTC,2022-05-25 20:00:00+00:00,29792.24,46071395.780206
BTC,2022-05-25 21:00:00+00:00,29824.98,23985252.4040463
BTC,2022-05-25 22:00:00+00:00,29785.55,29400225.2924404
BTC,2022-05-25 23:00:00+00:00,29542.15,49288429.2119863
BTC,2022-05-26 00:00:00+00:00,29786.79,50706520.8552254
BTC,2022-05-26 01:00:00+00:00,29677.27,32136255.5381954
BTC,2022-05-26 02:00:00+00:00,29809.55,32879759.1073043
BTC,2022-05-26 03:00:00+00:00,29837.16,39933072.4844599
BTC,2022-05-26 04:00:00+00:00,29772.13,29490042.1844051
BTC,2022-05-26 05:00:00+00:00,29720.54,43751232.6124669
BTC,2022-05-26 06:00:00+00:00,29681.29,82163135.407284
BTC,2022-05-26 07:00:00+00:00,29733.7,56377133.3709407
BTC,2022-05-26 08:00:00+00:00,29009.59,296243832.4867987
BTC,2022-05-26 09:00:00+00:00,29193.66,114621445.6522707
BTC,2022-05-26 10:00:00+00:00,29144.26,47269209.6951061
BTC,2022-05-26 11:00:00+00:00,28998.4,164209463.4599358
BTC,2022-05-26 12:00:00+00:00,28951.46,202970667.0928532
BTC,2022-05-26 13:00:00+00:00,28811.0,525631598.37293833
BTC,2022-05-26 14:00:00+00:00,29250.71,337286181.3201166
BTC,2022-05-26 15:00:00+00:00,29393.1,128092433.0381714
BTC,2022-05-26 16:00:00+00:00,29586.31,151917222.8533628
BTC,2022-05-26 17:00:00+00:00,29638.62,61071728.8872476
BTC,2022-05-26 18:00:00+00:00,29605.21,65481711.2578952
BTC,2022-05-26 19:00:00+00:00,29379.76,73158644.9679055
BTC,2022-05-26 20:00:00+00:00,29460.01,53608822.6263599
BTC,2022-05-26 21:00:00+00:00,29578.92,44010916.9721933
BTC,2022-05-26 22:00:00+00:00,29508.87,37481126.7180801
BTC,2022-05-26 23:00:00+00:00,29201.35,88563253.436235
BTC,2022-05-27 00:00:00+00:00,29074.51,107131934.1767274
BTC,2022-05-27 01:00:00+00:00,28959.82,122078024.1808446
BTC,2022-05-27 02:00:00+00:00,28988.95,97732203.2186226
BTC,2022-05-27 03:00:00+00:00,29020.01,55526126.1918756
BTC,2022-05-27 04:00:00+00:00,28927.29,84447913.2919064
BTC,2022-05-27 05:00:00+00:00,28799.99,209455562.1152743
BTC,2022-05-27 06:00:00+00:00,28974.53,228205898.4185652
BTC,2022-05-27 07:00:00+00:00,28992.99,103157435.2922042
BTC,2022-05-27 08:00:00+00:00,28940.95,106552830.3823466
BTC,2022-05-27 09:00:00+00:00,29033.24,70584791.9014775
BTC,2022-05-27 10:00:00+00:00,28834.75,70492373.6348652
BTC,2022-05-27 11:00:00+00:00,28912.96,69446461.8837919
BTC,2022-05-27 12:00:00+00:00,29259.9,130274542.6390724
BTC,2022-05-27 13:00:00+00:00,29324.71,125167597.0437913
BTC,2022-05-27 14:00:00+00:00,28787.42,117086481.7452869
BTC,2022-05-27 15:00:00+00:00,28850.45,127583980.075191
BTC,2022-05-27 16:00:00+00:00,28733.99,92526518.8922021
BTC,2022-05-27 17:00:00+00:00,28388.14,251555020.4538264
BTC,2022-05-27 18:00:00+00:00,28466.67,108924794.0327593
BTC,2022-05-27 19:00:00+00:00,28880.0,108530884.3840196
BTC,2022-05-27 20:00:00+00:00,28755.88,94871919.5896425
BTC,2022-05-27 21:00:00+00:00,28718.71,31227384.6974126
BTC,2022-05-27 22:00:00+00:00,28822.96,24913151.3407109
BTC,2022-05-27 23:00:00+00:00,28629.8,89042128.9210733
BTC,2022-05-28 00:00:00+00:00,28806.3,53863669.4034616
BTC,2022-05-28 01:00:00+00:00,28615.82,165184471.6507794
BTC,2022-05-28 02:00:00+00:00,28685.95,36936149.7628705
BTC,2022-05-28 03:00:00+00:00,28819.2,51382965.755843
BTC,2022-05-28 04:00:00+00:00,28833.13,39274777.2539774
BTC,2022-05-28 05:00:00+00:00,28876.96,52332694.8496672
BTC,2022-05-28 06:00:00+00:00,28865.21,36574024.0806559
BTC,2022-05-28 07:00:00+00:00,28885.72,28364971.5144642
BTC,2022-05-28 08:00:00+00:00,28838.49,41367006.8265673
BTC,2022-05-28 09:00:00+00:00,28804.82,26696732.0440716
BTC,2022-05-28 10:00:00+00:00,28804.9,25261927.187809
BTC,2022-05-28 11:00:00+00:00,28828.02,40821157.1755762
BTC,2022-05-28 12:00:00+00:00,28979.86,45112803.0512376
BTC,2022-05-28 13:00:00+00:00,29071.81,75949274.7718848
BTC,2022-05-28 14:00:00+00:00,28957.23,31869795.6250795
BTC,2022-05-28 15:00:00+00:00,28988.21,39816740.8596703
BTC,2022-05-28 16:00:00+00:00,28907.5,31420227.712016
BTC,2022-05-28 17:00:00+00:00,28886.61,64697585.0165693
BTC,2022-05-28 18:00:00+00:00,29001.74,17351921.8516419
BTC,2022-05-28 19:00:00+00:00,29019.82,19311155.2913593
BTC,2022-05-28 20:00:00+00:00,29026.27,15238834.2074113
BTC,2022-05-28 21:00:00+00:00,29017.47,13067018.6920876
BTC,2022-05-28 22:00:00+00:00,28992.65,11980737.5928444
BTC,2022-05-28 23:00:00+00:00,29031.33,30797615.3903778
BTC,2022-05-29 00:00:00+00:00,29005.47,22815015.1362836
BTC,2022-05-29 01:00:00+00:00,28925.85,27241164.1274835
BTC,2022-05-29 02:00:00+00:00,28904.13,35444026.0192927
BTC,2022-05-29 03:00:00+00:00,28984.32,20806485.7397802
BTC,2022-05-29 04:00:00+00:00,28941.09,13229951.389335
BTC,2022-05-29 05:00:00+00:00,29043.09,15715402.7363652
BTC,2022-05-29 06:00:00+00:00,29034.84,16729500.4697048
BTC,2022-05-29 07:00:00+00:00,29008.35,14459550.0539042
BTC,2022-05-29 08:00:00+00:00,29063.3,44249364.5459685
BTC,2022-05-29 09:00:00+00:00,28990.46,34996860.8548106
BTC,2022-05-29 10:00:00+00:00,29159.49,51506950.5725719
BTC,2022-05-29 11:00:00+00:00,29213.85,45457305.4533576
BTC,2022-05-29 12:00:00+00:00,29380.43,89668043.0690066
BTC,2022-05-29 13:00:00+00:00,29332.97,36379073.901183
BTC,2022-05-29 14:00:00+00:00,29298.95,30498696.7117543
BTC,2022-05-29 15:00:00+00:00,29215.98,43431615.3770385
BTC,2022-05-29 16:00:00+00:00,29285.25,28547517.8496445
BTC,2022-05-29 17:00:00+00:00,29222.97,23274680.6598921
BTC,2022-05-29 18:00:00+00:00,29165.95,19295512.1795363
BTC,2022-05-29 19:00:00+00:00,29126.41,32506031.3326169
BTC,2022-05-29 20:00:00+00:00,29182.95,23518124.6668463
BTC,2022-05-29 21:00:00+00:00,29235.64,15502376.1950372
BTC,2022-05-29 22:00:00+00:00,29426.81,90628483.1326027
BTC,2022-05-29 23:00:00+00:00,29468.1,28875800.4757443
BTC,2022-05-30 00:00:00+00:00,29322.46,34479966.3118818
BTC,2022-05-30 01:00:00+00:00,29770.01,97538262.5086019
BTC,2022-05-30 02:00:00+00:00,30216.71,216345784.67881113
BTC,2022-05-30 03:00:00+00:00,30353.07,97114875.8092196
BTC,2022-05-30 04:00:00+00:00,30332.84,80669462.982794
BTC,2022-05-30 05:00:00+00:00,30462.09,78192251.6319264
BTC,2022-05-30 06:00:00+00:00,30702.52,219388390.6932074
BTC,2022-05-30 07:00:00+00:00,30636.12,88206144.7327201
BTC,2022-05-30 08:00:00+00:00,30731.78,57155207.4028009
BTC,2022-05-30 09:00:00+00:00,30716.03,87235725.9616893
BTC,2022-05-30 10:00:00+00:00,30596.27,86585052.3042915
BTC,2022-05-30 11:00:00+00:00,30665.37,55740933.2454622
BTC,2022-05-30 12:00:00+00:00,30537.25,157715135.5134083
BTC,2022-05-30 13:00:00+00:00,30519.3,93339234.8403152
BTC,2022-05-30 14:00:00+00:00,30467.42,103285148.8579722
BTC,2022-05-30 15:00:00+00:00,30634.08,59107573.4458904
BTC,2022-05-30 16:00:00+00:00,30622.04,58467651.4369204
BTC,2022-05-30 17:00:00+00:00,30706.84,54923611.5527511
BTC,2022-05-30 18:00:00+00:00,30674.8,24446785.4628893
BTC,2022-05-30 19:00:00+00:00,30643.11,121360020.1062185
BTC,2022-05-30 20:00:00+00:00,31277.18,417310114.208278
BTC,2022-05-30 21:00:00+00:00,31807.98,401825036.6404128
BTC,2022-05-30 22:00:00+00:00,31768.45,198625632.74732608
BTC,2022-05-30 23:00:00+00:00,31734.22,91469579.3917068
BTC,2022-05-31 00:00:00+00:00,31573.73,100440191.9110481
BTC,2022-05-31 01:00:00+00:00,31558.69,53485614.8418495
BTC,2022-05-31 02:00:00+00:00,31695.53,43079615.7646992
BTC,2022-05-31 03:00:00+00:00,31772.82,142476099.106413
BTC,2022-05-31 04:00:00+00:00,31691.5,37499183.2274044
BTC,2022-05-31 05:00:00+00:00,31641.63,48377964.7404615
BTC,2022-05-31 06:00:00+00:00,31499.46,85797755.9385947
BTC,2022-05-31 07:00:00+00:00,31573.77,46750433.5118109
BTC,2022-05-31 08:00:00+00:00,31624.82,55397878.0362165
BTC,2022-05-31 09:00:00+00:00,31546.01,57808098.9090415
BTC,2022-05-31 10:00:00+00:00,31669.99,51710468.1827843
BTC,2022-05-31 11:00:00+00:00,31767.0,63339314.9890363
BTC,2022-05-31 12:00:00+00:00,31613.68,63692057.5869835
BTC,2022-05-31 13:00:00+00:00,31392.79,184462146.79639688
BTC,2022-05-31 14:00:00+00:00,31684.45,138799959.0173568
BTC,2022-05-31 15:00:00+00:00,32058.53,142139426.2479957
BTC,2022-05-31 16:00:00+00:00,32158.03,196718821.99369353
BTC,2022-05-31 17:00:00+00:00,32122.09,96282072.732129
BTC,2022-05-31 18:00:00+00:00,31682.91,115629223.4660485
BTC,2022-05-31 19:00:00+00:00,31625.71,101856619.6524769
BTC,2022-05-31 20:00:00+00:00,31813.65,40510836.8692632
BTC,2022-05-31 21:00:00+00:00,31720.01,30756116.0853857
BTC,2022-05-31 22:00:00+00:00,31869.28,45896680.3328343
BTC,2022-05-31 23:00:00+00:00,31801.04,38352537.0716227
BTC,2022-06-01 00:00:00+00:00,31936.54,71243083.2619462
BTC,2022-06-01 01:00:00+00:00,31926.12,40848512.8302251
BTC,2022-06-01 02:00:00+00:00,31806.72,52390431.9520247
BTC,2022-06-01 03:00:00+00:00,31627.3,61396872.7289914
BTC,2022-06-01 04:00:00+00:00,31566.6,79723190.8354308
BTC,2022-06-01 05:00:00+00:00,31622.28,40814438.8874009
BTC,2022-06-01 06:00:00+00:00,31584.62,33460008.5718579
BTC,2022-06-01 07:00:00+00:00,31482.43,53429013.1124807
BTC,2022-06-01 08:00:00+00:00,31624.91,63318819.0793945
BTC,2022-06-01 09:00:00+00:00,31695.99,37590630.1061954
BTC,2022-06-01 10:00:00+00:00,31553.0,44219204.1324351
BTC,2022-06-01 11:00:00+00:00,31609.16,75857072.448011
BTC,2022-06-01 12:00:00+00:00,31727.65,85507174.8647696
BTC,2022-06-01 13:00:00+00:00,31739.45,108978305.4644053
BTC,2022-06-01 14:00:00+00:00,31172.49,225478673.52596393
BTC,2022-06-01 15:00:00+00:00,30742.59,317321387.0813499
BTC,2022-06-01 16:00:00+00:00,30419.62,430938172.7547587
BTC,2022-06-01 17:00:00+00:00,30179.67,347157563.10449326
BTC,2022-06-01 18:00:00+00:00,30167.69,168192877.5550553
BTC,2022-06-01 19:00:00+00:00,30126.72,203121937.5564077
BTC,2022-06-01 20:00:00+00:00,29636.09,399241311.34063435
BTC,2022-06-01 21:00:00+00:00,29592.93,59786902.6090213
BTC,2022-06-01 22:00:00+00:00,29747.16,62015002.4167181
BTC,2022-06-01 23:00:00+00:00,29805.83,109160442.0297649
BTC,2022-06-02 00:00:00+00:00,29680.0,83973513.7108412
BTC,2022-06-02 01:00:00+00:00,29811.89,51913522.8054516
BTC,2022-06-02 02:00:00+00:00,29826.16,38550339.592826
BTC,2022-06-02 03:00:00+00:00,29730.12,50343791.5620364
BTC,2022-06-02 04:00:00+00:00,29817.24,36391839.8361209
BTC,2022-06-02 05:00:00+00:00,29875.72,46047492.1875795
BTC,2022-06-02 06:00:00+00:00,29915.24,36246366.3268334
BTC,2022-06-02 07:00:00+00:00,29968.26,84359130.4887373
BTC,2022-06-02 08:00:00+00:00,29938.48,45211743.6846185
BTC,2022-06-02 09:00:00+00:00,29934.5,43963225.4268484
BTC,2022-06-02 10:00:00+00:00,30034.37,64140811.3184197
BTC,2022-06-02 11:00:00+00:00,30173.67,67268318.5167821
BTC,2022-06-02 12:00:00+00:00,30089.29,56902180.2621224
BTC,2022-06-02 13:00:00+00:00,29895.28,245991355.9513861
BTC,2022-06-02 14:00:00+00:00,30052.08,157697767.9054273
BTC,2022-06-02 15:00:00+00:00,30212.73,126874509.9992997
BTC,2022-06-02 16:00:00+00:00,30294.44,81585365.0661217
BTC,2022-06-02 17:00:00+00:00,30193.95,65408169.7202657
BTC,2022-06-02 18:00:00+00:00,30138.75,59697536.8038649
BTC,2022-06-02 19:00:00+00:00,30293.01,52762227.6611578
BTC,2022-06-02 20:00:00+00:00,30243.74,39253843.5806058
BTC,2022-06-02 21:00:00+00:00,30367.37,20949012.469646
BTC,2022-06-02 22:00:00+00:00,30482.95,104590945.8223473
BTC,2022-06-02 23:00:00+00:00,30452.62,51529895.4925562
BTC,2022-06-03 00:00:00+00:00,30401.53,53435031.8457764
BTC,2022-06-03 01:00:00+00:00,30628.38,63122796.5322747
BTC,2022-06-03 02:00:00+00:00,30549.76,33809058.8687594
BTC,2022-06-03 03:00:00+00:00,30529.96,34045722.8149388
BTC,2022-06-03 04:00:00+00:00,30425.0,36554940.7114616
BTC,2022-06-03 05:00:00+00:00,30540.64,31817612.4320567
BTC,2022-06-03 06:00:00+00:00,30363.08,31550179.3827053
BTC,2022-06-03 07:00:00+00:00,30443.74,54939428.4016147
BTC,2022-06-03 08:00:00+00:00,30440.97,46820194.2996924
BTC,2022-06-03 09:00:00+00:00,30250.0,84717341.5546738
BTC,2022-06-03 10:00:00+00:00,29821.3,126481283.1914683
BTC,2022-06-03 11:00:00+00:00,29758.19,104938893.1290961
BTC,2022-06-03 12:00:00+00:00,29531.45,193380520.1635827
BTC,2022-06-03 13:00:00+00:00,29722.17,164772045.9363856
BTC,2022-06-03 14:00:00+00:00,29478.65,148452573.8849904
BTC,2022-06-03 15:00:00+00:00,29506.24,78892725.246672
BTC,2022-06-03 16:00:00+00:00,29544.18,53422072.8032734
BTC,2022-06-03 17:00:00+00:00,29507.86,68384321.0023992
BTC,2022-06-03 18:00:00+00:00,29549.97,37248867.2243978
BTC,2022-06-03 19:00:00+00:00,29572.52,40669470.5818968
BTC,2022-06-03 20:00:00+00:00,29662.43,32241118.964173
BTC,2022-06-03 21:00:00+00:00,29807.1,32404692.7946683
BTC,2022-06-03 22:00:00+00:00,29730.41,35996194.7337836
BTC,2022-06-03 23:00:00+00:00,29700.21,27519864.2136399
BTC,2022-06-04 00:00:00+00:00,29717.59,21394860.0470218
BTC,2022-06-04 01:00:00+00:00,29584.26,38350217.6711218
BTC,2022-06-04 02:00:00+00:00,29568.26,65315698.0480867
BTC,2022-06-04 03:00:00+00:00,29560.12,36282558.4943024
BTC,2022-06-04 04:00:00+00:00,29715.67,45912350.087234
BTC,2022-06-04 05:00:00+00:00,29682.1,12008814.2889594
BTC,2022-06-04 06:00:00+00:00,29694.9,18174634.0392565
BTC,2022-06-04 07:00:00+00:00,29700.96,14195002.2226373
BTC,2022-06-04 08:00:00+00:00,29750.03,24563013.6170839
BTC,2022-06-04 09:00:00+00:00,29724.96,26280045.3024266
BTC,2022-06-04 10:00:00+00:00,29729.9,24718324.7039523
BTC,2022-06-04 11:00:00+00:00,29681.69,26628773.106377
BTC,2022-06-04 12:00:00+00:00,29538.0,33585960.3169084
BTC,2022-06-04 13:00:00+00:00,29596.11,28438036.0039634
BTC,2022-06-04 14:00:00+00:00,29777.32,83102069.9854641
BTC,2022-06-04 15:00:00+00:00,29858.8,44512851.235765
BTC,2022-06-04 16:00:00+00:00,29751.41,33915169.9782852
BTC,2022-06-04 17:00:00+00:00,29712.52,30213719.2206831
BTC,2022-06-04 18:00:00+00:00,29768.67,22692765.5275627
BTC,2022-06-04 19:00:00+00:00,29655.41,22021738.0241955
BTC,2022-06-04 20:00:00+00:00,29749.77,18427306.6554092
BTC,2022-06-04 21:00:00+00:00,29846.33,18252237.4081016
BTC,2022-06-04 22:00:00+00:00,29808.01,49565483.8877896
BTC,2022-06-04 23:00:00+00:00,29864.04,22322699.5937281
BTC,2022-06-05 00:00:00+00:00,29740.64,23349817.1885175
BTC,2022-06-05 01:00:00+00:00,29691.74,25622114.4299311
BTC,2022-06-05 02:00:00+00:00,29793.99,17647917.2435051
BTC,2022-06-05 03:00:00+00:00,29766.95,14118223.4054568
BTC,2022-06-05 04:00:00+00:00,29722.9,19218658.4359646
BTC,2022-06-05 05:00:00+00:00,29793.95,13101501.5676122
BTC,2022-06-05 06:00:00+00:00,29729.71,11194929.3936089
BTC,2022-06-05 07:00:00+00:00,29645.67,19835294.8463824
BTC,2022-06-05 08:00:00+00:00,29691.81,18298868.4405539
BTC,2022-06-05 09:00:00+00:00,29639.46,34348543.8185606
BTC,2022-06-05 10:00:00+00:00,29641.65,14640400.3647595
BTC,2022-06-05 11:00:00+00:00,29718.69,21312662.6239311
BTC,2022-06-05 12:00:00+00:00,29717.99,16792491.1193972
BTC,2022-06-05 13:00:00+00:00,29656.46,15114013.981149
BTC,2022-06-05 14:00:00+00:00,29791.71,30824307.6480624
BTC,2022-06-05 15:00:00+00:00,29972.22,46941791.0590876
BTC,2022-06-05 16:00:00+00:00,29866.94,94820840.0307221
BTC,2022-06-05 17:00:00+00:00,30021.99,55750160.8740557
BTC,2022-06-05 18:00:00+00:00,29996.31,27173197.6227617
BTC,2022-06-05 19:00:00+00:00,30049.86,22345834.2394012
BTC,2022-06-05 20:00:00+00:00,29945.84,23850614.5555297
BTC,2022-06-05 21:00:00+00:00,29965.23,30085027.7639696
BTC,2022-06-05 22:00:00+00:00,30022.67,58383182.7266334
BTC,2022-06-05 23:00:00+00:00,29919.21,36431134.7804725
BTC,2022-06-06 00:00:00+00:00,30301.7,75090913.9295867
BTC,2022-06-06 01:00:00+00:00,30844.07,164623939.1999659
BTC,2022-06-06 02:00:00+00:00,30926.11,129386593.0720955
BTC,2022-06-06 03:00:00+00:00,31251.0,191481436.7783063
BTC,2022-06-06 04:00:00+00:00,31222.91,74257030.5292557
BTC,2022-06-06 05:00:00+00:00,31169.05,60461416.958667
BTC,2022-06-06 06:00:00+00:00,31274.23,81942055.4979807
BTC,2022-06-06 07:00:00+00:00,31292.77,70089317.2600765
BTC,2022-06-06 08:00:00+00:00,31469.28,84648580.0735844
BTC,2022-06-06 09:00:00+00:00,31475.14,70175902.5818117
BTC,2022-06-06 10:00:00+00:00,31483.19,51991047.9344911
BTC,2022-06-06 11:00:00+00:00,31396.71,83314577.8838817
BTC,2022-06-06 12:00:00+00:00,31408.96,60742131.0129402
BTC,2022-06-06 13:00:00+00:00,31442.96,135438332.1226377
BTC,2022-06-06 14:00:00+00:00,31506.69,155526015.2666827
BTC,2022-06-06 15:00:00+00:00,31541.42,172488238.47054
BTC,2022-06-06 16:00:00+00:00,31310.95,105149496.753507
BTC,2022-06-06 17:00:00+00:00,31346.12,103967591.0442257
BTC,2022-06-06 18:00:00+00:00,31349.5,63274484.7152794
BTC,2022-06-06 19:00:00+00:00,31470.72,55359139.1838701
BTC,2022-06-06 20:00:00+00:00,31462.49,57033938.2606168
BTC,2022-06-06 21:00:00+00:00,31488.86,40979227.7482561
BTC,2022-06-06 22:00:00+00:00,31395.55,30340021.9378719
BTC,2022-06-06 23:00:00+00:00,31373.1,31738468.7188068
BTC,2022-06-07 00:00:00+00:00,30197.77,311827356.911736
BTC,2022-06-07 01:00:00+00:00,29568.47,341234223.9273497
BTC,2022-06-07 02:00:00+00:00,29402.08,186809472.5765747
BTC,2022-06-07 03:00:00+00:00,29563.62,180904058.92618752
BTC,2022-06-07 04:00:00+00:00,29522.42,97120717.0646919
BTC,2022-06-07 05:00:00+00:00,29478.41,114414747.2220196
BTC,2022-06-07 06:00:00+00:00,29521.24,43942439.811343
BTC,2022-06-07 07:00:00+00:00,29585.12,48106128.548872
BTC,2022-06-07 08:00:00+00:00,29652.76,63095570.6660911
BTC,2022-06-07 09:00:00+00:00,29561.54,41098820.231318
BTC,2022-06-07 10:00:00+00:00,29597.79,33826935.8224012
BTC,2022-06-07 11:00:00+00:00,29521.5,88810884.3231341
BTC,2022-06-07 12:00:00+00:00,29504.21,77796515.0258802
BTC,2022-06-07 13:00:00+00:00,29564.48,96832486.4399987
BTC,2022-06-07 14:00:00+00:00,29908.73,173179091.1532041
BTC,2022-06-07 15:00:00+00:00,29891.17,100351072.2865584
BTC,2022-06-07 16:00:00+00:00,29918.31,52041523.4808788
BTC,2022-06-07 17:00:00+00:00,29943.75,36826666.360615
BTC,2022-06-07 18:00:00+00:00,30193.41,76329530.8609527
BTC,2022-06-07 19:00:00+00:00,31059.71,284077030.9534738
BTC,2022-06-07 20:00:00+00:00,31350.33,267394103.8471358
BTC,2022-06-07 21:00:00+00:00,31401.21,112231235.9561255
BTC,2022-06-07 22:00:00+00:00,31259.96,319999145.8183604
BTC,2022-06-07 23:00:00+00:00,31125.33,199148194.515688
BTC,2022-06-08 00:00:00+00:00,31079.67,104714839.0419755
BTC,2022-06-08 01:00:00+00:00,31118.19,125208829.3858016
BTC,2022-06-08 02:00:00+00:00,30973.14,56103327.703053
BTC,2022-06-08 03:00:00+00:00,30026.72,316227652.1942265
BTC,2022-06-08 04:00:00+00:00,30248.45,187805151.21183607
BTC,2022-06-08 05:00:00+00:00,30548.89,81627478.4982441
BTC,2022-06-08 06:00:00+00:00,30534.75,73073260.8095773
BTC,2022-06-08 07:00:00+00:00,30561.77,61066364.2445719
BTC,2022-06-08 08:00:00+00:00,30505.23,55364360.5179964
BTC,2022-06-08 09:00:00+00:00,30530.6,52094882.1076191
BTC,2022-06-08 10:00:00+00:00,30382.78,36652463.7512693
BTC,2022-06-08 11:00:00+00:00,30410.85,48691867.2194027
BTC,2022-06-08 12:00:00+00:00,30137.78,79508534.6716279
BTC,2022-06-08 13:00:00+00:00,30766.49,201113069.2098956
BTC,2022-06-08 14:00:00+00:00,30425.75,126692877.8944693
BTC,2022-06-08 15:00:00+00:00,30476.77,66648160.5587527
BTC,2022-06-08 16:00:00+00:00,30331.51,70095974.7770048
BTC,2022-06-08 17:00:00+00:00,30382.62,43105800.3015794
BTC,2022-06-08 18:00:00+00:00,30234.87,111117873.4837243
BTC,2022-06-08 19:00:00+00:00,30140.14,59641494.7501484
BTC,2022-06-08 20:00:00+00:00,30202.53,30139400.3308359
BTC,2022-06-08 21:00:00+00:00,30424.25,34428633.9552236
BTC,2022-06-08 22:00:00+00:00,30310.55,32199756.938503
BTC,2022-06-08 23:00:00+00:00,30204.77,33948374.7897008
BTC,2022-06-09 00:00:00+00:00,30223.76,53011588.186914
BTC,2022-06-09 01:00:00+00:00,30090.5,36722750.4112785
BTC,2022-06-09 02:00:00+00:00,30203.15,27006793.7591219
BTC,2022-06-09 03:00:00+00:00,30293.49,22427611.4426522
BTC,2022-06-09 04:00:00+00:00,30267.46,20946663.1431411
BTC,2022-06-09 05:00:00+00:00,30315.29,54842007.2867424
BTC,2022-06-09 06:00:00+00:00,30334.47,29613119.0526588
BTC,2022-06-09 07:00:00+00:00,30487.54,49541608.9012949
BTC,2022-06-09 08:00:00+00:00,30510.57,66095593.3444463
BTC,2022-06-09 09:00:00+00:00,30549.46,68599717.0443204
BTC,2022-06-09 10:00:00+00:00,30433.81,46703636.5458578
BTC,2022-06-09 11:00:00+00:00,30299.47,60305917.9098475
BTC,2022-06-09 12:00:00+00:00,30112.88,185064679.8866474
BTC,2022-06-09 13:00:00+00:00,30167.3,118429560.7797644
BTC,2022-06-09 14:00:00+00:00,30116.57,91182659.5361913
BTC,2022-06-09 15:00:00+00:00,30302.24,71300337.6082513
BTC,2022-06-09 16:00:00+00:00,30351.93,69460086.1949847
BTC,2022-06-09 17:00:00+00:00,30323.53,65126294.3618314
BTC,2022-06-09 18:00:00+00:00,30148.23,52413999.1090156
BTC,2022-06-09 19:00:00+00:00,30017.12,54516819.65484
BTC,2022-06-09 20:00:00+00:00,30185.93,51255903.283915
BTC,2022-06-09 21:00:00+00:00,30139.31,23718146.7057717
BTC,2022-06-09 22:00:00+00:00,30067.61,37400902.1462295
BTC,2022-06-09 23:00:00+00:00,30109.93,44152677.4787899
BTC,2022-06-10 00:00:00+00:00,29755.12,218294194.8515972
BTC,2022-06-10 01:00:00+00:00,29885.72,61521890.8382794
BTC,2022-06-10 02:00:00+00:00,30024.0,31596418.3585882
BTC,2022-06-10 03:00:00+00:00,30114.38,153374059.1468808
BTC,2022-06-10 04:00:00+00:00,30093.0,31145444.9707597
BTC,2022-06-10 05:00:00+00:00,30104.12,25039040.3293112
BTC,2022-06-10 06:00:00+00:00,30095.48,55211789.2049144
BTC,2022-06-10 07:00:00+00:00,30052.43,36669421.6714309
BTC,2022-06-10 08:00:00+00:00,30020.81,74093562.4591726
BTC,2022-06-10 09:00:00+00:00,29897.09,130498818.5309849
BTC,2022-06-10 10:00:00+00:00,30000.65,44169379.3343352
BTC,2022-06-10 11:00:00+00:00,30020.56,29185902.6872044
BTC,2022-06-10 12:00:00+00:00,29642.6,274003240.23270446
BTC,2022-06-10 13:00:00+00:00,29396.04,234483642.9177709
BTC,2022-06-10 14:00:00+00:00,29565.01,150198057.9988249
BTC,2022-06-10 15:00:00+00:00,29454.53,88546992.3085928
BTC,2022-06-10 16:00:00+00:00,29045.46,233068178.89675328
BTC,2022-06-10 17:00:00+00:00,29115.01,90559763.6588589
BTC,2022-06-10 18:00:00+00:00,29056.8,54103443.4472624
BTC,2022-06-10 19:00:00+00:00,28980.02,71273969.5186749
BTC,2022-06-10 20:00:00+00:00,29204.02,54433931.1835405
BTC,2022-06-10 21:00:00+00:00,29200.01,24935165.5433096
BTC,2022-06-10 22:00:00+00:00,29178.15,43090369.0349487
BTC,2022-06-10 23:00:00+00:00,29091.88,46369617.3701864
BTC,2022-06-11 00:00:00+00:00,29233.79,44118141.6681834
BTC,2022-06-11 01:00:00+00:00,29209.05,29173177.096652
BTC,2022-06-11 02:00:00+00:00,29269.68,26940674.8754527
BTC,2022-06-11 03:00:00+00:00,29272.43,26460493.3760819
BTC,2022-06-11 04:00:00+00:00,29383.2,23779665.7126109
BTC,2022-06-11 05:00:00+00:00,29283.45,36106888.5286905
BTC,2022-06-11 06:00:00+00:00,29314.5,23345493.6953424
BTC,2022-06-11 07:00:00+00:00,29326.83,25819722.5703048
BTC,2022-06-11 08:00:00+00:00,28994.03,82964299.2565321
BTC,2022-06-11 09:00:00+00:00,29073.02,181641440.6045012
BTC,2022-06-11 10:00:00+00:00,28922.01,55788457.3798837
BTC,2022-06-11 11:00:00+00:00,28734.01,158846023.4400042
BTC,2022-06-11 12:00:00+00:00,28479.61,132530784.2330532
BTC,2022-06-11 13:00:00+00:00,28780.11,172746934.6238468
BTC,2022-06-11 14:00:00+00:00,28429.65,107037572.1510179
BTC,2022-06-11 15:00:00+00:00,28405.54,177851991.635407
BTC,2022-06-11 16:00:00+00:00,28470.8,183126096.5766848
BTC,2022-06-11 17:00:00+00:00,28499.25,71050472.8199052
BTC,2022-06-11 18:00:00+00:00,28611.35,76245602.2925382
BTC,2022-06-11 19:00:00+00:00,28595.28,35637204.2915006
BTC,2022-06-11 20:00:00+00:00,28408.17,52882647.6906049
BTC,2022-06-11 21:00:00+00:00,28561.05,29852575.582235
BTC,2022-06-11 22:00:00+00:00,28635.76,48137229.7375776
BTC,2022-06-11 23:00:00+00:00,28424.7,89923598.2369891
BTC,2022-06-12 00:00:00+00:00,28506.53,43795948.6729212
BTC,2022-06-12 01:00:00+00:00,28244.71,65808875.9839704
BTC,2022-06-12 02:00:00+00:00,27427.48,367427191.7927188
BTC,2022-06-12 03:00:00+00:00,27553.23,115961333.7951967
BTC,2022-06-12 04:00:00+00:00,27436.64,60103495.1557194
BTC,2022-06-12 05:00:00+00:00,27270.79,127476747.0996523
BTC,2022-06-12 06:00:00+00:00,27485.79,83824946.1637936
BTC,2022-06-12 07:00:00+00:00,27645.89,53508127.8844673
BTC,2022-06-12 08:00:00+00:00,27568.21,64902781.69292
BTC,2022-06-12 09:00:00+00:00,27469.84,49874282.9479001
BTC,2022-06-12 10:00:00+00:00,27444.46,66936597.2683984
BTC,2022-06-12 11:00:00+00:00,27457.39,57468612.9673569
BTC,2022-06-12 12:00:00+00:00,27436.71,36604227.6047696
BTC,2022-06-12 13:00:00+00:00,27313.36,73517815.6315018
BTC,2022-06-12 14:00:00+00:00,27815.0,282714681.3254128
BTC,2022-06-12 15:00:00+00:00,28094.42,233510032.0494636
BTC,2022-06-12 16:00:00+00:00,27932.6,86593154.4134132
BTC,2022-06-12 17:00:00+00:00,28124.01,79165120.8505838
BTC,2022-06-12 18:00:00+00:00,27908.06,58347634.4780001
BTC,2022-06-12 19:00:00+00:00,27424.71,100676619.5904219
BTC,2022-06-12 20:00:00+00:00,27377.0,59702024.1216454
BTC,2022-06-12 21:00:00+00:00,27369.34,35675784.6765196
BTC,2022-06-12 22:00:00+00:00,26995.44,179270068.1927535
BTC,2022-06-12 23:00:00+00:00,26574.53,168901031.97008485
BTC,2022-06-13 00:00:00+00:00,26307.16,316014703.15009975
BTC,2022-06-13 01:00:00+00:00,25771.59,365177551.36296254
BTC,2022-06-13 02:00:00+00:00,25341.4,278320034.3940497
BTC,2022-06-13 03:00:00+00:00,25520.05,421148626.84932417
BTC,2022-06-13 04:00:00+00:00,25389.99,262184527.50285488
BTC,2022-06-13 05:00:00+00:00,25234.44,176896029.4858911
BTC,2022-06-13 06:00:00+00:00,25358.14,211787140.418485
BTC,2022-06-13 07:00:00+00:00,24811.59,322000724.2178109
BTC,2022-06-13 08:00:00+00:00,24182.6,375814541.3464388
BTC,2022-06-13 09:00:00+00:00,24052.83,454793248.1532642
BTC,2022-06-13 10:00:00+00:00,23990.63,250956396.9083754
BTC,2022-06-13 11:00:00+00:00,23729.43,244520785.36077985
BTC,2022-06-13 12:00:00+00:00,23683.31,219534285.9701126
BTC,2022-06-13 13:00:00+00:00,23651.94,372986838.2251825
BTC,2022-06-13 14:00:00+00:00,22804.62,442484610.37163526
BTC,2022-06-13 15:00:00+00:00,23271.54,307083458.4417182
BTC,2022-06-13 16:00:00+00:00,23733.48,282062463.160317
BTC,2022-06-13 17:00:00+00:00,23538.33,135403841.0590778
BTC,2022-06-13 18:00:00+00:00,23375.01,93225841.8877792
BTC,2022-06-13 19:00:00+00:00,23218.22,102428305.8785838
BTC,2022-06-13 20:00:00+00:00,23245.83,83259262.2016638
BTC,2022-06-13 21:00:00+00:00,23061.45,70982597.4698943
BTC,2022-06-13 22:00:00+00:00,22587.9,98330654.2653338
BTC,2022-06-13 23:00:00+00:00,22487.41,304849569.32323873
BTC,2022-06-14 00:00:00+00:00,21759.51,260347628.04209855
BTC,2022-06-14 01:00:00+00:00,20855.0,481585173.1948124
BTC,2022-06-14 02:00:00+00:00,21548.74,398828144.3442128
BTC,2022-06-14 03:00:00+00:00,22127.91,244951184.0629046
BTC,2022-06-14 04:00:00+00:00,21977.83,225986007.1956904
BTC,2022-06-14 05:00:00+00:00,22747.24,355009576.1566508
BTC,2022-06-14 06:00:00+00:00,22633.82,202406976.70124593
BTC,2022-06-14 07:00:00+00:00,22877.52,204734546.99395472
BTC,2022-06-14 08:00:00+00:00,22609.91,131471529.3001375
BTC,2022-06-14 09:00:00+00:00,22298.92,107121977.5648733
BTC,2022-06-14 10:00:00+00:00,22381.28,102780652.3020347
BTC,2022-06-14 11:00:00+00:00,21994.56,162402324.8705068
BTC,2022-06-14 12:00:00+00:00,22150.85,150093181.7282912
BTC,2022-06-14 13:00:00+00:00,22411.33,183483769.498271
BTC,2022-06-14 14:00:00+00:00,22513.72,164257360.7761402
BTC,2022-06-14 15:00:00+00:00,22680.38,152950947.0656235
BTC,2022-06-14 16:00:00+00:00,22484.69,76485048.4569327
BTC,2022-06-14 17:00:00+00:00,22361.56,67959208.9279685
BTC,2022-06-14 18:00:00+00:00,22297.16,60783255.5360731
BTC,2022-06-14 19:00:00+00:00,22196.28,52136586.8993826
BTC,2022-06-14 20:00:00+00:00,21989.87,68374816.3581987
BTC,2022-06-14 21:00:00+00:00,21484.73,88323044.7865968
BTC,2022-06-14 22:00:00+00:00,21598.93,66230198.1990316
BTC,2022-06-14 23:00:00+00:00,22136.41,127405560.0637953
BTC,2022-06-15 00:00:00+00:00,21808.32,86148060.0374596
BTC,2022-06-15 01:00:00+00:00,22163.99,93151523.6580658
BTC,2022-06-15 02:00:00+00:00,21985.86,60603073.3264633
BTC,2022-06-15 03:00:00+00:00,21455.8,100631031.0538208
BTC,2022-06-15 04:00:00+00:00,21148.79,244019015.8994314
BTC,2022-06-15 05:00:00+00:00,21226.31,184481213.77129075
BTC,2022-06-15 06:00:00+00:00,21336.0,136236727.1993795
BTC,2022-06-15 07:00:00+00:00,20722.92,213979978.52857587
BTC,2022-06-15 08:00:00+00:00,20265.06,376781025.61215264
BTC,2022-06-15 09:00:00+00:00,20238.04,216915141.91631153
BTC,2022-06-15 10:00:00+00:00,20573.58,280468570.699775
BTC,2022-06-15 11:00:00+00:00,21177.03,216618588.99071673
BTC,2022-06-15 12:00:00+00:00,21197.61,177447749.8546575
BTC,2022-06-15 13:00:00+00:00,21561.5,167967996.4474473
BTC,2022-06-15 14:00:00+00:00,21215.09,129847654.7221492
BTC,2022-06-15 15:00:00+00:00,21419.1,82390491.2322044
BTC,2022-06-15 16:00:00+00:00,20723.0,139769314.8651389
BTC,2022-06-15 17:00:00+00:00,21117.26,179386199.5080812
BTC,2022-06-15 18:00:00+00:00,21540.07,556803800.1606013
BTC,2022-06-15 19:00:00+00:00,21632.04,188140699.5396307
BTC,2022-06-15 20:00:00+00:00,21681.79,82772726.6175203
BTC,2022-06-15 21:00:00+00:00,22214.02,85345510.4183548
BTC,2022-06-15 22:00:00+00:00,22474.41,181897809.8235888
BTC,2022-06-15 23:00:00+00:00,22583.72,67472577.3738799
BTC,2022-06-16 00:00:00+00:00,22680.0,103005438.8793237
BTC,2022-06-16 01:00:00+00:00,22368.42,110037324.4943892
BTC,2022-06-16 02:00:00+00:00,22454.07,68853564.8375812
BTC,2022-06-16 03:00:00+00:00,22211.62,65484059.4292433
BTC,2022-06-16 04:00:00+00:00,22093.97,60970357.7911258
BTC,2022-06-16 05:00:00+00:00,21941.97,52301723.0585639
BTC,2022-06-16 06:00:00+00:00,21797.51,61726425.3163487
BTC,2022-06-16 07:00:00+00:00,21764.17,83835027.3423374
BTC,2022-06-16 08:00:00+00:00,21786.97,66785503.1974217
BTC,2022-06-16 09:00:00+00:00,21273.85,142591814.3305526
BTC,2022-06-16 10:00:00+00:00,21243.04,145222007.1777681
BTC,2022-06-16 11:00:00+00:00,21044.55,91140686.8207591
BTC,2022-06-16 12:00:00+00:00,21144.79,110240961.5131962
BTC,2022-06-16 13:00:00+00:00,21022.04,115024634.1410291
BTC,2022-06-16 14:00:00+00:00,20924.33,120325921.0867301
BTC,2022-06-16 15:00:00+00:00,21074.77,81381736.4054935
BTC,2022-06-16 16:00:00+00:00,21186.1,105313602.9717801
BTC,2022-06-16 17:00:00+00:00,21068.65,81199977.1025184
BTC,2022-06-16 18:00:00+00:00,21029.37,61906503.8116068
BTC,2022-06-16 19:00:00+00:00,20875.48,63517476.4559487
BTC,2022-06-16 20:00:00+00:00,20712.58,83586077.2746669
BTC,2022-06-16 21:00:00+00:00,20685.5,42322610.1210143
BTC,2022-06-16 22:00:00+00:00,20364.99,94919327.1510127
BTC,2022-06-16 23:00:00+00:00,20401.31,118344399.3521993
BTC,2022-06-17 00:00:00+00:00,20363.63,96426152.1865451
BTC,2022-06-17 01:00:00+00:00,20880.8,125930736.9395691
BTC,2022-06-17 02:00:00+00:00,20580.3,81666459.0390584
BTC,2022-06-17 03:00:00+00:00,20383.38,54690703.6911885
BTC,2022-06-17 04:00:00+00:00,20536.92,54004697.6668855
BTC,2022-06-17 05:00:00+00:00,20807.76,69149493.6245512
BTC,2022-06-17 06:00:00+00:00,20898.02,84606885.1628095
BTC,2022-06-17 07:00:00+00:00,21100.64,119169102.4082254
BTC,2022-06-17 08:00:00+00:00,21069.39,82708678.2864621
BTC,2022-06-17 09:00:00+00:00,20972.66,68324382.8966955
BTC,2022-06-17 10:00:00+00:00,21119.5,64770601.3582665
BTC,2022-06-17 11:00:00+00:00,20972.04,63150843.3251111
BTC,2022-06-17 12:00:00+00:00,20654.49,92061544.4012435
BTC,2022-06-17 13:00:00+00:00,20801.35,109215831.7044242
BTC,2022-06-17 14:00:00+00:00,20550.71,123795763.3575169
BTC,2022-06-17 15:00:00+00:00,20663.7,77742047.5833855
BTC,2022-06-17 16:00:00+00:00,20571.21,75447383.2359096
BTC,2022-06-17 17:00:00+00:00,20592.6,62316474.3096185
BTC,2022-06-17 18:00:00+00:00,20517.62,49122376.1758654
BTC,2022-06-17 19:00:00+00:00,20515.59,46941726.3999887
BTC,2022-06-17 20:00:00+00:00,20652.65,61683093.4166924
BTC,2022-06-17 21:00:00+00:00,20554.16,34090679.1092177
BTC,2022-06-17 22:00:00+00:00,20451.19,67788519.1372459
BTC,2022-06-17 23:00:00+00:00,20468.81,31771217.1342444
BTC,2022-06-18 00:00:00+00:00,20569.14,74255337.437784
BTC,2022-06-18 01:00:00+00:00,20390.01,58802464.1849348
BTC,2022-06-18 02:00:00+00:00,20475.28,81167592.8022496
BTC,2022-06-18 03:00:00+00:00,20459.65,53043672.9913033
BTC,2022-06-18 04:00:00+00:00,20493.37,34618331.1239762
BTC,2022-06-18 05:00:00+00:00,20424.05,32116859.1201191
BTC,2022-06-18 06:00:00+00:00,19439.26,326267909.97132826
BTC,2022-06-18 07:00:00+00:00,19258.58,310459628.18669873
BTC,2022-06-18 08:00:00+00:00,19008.88,339886915.49558353
BTC,2022-06-18 09:00:00+00:00,19173.92,123507833.2844114
BTC,2022-06-18 10:00:00+00:00,19395.33,149091779.6720854
BTC,2022-06-18 11:00:00+00:00,19243.98,90869296.1238145
BTC,2022-06-18 12:00:00+00:00,19155.45,84877421.8174169
BTC,2022-06-18 13:00:00+00:00,19200.11,74593526.3597884
BTC,2022-06-18 14:00:00+00:00,19077.58,58294740.3366556
BTC,2022-06-18 15:00:00+00:00,18953.76,90575914.712974
BTC,2022-06-18 16:00:00+00:00,18875.25,104637457.3647654
BTC,2022-06-18 17:00:00+00:00,18621.13,244687262.63128856
BTC,2022-06-18 18:00:00+00:00,18215.78,271503573.95144385
BTC,2022-06-18 19:00:00+00:00,18067.6,167514797.4759397
BTC,2022-06-18 20:00:00+00:00,17809.0,417123760.17297745
BTC,2022-06-18 21:00:00+00:00,18517.72,254074545.7770343
BTC,2022-06-18 22:00:00+00:00,19186.93,196562058.34200191
BTC,2022-06-18 23:00:00+00:00,18970.79,88107142.359576
BTC,2022-06-19 00:00:00+00:00,18972.29,99338299.4295633
BTC,2022-06-19 01:00:00+00:00,18480.1,101448699.8640492
BTC,2022-06-19 02:00:00+00:00,18380.1,86436173.8724476
BTC,2022-06-19 03:00:00+00:00,18311.09,78243721.7827569
BTC,2022-06-19 04:00:00+00:00,18504.96,48058430.3661369
BTC,2022-06-19 05:00:00+00:00,18126.08,111266138.5386295
BTC,2022-06-19 06:00:00+00:00,18256.55,78912809.5620016
BTC,2022-06-19 07:00:00+00:00,18306.93,66842026.5268146
BTC,2022-06-19 08:00:00+00:00,18671.79,79367032.3723967
BTC,2022-06-19 09:00:00+00:00,19006.11,154880076.1365263
BTC,2022-06-19 10:00:00+00:00,19907.41,313303921.48680806
BTC,2022-06-19 11:00:00+00:00,19692.5,111218190.4833791
BTC,2022-06-19 12:00:00+00:00,19344.27,146723845.5996425
BTC,2022-06-19 13:00:00+00:00,19185.87,72517011.9004703
BTC,2022-06-19 14:00:00+00:00,19472.24,59035778.6873252
BTC,2022-06-19 15:00:00+00:00,19824.97,132779228.2797331
BTC,2022-06-19 16:00:00+00:00,19520.84,74476182.01379
BTC,2022-06-19 17:00:00+00:00,19445.99,39094024.5972844
BTC,2022-06-19 18:00:00+00:00,20254.52,92620022.0960834
BTC,2022-06-19 19:00:00+00:00,20124.08,159081061.3387293
BTC,2022-06-19 20:00:00+00:00,20639.48,158269454.3349128
BTC,2022-06-19 21:00:00+00:00,20395.64,62162435.5659191
BTC,2022-06-19 22:00:00+00:00,20695.22,108828908.6954504
BTC,2022-06-19 23:00:00+00:00,20574.0,52658308.0051366
BTC,2022-06-20 00:00:00+00:00,20060.39,135603667.4834206
BTC,2022-06-20 01:00:00+00:00,19795.52,127112387.1967214
BTC,2022-06-20 02:00:00+00:00,19946.18,90257898.8516865
BTC,2022-06-20 03:00:00+00:00,19980.49,69303909.6503523
BTC,2022-06-20 04:00:00+00:00,19857.89,52425539.0315611
BTC,2022-06-20 05:00:00+00:00,20107.81,61543061.0101776
BTC,2022-06-20 06:00:00+00:00,20140.04,64258924.4890668
BTC,2022-06-20 07:00:00+00:00,20086.63,58284145.3881919
BTC,2022-06-20 08:00:00+00:00,20568.22,160086006.2841443
BTC,2022-06-20 09:00:00+00:00,20652.36,167460166.4524327
BTC,2022-06-20 10:00:00+00:00,20884.11,139152469.9977769
BTC,2022-06-20 11:00:00+00:00,20801.79,87600231.7306328
BTC,2022-06-20 12:00:00+00:00,20555.68,108471902.0443512
BTC,2022-06-20 13:00:00+00:00,20525.56,112623270.7364439
BTC,2022-06-20 14:00:00+00:00,20845.95,87884205.022737
BTC,2022-06-20 15:00:00+00:00,20824.74,115179450.719083
BTC,2022-06-20 16:00:00+00:00,20280.93,88521984.6635688
BTC,2022-06-20 17:00:00+00:00,19977.6,96033687.5469783
BTC,2022-06-20 18:00:00+00:00,20046.43,79605446.2073445
BTC,2022-06-20 19:00:00+00:00,20072.81,70321839.5822698
BTC,2022-06-20 20:00:00+00:00,20455.54,67667109.7893666
BTC,2022-06-20 21:00:00+00:00,20418.45,54842944.903344
BTC,2022-06-20 22:00:00+00:00,20489.62,62431971.0147952
BTC,2022-06-20 23:00:00+00:00,20573.89,63724161.9462052
BTC,2022-06-21 00:00:00+00:00,20672.3,87092947.522482
BTC,2022-06-21 01:00:00+00:00,20670.88,80373571.6232176
BTC,2022-06-21 02:00:00+00:00,20433.49,58939729.4479113
BTC,2022-06-21 03:00:00+00:00,20614.04,67778223.8532385
BTC,2022-06-21 04:00:00+00:00,20656.17,60231935.5889818
BTC,2022-06-21 05:00:00+00:00,20890.77,135856644.258654
BTC,2022-06-21 06:00:00+00:00,21192.08,128973394.216225
BTC,2022-06-21 07:00:00+00:00,21120.28,114786056.1174603
BTC,2022-06-21 08:00:00+00:00,21356.32,132884479.0434496
BTC,2022-06-21 09:00:00+00:00,21200.0,105563808.4069419
BTC,2022-06-21 10:00:00+00:00,21299.27,84415808.052117
BTC,2022-06-21 11:00:00+00:00,20962.42,98932274.9175644
BTC,2022-06-21 12:00:00+00:00,21106.2,117576441.9038387
BTC,2022-06-21 13:00:00+00:00,21619.31,185282605.19476968
BTC,2022-06-21 14:00:00+00:00,21590.79,135782755.8299895
BTC,2022-06-21 15:00:00+00:00,21392.19,81804461.8846227
BTC,2022-06-21 16:00:00+00:00,21401.52,51939290.7953574
BTC,2022-06-21 17:00:00+00:00,21242.94,80026673.0835438
BTC,2022-06-21 18:00:00+00:00,21100.01,59719069.7166957
BTC,2022-06-21 19:00:00+00:00,20888.64,84643694.1607638
BTC,2022-06-21 20:00:00+00:00,20859.86,92574268.7367461
BTC,2022-06-21 21:00:00+00:00,20972.91,37936753.2484812
BTC,2022-06-21 22:00:00+00:00,20897.0,61353718.1914311
BTC,2022-06-21 23:00:00+00:00,20723.52,54127531.5488008
BTC,2022-06-22 00:00:00+00:00,20587.01,86389023.9241093
BTC,2022-06-22 01:00:00+00:00,20411.24,67323648.596234
BTC,2022-06-22 02:00:00+00:00,20466.47,73327633.297183
BTC,2022-06-22 03:00:00+00:00,20317.88,59699468.557094
BTC,2022-06-22 04:00:00+00:00,20435.08,48416827.9452309
BTC,2022-06-22 05:00:00+00:00,20368.76,56143887.0694572
BTC,2022-06-22 06:00:00+00:00,20112.97,108856771.5284721
BTC,2022-06-22 07:00:00+00:00,20099.62,72705397.7154726
BTC,2022-06-22 08:00:00+00:00,20235.07,45087904.4748074
BTC,2022-06-22 09:00:00+00:00,20428.56,82146325.2943233
BTC,2022-06-22 10:00:00+00:00,20419.23,59201420.6109553
BTC,2022-06-22 11:00:00+00:00,20506.3,62592560.743683
BTC,2022-06-22 12:00:00+00:00,20365.5,83496987.3059306
BTC,2022-06-22 13:00:00+00:00,20723.95,132451785.7117503
BTC,2022-06-22 14:00:00+00:00,20693.98,122462730.3234391
BTC,2022-06-22 15:00:00+00:00,20080.1,148703983.6110178
BTC,2022-06-22 16:00:00+00:00,20322.73,148775432.5749704
BTC,2022-06-22 17:00:00+00:00,20267.42,68826335.7528461
BTC,2022-06-22 18:00:00+00:00,20218.15,46336459.3588987
BTC,2022-06-22 19:00:00+00:00,20117.34,65675177.2301635
BTC,2022-06-22 20:00:00+00:00,19879.97,95205373.588472
BTC,2022-06-22 21:00:00+00:00,20005.3,43818958.0066201
BTC,2022-06-22 22:00:00+00:00,20103.32,50833425.9071354
BTC,2022-06-22 23:00:00+00:00,19987.99,43727070.1093156
BTC,2022-06-23 00:00:00+00:00,20419.14,130082346.1603319
BTC,2022-06-23 01:00:00+00:00,20375.49,77758472.9135621
BTC,2022-06-23 02:00:00+00:00,20363.0,41242842.2902817
BTC,2022-06-23 03:00:00+00:00,20213.79,43003258.7823223
BTC,2022-06-23 04:00:00+00:00,20357.17,47701637.3976017
BTC,2022-06-23 05:00:00+00:00,20349.16,43034368.0107618
BTC,2022-06-23 06:00:00+00:00,20548.51,78027930.2084185
BTC,2022-06-23 07:00:00+00:00,20461.83,56554387.1005651
BTC,2022-06-23 08:00:00+00:00,20576.66,57743443.8239509
BTC,2022-06-23 09:00:00+00:00,20746.4,100834218.3160528
BTC,2022-06-23 10:00:00+00:00,20699.54,83980401.6084964
BTC,2022-06-23 11:00:00+00:00,20638.79,50670798.9414819
BTC,2022-06-23 12:00:00+00:00,20563.48,90316949.0274909
BTC,2022-06-23 13:00:00+00:00,20459.94,81596867.0393771
BTC,2022-06-23 14:00:00+00:00,20609.71,67568116.7734311
BTC,2022-06-23 15:00:00+00:00,20351.91,63818044.0953632
BTC,2022-06-23 16:00:00+00:00,20284.28,52370111.0198483
BTC,2022-06-23 17:00:00+00:00,20319.32,44430023.082615
BTC,2022-06-23 18:00:00+00:00,20431.92,44166071.5716915
BTC,2022-06-23 19:00:00+00:00,20910.06,126956113.7983431
BTC,2022-06-23 20:00:00+00:00,20815.25,105030137.1513479
BTC,2022-06-23 21:00:00+00:00,20687.76,35664792.6635027
BTC,2022-06-23 22:00:00+00:00,20991.75,133202613.0683387
BTC,2022-06-23 23:00:00+00:00,21110.13,54940921.6120683
BTC,2022-06-24 00:00:00+00:00,21007.18,64965572.9738904
BTC,2022-06-24 01:00:00+00:00,21047.6,50695933.8713945
BTC,2022-06-24 02:00:00+00:00,21173.46,77258573.3921506
BTC,2022-06-24 03:00:00+00:00,21073.73,51477658.3448598
BTC,2022-06-24 04:00:00+00:00,21050.15,49653451.68206
BTC,2022-06-24 05:00:00+00:00,20910.89,53937852.7471565
BTC,2022-06-24 06:00:00+00:00,20842.16,53899587.0906951
BTC,2022-06-24 07:00:00+00:00,20913.72,78201126.7588571
BTC,2022-06-24 08:00:00+00:00,21053.33,51724942.2595624
BTC,2022-06-24 09:00:00+00:00,20824.99,52189190.452067
BTC,2022-06-24 10:00:00+00:00,20995.36,42955031.6228479
BTC,2022-06-24 11:00:00+00:00,21169.53,130707381.2306224
BTC,2022-06-24 12:00:00+00:00,21215.25,115612877.8240347
BTC,2022-06-24 13:00:00+00:00,21199.99,94170196.7330622
BTC,2022-06-24 14:00:00+00:00,21120.78,81936155.2523442
BTC,2022-06-24 15:00:00+00:00,20884.17,97342685.2222853
BTC,2022-06-24 16:00:00+00:00,21044.61,93499689.2822293
BTC,2022-06-24 17:00:00+00:00,20972.4,79002659.4062433
BTC,2022-06-24 18:00:00+00:00,21126.61,42365655.8904196
BTC,2022-06-24 19:00:00+00:00,21253.61,44631500.9152679
BTC,2022-06-24 20:00:00+00:00,21200.42,56179759.7481214
BTC,2022-06-24 21:00:00+00:00,21317.48,39276709.9398172
BTC,2022-06-24 22:00:00+00:00,21310.99,79692831.9253452
BTC,2022-06-24 23:00:00+00:00,21237.69,53752166.6049169
BTC,2022-06-25 00:00:00+00:00,21194.12,60202148.0451355
BTC,2022-06-25 01:00:00+00:00,21331.33,40161262.1573855
BTC,2022-06-25 02:00:00+00:00,21177.36,52675791.2990994
BTC,2022-06-25 03:00:00+00:00,21300.62,34692549.8213505
BTC,2022-06-25 04:00:00+00:00,21234.48,33605247.0724965
BTC,2022-06-25 05:00:00+00:00,21216.88,30939878.0500766
BTC,2022-06-25 06:00:00+00:00,21303.62,36485678.2052249
BTC,2022-06-25 07:00:00+00:00,21508.13,90657053.4801428
BTC,2022-06-25 08:00:00+00:00,21395.38,44877203.4675291
BTC,2022-06-25 09:00:00+00:00,21432.69,28794485.9883723
BTC,2022-06-25 10:00:00+00:00,21433.15,24916425.1535819
BTC,2022-06-25 11:00:00+00:00,21340.22,34751145.6009149
BTC,2022-06-25 12:00:00+00:00,21147.94,99841926.3890018
BTC,2022-06-25 13:00:00+00:00,21165.45,59058226.6267691
BTC,2022-06-25 14:00:00+00:00,21128.9,45246159.7400492
BTC,2022-06-25 15:00:00+00:00,20961.89,67666780.470275
BTC,2022-06-25 16:00:00+00:00,21053.63,40252357.6546542
BTC,2022-06-25 17:00:00+00:00,21096.77,32681264.8582732
BTC,2022-06-25 18:00:00+00:00,21236.85,35049477.6900948
BTC,2022-06-25 19:00:00+00:00,21206.2,27738180.1097731
BTC,2022-06-25 20:00:00+00:00,21226.14,21592399.2789782
BTC,2022-06-25 21:00:00+00:00,21512.07,62480134.8802302
BTC,2022-06-25 22:00:00+00:00,21431.33,48428374.5596546
BTC,2022-06-25 23:00:00+00:00,21491.19,41078987.3756887
BTC,2022-06-26 00:00:00+00:00,21468.29,35381907.0013701
BTC,2022-06-26 01:00:00+00:00,21395.07,37250271.4335658
BTC,2022-06-26 02:00:00+00:00,21352.77,29380645.2028096
BTC,2022-06-26 03:00:00+00:00,21426.23,21443046.6075983
BTC,2022-06-26 04:00:00+00:00,21424.82,21980928.201038
BTC,2022-06-26 05:00:00+00:00,21442.01,22078799.9308112
BTC,2022-06-26 06:00:00+00:00,21476.19,41839307.9247597
BTC,2022-06-26 07:00:00+00:00,21396.52,26579201.8956538
BTC,2022-06-26 08:00:00+00:00,21453.21,30898516.2020043
BTC,2022-06-26 09:00:00+00:00,21414.83,30241042.4880057
BTC,2022-06-26 10:00:00+00:00,21417.86,22070885.340702
BTC,2022-06-26 11:00:00+00:00,21708.6,85829424.9929571
BTC,2022-06-26 12:00:00+00:00,21456.36,151436883.3974956
BTC,2022-06-26 13:00:00+00:00,21408.93,98336312.1891985
BTC,2022-06-26 14:00:00+00:00,21411.58,30614868.8116305
BTC,2022-06-26 15:00:00+00:00,21326.11,79014477.0501418
BTC,2022-06-26 16:00:00+00:00,21352.02,36479659.1529664
BTC,2022-06-26 17:00:00+00:00,21260.66,49329321.5034661
BTC,2022-06-26 18:00:00+00:00,21186.64,45406024.8597637
BTC,2022-06-26 19:00:00+00:00,21283.6,25197726.950161
BTC,2022-06-26 20:00:00+00:00,21401.73,29971160.3018302
BTC,2022-06-26 21:00:00+00:00,21381.85,24353632.2267346
BTC,2022-06-26 22:00:00+00:00,21143.78,103679444.3538258
BTC,2022-06-26 23:00:00+00:00,21038.07,60464879.1444251
BTC,2022-06-27 00:00:00+00:00,21048.72,63003532.9440981
BTC,2022-06-27 01:00:00+00:00,21090.55,60113506.4089086
BTC,2022-06-27 02:00:00+00:00,21131.3,41327787.2968683
BTC,2022-06-27 03:00:00+00:00,21171.32,27676020.4458041
BTC,2022-06-27 04:00:00+00:00,21246.58,47068387.6102708
BTC,2022-06-27 05:00:00+00:00,21182.6,33794830.8930593
BTC,2022-06-27 06:00:00+00:00,21267.6,24408602.5624067
BTC,2022-06-27 07:00:00+00:00,21363.22,49636453.7069131
BTC,2022-06-27 08:00:00+00:00,21489.8,76591509.9711264
BTC,2022-06-27 09:00:00+00:00,21454.57,39293130.9222812
BTC,2022-06-27 10:00:00+00:00,21437.18,36249589.3508326
BTC,2022-06-27 11:00:00+00:00,21304.55,41365033.7123877
BTC,2022-06-27 12:00:00+00:00,21235.84,60132390.6041748
BTC,2022-06-27 13:00:00+00:00,20737.81,157267545.8889427
BTC,2022-06-27 14:00:00+00:00,20820.51,148537189.7972275
BTC,2022-06-27 15:00:00+00:00,20754.73,67306673.0624312
BTC,2022-06-27 16:00:00+00:00,20759.66,46978577.1766329
BTC,2022-06-27 17:00:00+00:00,20726.78,28907217.364007
BTC,2022-06-27 18:00:00+00:00,20821.05,111020137.9757531
BTC,2022-06-27 19:00:00+00:00,20855.37,44076829.0781504
BTC,2022-06-27 20:00:00+00:00,20913.56,33764738.2852353
BTC,2022-06-27 21:00:00+00:00,20803.24,22816562.1257212
BTC,2022-06-27 22:00:00+00:00,20814.42,53232868.9045376
BTC,2022-06-27 23:00:00+00:00,20742.56,39800109.7526943
BTC,2022-06-28 00:00:00+00:00,20770.5,54441561.3563221
BTC,2022-06-28 01:00:00+00:00,20619.45,59470255.8552614
BTC,2022-06-28 02:00:00+00:00,20640.98,64045339.3001227
BTC,2022-06-28 03:00:00+00:00,20735.03,34318757.9506608
BTC,2022-06-28 04:00:00+00:00,20771.57,28761410.0809833
BTC,2022-06-28 05:00:00+00:00,20741.3,30479544.8498924
BTC,2022-06-28 06:00:00+00:00,20862.65,38779664.5052971
BTC,2022-06-28 07:00:00+00:00,20879.39,40095928.0362881
BTC,2022-06-28 08:00:00+00:00,21119.32,83484057.0343203
BTC,2022-06-28 09:00:00+00:00,21060.1,71573013.0751764
BTC,2022-06-28 10:00:00+00:00,21023.26,33556012.1679537
BTC,2022-06-28 11:00:00+00:00,20998.13,46094177.5924014
BTC,2022-06-28 12:00:00+00:00,20953.31,45982564.0878553
BTC,2022-06-28 13:00:00+00:00,21058.34,86023879.1229196
BTC,2022-06-28 14:00:00+00:00,20845.08,91801527.2363606
BTC,2022-06-28 15:00:00+00:00,20606.4,72354432.2678618
BTC,2022-06-28 16:00:00+00:00,20715.58,63976264.9243488
BTC,2022-06-28 17:00:00+00:00,20630.01,47000994.1475068
BTC,2022-06-28 18:00:00+00:00,20349.08,119842145.3447972
BTC,2022-06-28 19:00:00+00:00,20255.01,52808456.9783858
BTC,2022-06-28 20:00:00+00:00,20277.57,40161619.1259567
BTC,2022-06-28 21:00:00+00:00,20393.44,24376187.2593298
BTC,2022-06-28 22:00:00+00:00,20308.02,41564789.1102571
BTC,2022-06-28 23:00:00+00:00,20281.29,50870396.5212894
BTC,2022-06-29 00:00:00+00:00,20289.83,61401923.3825581
BTC,2022-06-29 01:00:00+00:00,20357.67,31547409.1525375
BTC,2022-06-29 02:00:00+00:00,20347.46,29540356.9766007
BTC,2022-06-29 03:00:00+00:00,20282.96,68449969.9634645
BTC,2022-06-29 04:00:00+00:00,20307.37,43873081.1688328
BTC,2022-06-29 05:00:00+00:00,20182.8,82164663.8795845
BTC,2022-06-29 06:00:00+00:00,19941.82,109044067.9529795
BTC,2022-06-29 07:00:00+00:00,20093.75,70431756.0480524
BTC,2022-06-29 08:00:00+00:00,19990.38,48369051.9310849
BTC,2022-06-29 09:00:00+00:00,20063.27,72382285.1726466
BTC,2022-06-29 10:00:00+00:00,20097.0,61022822.2610367
BTC,2022-06-29 11:00:00+00:00,20104.8,93177206.7353432
BTC,2022-06-29 12:00:00+00:00,20014.12,81743446.9259759
BTC,2022-06-29 13:00:00+00:00,20083.99,103934369.1108668
BTC,2022-06-29 14:00:00+00:00,20126.02,85183079.1330673
BTC,2022-06-29 15:00:00+00:00,20084.48,63427113.1587568
BTC,2022-06-29 16:00:00+00:00,20020.87,55337632.2382306
BTC,2022-06-29 17:00:00+00:00,20081.37,53683384.3721954
BTC,2022-06-29 18:00:00+00:00,20052.68,36625761.1292574
BTC,2022-06-29 19:00:00+00:00,20223.63,43482339.7070455
BTC,2022-06-29 20:00:00+00:00,20224.04,72324906.1185517
BTC,2022-06-29 21:00:00+00:00,20295.35,29282788.9007979
BTC,2022-06-29 22:00:00+00:00,20213.64,118932910.4379687
BTC,2022-06-29 23:00:00+00:00,20123.01,41187464.1514887
BTC,2022-06-30 00:00:00+00:00,20037.92,47931339.1431572
BTC,2022-06-30 01:00:00+00:00,20018.44,54162255.0238775
BTC,2022-06-30 02:00:00+00:00,20083.78,24156676.8968263
BTC,2022-06-30 03:00:00+00:00,20077.01,23916910.8026526
BTC,2022-06-30 04:00:00+00:00,20052.28,33334361.0407982
BTC,2022-06-30 05:00:00+00:00,20001.75,38176342.956724
BTC,2022-06-30 06:00:00+00:00,19420.34,151527303.1554019
BTC,2022-06-30 07:00:00+00:00,19435.9,73154441.901769
BTC,2022-06-30 08:00:00+00:00,19234.06,86545499.4607945
BTC,2022-06-30 09:00:00+00:00,19154.16,149150125.6328018
BTC,2022-06-30 10:00:00+00:00,19108.64,70895602.0476641
BTC,2022-06-30 11:00:00+00:00,19101.36,65634237.1264958
BTC,2022-06-30 12:00:00+00:00,19204.37,84918224.684572
BTC,2022-06-30 13:00:00+00:00,18868.29,139153549.3330931
BTC,2022-06-30 14:00:00+00:00,19123.18,88010616.9885298
BTC,2022-06-30 15:00:00+00:00,19143.98,76248550.57453
BTC,2022-06-30 16:00:00+00:00,19140.42,64067689.7956665
BTC,2022-06-30 17:00:00+00:00,19105.67,40075503.8459923
BTC,2022-06-30 18:00:00+00:00,18973.86,55209644.9036807
BTC,2022-06-30 19:00:00+00:00,18927.34,64167264.2183796
BTC,2022-06-30 20:00:00+00:00,18755.93,84907880.7446855
BTC,2022-06-30 21:00:00+00:00,18819.8,48689446.6502793
BTC,2022-06-30 22:00:00+00:00,18894.54,56679754.9724028
BTC,2022-06-30 23:00:00+00:00,19942.21,188281147.1306694
ETH,2022-04-01 00:00:00+00:00,3300.98,57234619.797625
ETH,2022-04-01 01:00:00+00:00,3256.98,87042431.484548
ETH,2022-04-01 02:00:00+00:00,3225.93,124517576.62135
ETH,2022-04-01 03:00:00+00:00,3250.29,61989503.357315
ETH,2022-04-01 04:00:00+00:00,3247.33,50263777.971497
ETH,2022-04-01 05:00:00+00:00,3251.01,40812475.969247
ETH,2022-04-01 06:00:00+00:00,3263.33,45783695.91089
ETH,2022-04-01 07:00:00+00:00,3279.41,49489190.528825
ETH,2022-04-01 08:00:00+00:00,3279.61,60758339.710562
ETH,2022-04-01 09:00:00+00:00,3273.04,39907344.201236
ETH,2022-04-01 10:00:00+00:00,3283.95,31013344.301996
ETH,2022-04-01 11:00:00+00:00,3284.96,58306035.801314
ETH,2022-04-01 12:00:00+00:00,3308.44,119691855.842262
ETH,2022-04-01 13:00:00+00:00,3349.21,162366233.756342
ETH,2022-04-01 14:00:00+00:00,3422.08,165921078.029516
ETH,2022-04-01 15:00:00+00:00,3432.4,177708139.417182
ETH,2022-04-01 16:00:00+00:00,3409.37,97065343.200048
ETH,2022-04-01 17:00:00+00:00,3469.71,104202672.797531
ETH,2022-04-01 18:00:00+00:00,3464.0,71942754.459788
ETH,2022-04-01 19:00:00+00:00,3469.66,43171558.308629
ETH,2022-04-01 20:00:00+00:00,3441.12,38348025.290712
ETH,2022-04-01 21:00:00+00:00,3451.29,23526463.289034
ETH,2022-04-01 22:00:00+00:00,3451.31,37186765.423159
ETH,2022-04-01 23:00:00+00:00,3455.21,32010457.062328
ETH,2022-04-02 00:00:00+00:00,3511.33,172969166.283366
ETH,2022-04-02 01:00:00+00:00,3482.54,122833074.280579
ETH,2022-04-02 02:00:00+00:00,3468.33,72503092.241362
ETH,2022-04-02 03:00:00+00:00,3474.98,34389623.82216
ETH,2022-04-02 04:00:00+00:00,3478.98,42360984.93843
ETH,2022-04-02 05:00:00+00:00,3481.02,36165309.99209
ETH,2022-04-02 06:00:00+00:00,3488.79,49481745.912889
ETH,2022-04-02 07:00:00+00:00,3484.64,62193717.63601
ETH,2022-04-02 08:00:00+00:00,3477.34,48250434.379273
ETH,2022-04-02 09:00:00+00:00,3494.3,47202358.226483
ETH,2022-04-02 10:00:00+00:00,3493.71,48850198.411569
ETH,2022-04-02 11:00:00+00:00,3488.01,44818371.465889
ETH,2022-04-02 12:00:00+00:00,3508.36,194527291.198815
ETH,2022-04-02 13:00:00+00:00,3504.27,85928743.837978
ETH,2022-04-02 14:00:00+00:00,3489.4,62080417.783791
ETH,2022-04-02 15:00:00+00:00,3461.65,143689086.934669
ETH,2022-04-02 16:00:00+00:00,3475.31,81230565.893951
ETH,2022-04-02 17:00:00+00:00,3475.72,38087040.142559
ETH,2022-04-02 18:00:00+00:00,3450.44,146058667.236607
ETH,2022-04-02 19:00:00+00:00,3470.65,34966088.798057
ETH,2022-04-02 20:00:00+00:00,3470.76,57084953.077102
ETH,2022-04-02 21:00:00+00:00,3478.03,24778466.684397
ETH,2022-04-02 22:00:00+00:00,3466.76,38767282.721093
ETH,2022-04-02 23:00:00+00:00,3443.77,51094885.907318
ETH,2022-04-03 00:00:00+00:00,3466.93,44029980.976407
ETH,2022-04-03 01:00:00+00:00,3439.58,81457816.503951
ETH,2022-04-03 02:00:00+00:00,3430.64,30989677.731333
ETH,2022-04-03 03:00:00+00:00,3456.26,36047358.996827
ETH,2022-04-03 04:00:00+00:00,3476.0,37164011.415479
ETH,2022-04-03 05:00:00+00:00,3476.57,33717014.906632
ETH,2022-04-03 06:00:00+00:00,3505.19,82084066.855731
ETH,2022-04-03 07:00:00+00:00,3490.1,36888429.456182
ETH,2022-04-03 08:00:00+00:00,3475.88,38075957.354348
ETH,2022-04-03 09:00:00+00:00,3494.07,65610211.304402
ETH,2022-04-03 10:00:00+00:00,3484.27,43680106.326249
ETH,2022-04-03 11:00:00+00:00,3484.97,36986531.34378
ETH,2022-04-03 12:00:00+00:00,3493.34,53487988.397023
ETH,2022-04-03 13:00:00+00:00,3498.61,54970802.571139
ETH,2022-04-03 14:00:00+00:00,3512.86,34852279.601409
ETH,2022-04-03 15:00:00+00:00,3500.36,59809263.673975
ETH,2022-04-03 16:00:00+00:00,3488.12,58174127.170602
ETH,2022-04-03 17:00:00+00:00,3493.6,41409127.822557
ETH,2022-04-03 18:00:00+00:00,3509.06,43020007.92288
ETH,2022-04-03 19:00:00+00:00,3487.28,58213613.807642
ETH,2022-04-03 20:00:00+00:00,3492.65,24758763.774711
ETH,2022-04-03 21:00:00+00:00,3528.06,43484355.915507
ETH,2022-04-03 22:00:00+00:00,3544.48,207669117.159764
ETH,2022-04-03 23:00:00+00:00,3521.91,88091105.903708
ETH,2022-04-04 00:00:00+00:00,3475.91,122491671.886518
ETH,2022-04-04 01:00:00+00:00,3485.8,43444046.348154
ETH,2022-04-04 02:00:00+00:00,3502.01,38037292.287674
ETH,2022-04-04 03:00:00+00:00,3490.09,27858880.295567
ETH,2022-04-04 04:00:00+00:00,3497.14,41118480.504938
ETH,2022-04-04 05:00:00+00:00,3506.14,28847975.415118
ETH,2022-04-04 06:00:00+00:00,3502.99,26611051.998643
ETH,2022-04-04 07:00:00+00:00,3502.33,46393912.988441
ETH,2022-04-04 08:00:00+00:00,3494.92,57436320.651795
ETH,2022-04-04 09:00:00+00:00,3468.04,73232256.793484
ETH,2022-04-04 10:00:00+00:00,3457.22,141061494.312997
ETH,2022-04-04 11:00:00+00:00,3479.08,37869638.654255
ETH,2022-04-04 12:00:00+00:00,3466.32,52749694.342943
ETH,2022-04-04 13:00:00+00:00,3480.16,66869362.712057
ETH,2022-04-04 14:00:00+00:00,3447.26,61230207.534855
ETH,2022-04-04 15:00:00+00:00,3424.73,99213135.670257
ETH,2022-04-04 16:00:00+00:00,3449.49,84980534.440617
ETH,2022-04-04 17:00:00+00:00,3437.92,80577725.357445
ETH,2022-04-04 18:00:00+00:00,3460.92,77453395.910032
ETH,2022-04-04 19:00:00+00:00,3491.83,101000939.692622
ETH,2022-04-04 20:00:00+00:00,3509.5,91256552.804204
ETH,2022-04-04 21:00:00+00:00,3508.53,49940266.062505
ETH,2022-04-04 22:00:00+00:00,3527.17,68843269.058738
ETH,2022-04-04 23:00:00+00:00,3519.5,46348253.962857
ETH,2022-04-05 00:00:00+00:00,3507.83,40603649.434148
ETH,2022-04-05 01:00:00+00:00,3519.99,25552183.350681
ETH,2022-04-05 02:00:00+00:00,3514.89,26817566.708944
ETH,2022-04-05 03:00:00+00:00,3523.92,36061475.803014
ETH,2022-04-05 04:00:00+00:00,3524.08,30170155.42654
ETH,2022-04-05 05:00:00+00:00,3520.22,22311320.03228
ETH,2022-04-05 06:00:00+00:00,3518.62,37443301.019512
ETH,2022-04-05 07:00:00+00:00,3526.93,30676142.32652
ETH,2022-04-05 08:00:00+00:00,3524.77,28050779.849987
ETH,2022-04-05 09:00:00+00:00,3509.21,22135313.915395
ETH,2022-04-05 10:00:00+00:00,3516.4,29932574.34898
ETH,2022-04-05 11:00:00+00:00,3522.99,25540860.327212
ETH,2022-04-05 12:00:00+00:00,3508.49,134811696.152981
ETH,2022-04-05 13:00:00+00:00,3477.84,142265729.599087
ETH,2022-04-05 14:00:00+00:00,3452.5,201752444.609895
ETH,2022-04-05 15:00:00+00:00,3452.49,55840761.674573
ETH,2022-04-05 16:00:00+00:00,3466.08,85512030.582112
ETH,2022-04-05 17:00:00+00:00,3451.63,59930539.451144
ETH,2022-04-05 18:00:00+00:00,3445.37,35973180.145758
ETH,2022-04-05 19:00:00+00:00,3464.96,84746632.202466
ETH,2022-04-05 20:00:00+00:00,3442.41,51519515.325141
ETH,2022-04-05 21:00:00+00:00,3453.52,32327599.299378
ETH,2022-04-05 22:00:00+00:00,3443.99,30611990.291338
ETH,2022-04-05 23:00:00+00:00,3406.99,112676773.997159
ETH,2022-04-06 00:00:00+00:00,3324.48,336972429.076078
ETH,2022-04-06 01:00:00+00:00,3344.29,74070816.823169
ETH,2022-04-06 02:00:00+00:00,3343.04,33367845.860234
ETH,2022-04-06 03:00:00+00:00,3342.85,35405959.976591
ETH,2022-04-06 04:00:00+00:00,3359.8,56853525.537942
ETH,2022-04-06 05:00:00+00:00,3368.51,34674647.198733
ETH,2022-04-06 06:00:00+00:00,3368.26,67481348.846511
ETH,2022-04-06 07:00:00+00:00,3345.65,51194091.242616
ETH,2022-04-06 08:00:00+00:00,3356.62,44636216.21263
ETH,2022-04-06 09:00:00+00:00,3347.77,39279155.656948
ETH,2022-04-06 10:00:00+00:00,3327.02,74503080.385536
ETH,2022-04-06 11:00:00+00:00,3304.7,137441578.390689
ETH,2022-04-06 12:00:00+00:00,3306.1,82147580.026891
ETH,2022-04-06 13:00:00+00:00,3253.72,168032697.258913
ETH,2022-04-06 14:00:00+00:00,3257.37,182272573.514383
ETH,2022-04-06 15:00:00+00:00,3257.15,124046462.643281
ETH,2022-04-06 16:00:00+00:00,3211.87,195645884.855334
ETH,2022-04-06 17:00:00+00:00,3218.0,129748559.433721
ETH,2022-04-06 18:00:00+00:00,3238.0,255595224.305482
ETH,2022-04-06 19:00:00+00:00,3225.33,93619770.078762
ETH,2022-04-06 20:00:00+00:00,3233.01,37949202.921457
ETH,2022-04-06 21:00:00+00:00,3226.45,33579156.506692
ETH,2022-04-06 22:00:00+00:00,3188.68,47471526.760449
ETH,2022-04-06 23:00:00+00:00,3168.51,75238876.473943
ETH,2022-04-07 00:00:00+00:00,3153.77,133958963.518274
ETH,2022-04-07 01:00:00+00:00,3192.0,75117515.368956
ETH,2022-04-07 02:00:00+00:00,3184.61,50974927.779062
ETH,2022-04-07 03:00:00+00:00,3185.57,43535165.760918
ETH,2022-04-07 04:00:00+00:00,3207.0,48956313.393259
ETH,2022-04-07 05:00:00+00:00,3218.91,42647322.176156
ETH,2022-04-07 06:00:00+00:00,3213.03,36622195.452886
ETH,2022-04-07 07:00:00+00:00,3225.12,47081095.210156
ETH,2022-04-07 08:00:00+00:00,3224.47,45457136.865797
ETH,2022-04-07 09:00:00+00:00,3227.58,48052820.153997
ETH,2022-04-07 10:00:00+00:00,3222.75,26645319.088977
ETH,2022-04-07 11:00:00+00:00,3251.67,105394256.375418
ETH,2022-04-07 12:00:00+00:00,3230.66,87140289.467456
ETH,2022-04-07 13:00:00+00:00,3229.75,83974977.574232
ETH,2022-04-07 14:00:00+00:00,3188.78,96607629.499312
ETH,2022-04-07 15:00:00+00:00,3199.3,144135328.936052
ETH,2022-04-07 16:00:00+00:00,3221.29,66244569.506637
ETH,2022-04-07 17:00:00+00:00,3225.41,81619280.572703
ETH,2022-04-07 18:00:00+00:00,3239.02,41871921.960235
ETH,2022-04-07 19:00:00+00:00,3217.96,38379816.251251
ETH,2022-04-07 20:00:00+00:00,3238.4,23819246.898119
ETH,2022-04-07 21:00:00+00:00,3218.88,32842513.459109
ETH,2022-04-07 22:00:00+00:00,3236.04,26078345.390394
ETH,2022-04-07 23:00:00+00:00,3227.19,43308173.922714
ETH,2022-04-08 00:00:00+00:00,3218.95,39507507.020879
ETH,2022-04-08 01:00:00+00:00,3248.14,40592201.529172
ETH,2022-04-08 02:00:00+00:00,3262.45,64426132.731001
ETH,2022-04-08 03:00:00+00:00,3267.66,26478724.065141
ETH,2022-04-08 04:00:00+00:00,3258.66,32552591.612329
ETH,2022-04-08 05:00:00+00:00,3270.27,39093258.530024
ETH,2022-04-08 06:00:00+00:00,3266.72,70531897.876115
ETH,2022-04-08 07:00:00+00:00,3286.22,81298594.547128
ETH,2022-04-08 08:00:00+00:00,3291.96,117840711.313666
ETH,2022-04-08 09:00:00+00:00,3288.85,65931554.206306
ETH,2022-04-08 10:00:00+00:00,3286.1,41357778.974204
ETH,2022-04-08 11:00:00+00:00,3258.46,73595334.671374
ETH,2022-04-08 12:00:00+00:00,3236.54,64106934.301592
ETH,2022-04-08 13:00:00+00:00,3226.47,112835453.443979
ETH,2022-04-08 14:00:00+00:00,3290.92,145991898.078816
ETH,2022-04-08 15:00:00+00:00,3281.24,87078593.741137
ETH,2022-04-08 16:00:00+00:00,3266.45,54533065.207957
ETH,2022-04-08 17:00:00+00:00,3245.04,90302576.145228
ETH,2022-04-08 18:00:00+00:00,3258.82,105794707.789411
ETH,2022-04-08 19:00:00+00:00,3238.55,62613576.915316
ETH,2022-04-08 20:00:00+00:00,3249.93,30336095.523503
ETH,2022-04-08 21:00:00+00:00,3221.96,30144595.802679
ETH,2022-04-08 22:00:00+00:00,3190.72,89943680.48885
ETH,2022-04-08 23:00:00+00:00,3192.39,68014031.129515
ETH,2022-04-09 00:00:00+00:00,3216.01,47553166.958327
ETH,2022-04-09 01:00:00+00:00,3217.24,30309205.639295
ETH,2022-04-09 02:00:00+00:00,3188.84,41182067.468091
ETH,2022-04-09 03:00:00+00:00,3209.88,39429739.842481
ETH,2022-04-09 04:00:00+00:00,3207.3,21725547.00498
ETH,2022-04-09 05:00:00+00:00,3225.78,17264391.048569
ETH,2022-04-09 06:00:00+00:00,3202.03,20448952.736648
ETH,2022-04-09 07:00:00+00:00,3209.8,19344376.114221
ETH,2022-04-09 08:00:00+00:00,3209.49,21319970.187853
ETH,2022-04-09 09:00:00+00:00,3207.67,22442181.055748
ETH,2022-04-09 10:00:00+00:00,3212.21,37599608.934489
ETH,2022-04-09 11:00:00+00:00,3209.59,17554771.744393
ETH,2022-04-09 12:00:00+00:00,3229.72,33071702.309712
ETH,2022-04-09 13:00:00+00:00,3221.92,26711311.453282
ETH,2022-04-09 14:00:00+00:00,3228.39,40983059.0624
ETH,2022-04-09 15:00:00+00:00,3209.4,49896587.828219
ETH,2022-04-09 16:00:00+00:00,3220.64,37943701.322711
ETH,2022-04-09 17:00:00+00:00,3241.32,38284847.754072
ETH,2022-04-09 18:00:00+00:00,3233.23,13847474.233071
ETH,2022-04-09 19:00:00+00:00,3233.35,14811346.01408
ETH,2022-04-09 20:00:00+00:00,3223.85,17148352.745938
ETH,2022-04-09 21:00:00+00:00,3237.33,20696238.095652
ETH,2022-04-09 22:00:00+00:00,3247.46,15618569.287502
ETH,2022-04-09 23:00:00+00:00,3258.57,38443339.317301
ETH,2022-04-10 00:00:00+00:00,3249.56,27090343.653143
ETH,2022-04-10 01:00:00+00:00,3256.59,17033574.383701
ETH,2022-04-10 02:00:00+00:00,3260.42,11203510.553679
ETH,2022-04-10 03:00:00+00:00,3257.32,20520854.70703
ETH,2022-04-10 04:00:00+00:00,3252.77,13553787.400207
ETH,2022-04-10 05:00:00+00:00,3244.65,13985666.867985
ETH,2022-04-10 06:00:00+00:00,3251.15,15687992.746911
ETH,2022-04-10 07:00:00+00:00,3243.23,18181080.534164
ETH,2022-04-10 08:00:00+00:00,3243.14,24353999.008682
ETH,2022-04-10 09:00:00+00:00,3240.63,17027263.177274
ETH,2022-04-10 10:00:00+00:00,3245.53,16981661.635627
ETH,2022-04-10 11:00:00+00:00,3251.78,16362287.102973
ETH,2022-04-10 12:00:00+00:00,3244.29,31156422.935787
ETH,2022-04-10 13:00:00+00:00,3240.16,22393260.928065
ETH,2022-04-10 14:00:00+00:00,3251.07,21216735.065927
ETH,2022-04-10 15:00:00+00:00,3256.04,21250061.940643
ETH,2022-04-10 16:00:00+00:00,3277.66,38871788.304089
ETH,2022-04-10 17:00:00+00:00,3295.73,92309360.597418
ETH,2022-04-10 18:00:00+00:00,3288.26,27977716.480608
ETH,2022-04-10 19:00:00+00:00,3291.7,18806150.093521
ETH,2022-04-10 20:00:00+00:00,3288.65,24172623.238781
ETH,2022-04-10 21:00:00+00:00,3270.1,25729529.009479
ETH,2022-04-10 22:00:00+00:00,3222.55,134982107.70082
ETH,2022-04-10 23:00:00+00:00,3203.04,85184504.547621
ETH,2022-04-11 00:00:00+00:00,3203.89,90654942.852621
ETH,2022-04-11 01:00:00+00:00,3187.09,34265535.39605
ETH,2022-04-11 02:00:00+00:00,3163.95,95460080.394627
ETH,2022-04-11 03:00:00+00:00,3175.31,61481909.52748
ETH,2022-04-11 04:00:00+00:00,3179.34,37835362.314063
ETH,2022-04-11 05:00:00+00:00,3185.28,34455988.672227
ETH,2022-04-11 06:00:00+00:00,3177.46,31462389.001663
ETH,2022-04-11 07:00:00+00:00,3178.61,45190596.528602
ETH,2022-04-11 08:00:00+00:00,3161.14,85603503.189357
ETH,2022-04-11 09:00:00+00:00,3080.81,195879329.742965
ETH,2022-04-11 10:00:00+00:00,3078.04,163518762.192231
ETH,2022-04-11 11:00:00+00:00,3051.57,182576097.283608
ETH,2022-04-11 12:00:00+00:00,3054.68,80534582.14932
ETH,2022-04-11 13:00:00+00:00,3047.92,117901548.322063
ETH,2022-04-11 14:00:00+00:00,3025.21,80267534.556854
ETH,2022-04-11 15:00:00+00:00,3003.39,74667410.319481
ETH,2022-04-11 16:00:00+00:00,3019.67,171554586.217731
ETH,2022-04-11 17:00:00+00:00,3023.12,89028419.203809
ETH,2022-04-11 18:00:00+00:00,3037.23,54993878.588217
ETH,2022-04-11 19:00:00+00:00,3004.6,88430910.146274
ETH,2022-04-11 20:00:00+00:00,2992.84,85069687.831921
ETH,2022-04-11 21:00:00+00:00,2964.14,80816985.79763
ETH,2022-04-11 22:00:00+00:00,3000.19,97052353.187354
ETH,2022-04-11 23:00:00+00:00,2979.74,48783732.205932
ETH,2022-04-12 00:00:00+00:00,2971.22,68319030.057778
ETH,2022-04-12 01:00:00+00:00,2972.41,52747607.850259
ETH,2022-04-12 02:00:00+00:00,2966.5,49277703.301064
ETH,2022-04-12 03:00:00+00:00,2983.04,35185157.377277
ETH,2022-04-12 04:00:00+00:00,3000.92,55803958.646543
ETH,2022-04-12 05:00:00+00:00,3018.98,64283969.913106
ETH,2022-04-12 06:00:00+00:00,3006.52,70042925.687231
ETH,2022-04-12 07:00:00+00:00,3025.23,67850908.769964
ETH,2022-04-12 08:00:00+00:00,3025.99,53927370.650818
ETH,2022-04-12 09:00:00+00:00,3025.31,60310971.982895
ETH,2022-04-12 10:00:00+00:00,3016.61,39180434.140208
ETH,2022-04-12 11:00:00+00:00,3040.97,85373944.464582
ETH,2022-04-12 12:00:00+00:00,3079.76,199099421.419854
ETH,2022-04-12 13:00:00+00:00,3052.11,158969579.720616
ETH,2022-04-12 14:00:00+00:00,3027.46,144075054.040611
ETH,2022-04-12 15:00:00+00:00,3044.98,64559568.953511
ETH,2022-04-12 16:00:00+00:00,3042.26,98946428.375841
ETH,2022-04-12 17:00:00+00:00,3033.1,53892072.908895
ETH,2022-04-12 18:00:00+00:00,3001.69,70071094.727876
ETH,2022-04-12 19:00:00+00:00,2972.8,88323835.110012
ETH,2022-04-12 20:00:00+00:00,2987.26,48441330.196957
ETH,2022-04-12 21:00:00+00:00,3009.74,35211688.465209
ETH,2022-04-12 22:00:00+00:00,3013.81,46868365.981414
ETH,2022-04-12 23:00:00+00:00,3027.66,40108786.977484
ETH,2022-04-13 00:00:00+00:00,3026.31,52668832.005058
ETH,2022-04-13 01:00:00+00:00,3030.04,33911857.891419
ETH,2022-04-13 02:00:00+00:00,3046.14,46350031.876228
ETH,2022-04-13 03:00:00+00:00,3049.09,42877253.673283
ETH,2022-04-13 04:00:00+00:00,3060.03,23673627.953282
ETH,2022-04-13 05:00:00+00:00,3064.67,35367921.115716
ETH,2022-04-13 06:00:00+00:00,3048.54,29429451.568216
ETH,2022-04-13 07:00:00+00:00,3051.36,47854633.77257
ETH,2022-04-13 08:00:00+00:00,3055.6,31373563.38084
ETH,2022-04-13 09:00:00+00:00,3050.42,36296496.499405
ETH,2022-04-13 10:00:00+00:00,3032.47,44370986.860306
ETH,2022-04-13 11:00:00+00:00,3014.09,52501922.949409
ETH,2022-04-13 12:00:00+00:00,3006.48,65001785.818777
ETH,2022-04-13 13:00:00+00:00,3079.12,130004872.587633
ETH,2022-04-13 14:00:00+00:00,3072.92,133651326.270747
ETH,2022-04-13 15:00:00+00:00,3093.42,99004714.737821
ETH,2022-04-13 16:00:00+00:00,3086.49,90991319.210387
ETH,2022-04-13 17:00:00+00:00,3081.65,51723898.47478
ETH,2022-04-13 18:00:00+00:00,3106.35,39893632.517446
ETH,2022-04-13 19:00:00+00:00,3086.03,44291719.818957
ETH,2022-04-13 20:00:00+00:00,3105.26,32075731.415111
ETH,2022-04-13 21:00:00+00:00,3105.88,26009241.291791
ETH,2022-04-13 22:00:00+00:00,3122.91,54388783.92225
ETH,2022-04-13 23:00:00+00:00,3118.28,41587054.277321
ETH,2022-04-14 00:00:00+00:00,3118.91,43382438.030064
ETH,2022-04-14 01:00:00+00:00,3139.12,44095946.859034
ETH,2022-04-14 02:00:00+00:00,3126.35,42243308.664152
ETH,2022-04-14 03:00:00+00:00,3117.9,37565525.41897
ETH,2022-04-14 04:00:00+00:00,3112.13,33951315.9066
ETH,2022-04-14 05:00:00+00:00,3110.39,33450788.214032
ETH,2022-04-14 06:00:00+00:00,3107.27,28282737.294608
ETH,2022-04-14 07:00:00+00:00,3113.5,32205891.960452
ETH,2022-04-14 08:00:00+00:00,3107.53,32300536.280268
ETH,2022-04-14 09:00:00+00:00,3100.32,62741146.303249
ETH,2022-04-14 10:00:00+00:00,3078.94,61084303.559247
ETH,2022-04-14 11:00:00+00:00,3072.78,42348792.664774
ETH,2022-04-14 12:00:00+00:00,3086.95,47113475.886258
ETH,2022-04-14 13:00:00+00:00,3046.6,124319654.518502
ETH,2022-04-14 14:00:00+00:00,3043.67,110514904.398067
ETH,2022-04-14 15:00:00+00:00,3015.9,91511168.894696
ETH,2022-04-14 16:00:00+00:00,3015.9,106330916.642207
ETH,2022-04-14 17:00:00+00:00,3021.82,43788481.18655
ETH,2022-04-14 18:00:00+00:00,2983.61,67940049.321338
ETH,2022-04-14 19:00:00+00:00,2995.75,55608291.269869
ETH,2022-04-14 20:00:00+00:00,3013.84,40065703.027955
ETH,2022-04-14 21:00:00+00:00,3019.8,20512563.406095
ETH,2022-04-14 22:00:00+00:00,3014.67,29090115.968702
ETH,2022-04-14 23:00:00+00:00,3021.98,19311721.595737
ETH,2022-04-15 00:00:00+00:00,3015.47,43975937.683217
ETH,2022-04-15 01:00:00+00:00,3023.38,17141449.319486
ETH,2022-04-15 02:00:00+00:00,3024.67,26394762.448508
ETH,2022-04-15 03:00:00+00:00,3042.0,42357562.876123
ETH,2022-04-15 04:00:00+00:00,3032.85,30865989.025924
ETH,2022-04-15 05:00:00+00:00,3038.77,23260087.394802
ETH,2022-04-15 06:00:00+00:00,3023.17,25404766.512372
ETH,2022-04-15 07:00:00+00:00,3034.62,48304611.15284
ETH,2022-04-15 08:00:00+00:00,3025.0,35543112.111444
ETH,2022-04-15 09:00:00+00:00,3024.05,24318994.974639
ETH,2022-04-15 10:00:00+00:00,3031.13,32042316.330631
ETH,2022-04-15 11:00:00+00:00,3027.28,28182522.316957
ETH,2022-04-15 12:00:00+00:00,3021.29,19091395.758301
ETH,2022-04-15 13:00:00+00:00,3006.9,59820163.234065
ETH,2022-04-15 14:00:00+00:00,3036.39,100226247.077623
ETH,2022-04-15 15:00:00+00:00,3028.88,36656729.259757
ETH,2022-04-15 16:00:00+00:00,3022.94,36861814.063553
ETH,2022-04-15 17:00:00+00:00,3031.34,25361561.799421
ETH,2022-04-15 18:00:00+00:00,3029.33,19810223.901736
ETH,2022-04-15 19:00:00+00:00,3022.81,16099789.949537
ETH,2022-04-15 20:00:00+00:00,3030.69,16201570.665104
ETH,2022-04-15 21:00:00+00:00,3035.2,12994086.241121
ETH,2022-04-15 22:00:00+00:00,3032.99,14870510.45608
ETH,2022-04-15 23:00:00+00:00,3040.56,19858529.181025
ETH,2022-04-16 00:00:00+00:00,3042.57,18976689.667283
ETH,2022-04-16 01:00:00+00:00,3040.4,21984183.143428
ETH,2022-04-16 02:00:00+00:00,3040.96,14061495.384788
ETH,2022-04-16 03:00:00+00:00,3038.29,17143358.740397
ETH,2022-04-16 04:00:00+00:00,3044.66,14297026.466331
ETH,2022-04-16 05:00:00+00:00,3041.76,14842164.627176
ETH,2022-04-16 06:00:00+00:00,3037.74,8745300.127613
ETH,2022-04-16 07:00:00+00:00,3034.64,14386035.907714
ETH,2022-04-16 08:00:00+00:00,3034.96,25321791.570073
ETH,2022-04-16 09:00:00+00:00,3033.73,15492647.072608
ETH,2022-04-16 10:00:00+00:00,3039.48,17000120.777719
ETH,2022-04-16 11:00:00+00:00,3039.48,19335937.056843
ETH,2022-04-16 12:00:00+00:00,3043.41,26973732.695607
ETH,2022-04-16 13:00:00+00:00,3041.54,18904059.516088
ETH,2022-04-16 14:00:00+00:00,3046.73,18124686.899976
ETH,2022-04-16 15:00:00+00:00,3017.5,88289118.415944
ETH,2022-04-16 16:00:00+00:00,3026.17,26349252.332973
ETH,2022-04-16 17:00:00+00:00,3020.16,13745736.307973
ETH,2022-04-16 18:00:00+00:00,3025.58,9599966.348572
ETH,2022-04-16 19:00:00+00:00,3024.39,11316530.611294
ETH,2022-04-16 20:00:00+00:00,3032.79,16747689.293262
ETH,2022-04-16 21:00:00+00:00,3050.12,22684672.067343
ETH,2022-04-16 22:00:00+00:00,3060.99,62146206.226848
ETH,2022-04-16 23:00:00+00:00,3059.3,19765953.039491
ETH,2022-04-17 00:00:00+00:00,3056.56,16897784.943577
ETH,2022-04-17 01:00:00+00:00,3057.34,12000933.126049
ETH,2022-04-17 02:00:00+00:00,3031.77,28200075.889653
ETH,2022-04-17 03:00:00+00:00,3029.38,22215556.86194
ETH,2022-04-17 04:00:00+00:00,3037.35,13307424.615721
ETH,2022-04-17 05:00:00+00:00,3042.22,13557130.487741
ETH,2022-04-17 06:00:00+00:00,3042.06,13064253.441945
ETH,2022-04-17 07:00:00+00:00,3037.97,12064300.793141
ETH,2022-04-17 08:00:00+00:00,3040.94,20888179.691291
ETH,2022-04-17 09:00:00+00:00,3043.1,15849153.639364
ETH,2022-04-17 10:00:00+00:00,3041.95,9061263.926938
ETH,2022-04-17 11:00:00+00:00,3048.05,16912188.886517
ETH,2022-04-17 12:00:00+00:00,3048.0,19356814.492723
ETH,2022-04-17 13:00:00+00:00,3061.27,96722229.378756
ETH,2022-04-17 14:00:00+00:00,3063.73,36840360.487171
ETH,2022-04-17 15:00:00+00:00,3073.0,42613907.452993
ETH,2022-04-17 16:00:00+00:00,3058.7,32140301.27333
ETH,2022-04-17 17:00:00+00:00,3050.37,26142719.814605
ETH,2022-04-17 18:00:00+00:00,3031.99,48103349.176703
ETH,2022-04-17 19:00:00+00:00,3052.08,31123262.340413
ETH,2022-04-17 20:00:00+00:00,3045.54,15542014.774885
ETH,2022-04-17 21:00:00+00:00,3054.83,13833773.980652
ETH,2022-04-17 22:00:00+00:00,3045.61,55476904.193626
ETH,2022-04-17 23:00:00+00:00,2988.06,130237706.952199
ETH,2022-04-18 00:00:00+00:00,2990.83,52712474.295162
ETH,2022-04-18 01:00:00+00:00,2989.74,28503305.199961
ETH,2022-04-18 02:00:00+00:00,2995.26,24891672.014254
ETH,2022-04-18 03:00:00+00:00,2995.18,27194787.856641
ETH,2022-04-18 04:00:00+00:00,2912.27,206331025.967493
ETH,2022-04-18 05:00:00+00:00,2914.9,68483936.90714
ETH,2022-04-18 06:00:00+00:00,2915.19,31366378.5147
ETH,2022-04-18 07:00:00+00:00,2892.12,76626127.815926
ETH,2022-04-18 08:00:00+00:00,2893.32,37872423.701271
ETH,2022-04-18 09:00:00+00:00,2908.62,36726796.947335
ETH,2022-04-18 10:00:00+00:00,2908.12,37257207.165739
ETH,2022-04-18 11:00:00+00:00,2911.85,26183948.493695
ETH,2022-04-18 12:00:00+00:00,2941.19,61872091.978698
ETH,2022-04-18 13:00:00+00:00,2922.82,87183421.060911
ETH,2022-04-18 14:00:00+00:00,2928.34,68349656.412359
ETH,2022-04-18 15:00:00+00:00,2914.25,52876444.454587
ETH,2022-04-18 16:00:00+00:00,2927.35,71474118.887627
ETH,2022-04-18 17:00:00+00:00,2984.71,133807934.104818
ETH,2022-04-18 18:00:00+00:00,3014.41,123889200.660576
ETH,2022-04-18 19:00:00+00:00,3005.72,67577814.087978
ETH,2022-04-18 20:00:00+00:00,3005.75,40918505.596919
ETH,2022-04-18 21:00:00+00:00,3042.56,52173284.943657
ETH,2022-04-18 22:00:00+00:00,3065.26,47338668.458845
ETH,2022-04-18 23:00:00+00:00,3055.56,46557247.341006
ETH,2022-04-19 00:00:00+00:00,3059.45,90148493.706505
ETH,2022-04-19 01:00:00+00:00,3052.58,28211989.512862
ETH,2022-04-19 02:00:00+00:00,3040.03,37337780.845675
ETH,2022-04-19 03:00:00+00:00,3037.58,35409678.998685
ETH,2022-04-19 04:00:00+00:00,3046.63,32382283.021436
ETH,2022-04-19 05:00:00+00:00,3037.68,20349514.380571
ETH,2022-04-19 06:00:00+00:00,3045.68,23174377.330126
ETH,2022-04-19 07:00:00+00:00,3039.01,27815038.282743
ETH,2022-04-19 08:00:00+00:00,3041.34,28927800.201919
ETH,2022-04-19 09:00:00+00:00,3039.06,43408445.09006
ETH,2022-04-19 10:00:00+00:00,3053.99,29551531.843765
ETH,2022-04-19 11:00:00+00:00,3041.51,39081519.041072
ETH,2022-04-19 12:00:00+00:00,3061.68,56506423.480196
ETH,2022-04-19 13:00:00+00:00,3094.29,109174915.951746
ETH,2022-04-19 14:00:00+00:00,3113.35,130821890.021332
ETH,2022-04-19 15:00:00+00:00,3110.52,69322758.20957
ETH,2022-04-19 16:00:00+00:00,3102.28,80362898.089345
ETH,2022-04-19 17:00:00+00:00,3091.93,51268376.516442
ETH,2022-04-19 18:00:00+00:00,3099.1,35064235.563957
ETH,2022-04-19 19:00:00+00:00,3110.65,35875704.766378
ETH,2022-04-19 20:00:00+00:00,3094.82,32543706.283787
ETH,2022-04-19 21:00:00+00:00,3099.15,20065356.865615
ETH,2022-04-19 22:00:00+00:00,3098.27,23441687.467121
ETH,2022-04-19 23:00:00+00:00,3101.77,26222132.64619
ETH,2022-04-20 00:00:00+00:00,3076.59,56858031.667467
ETH,2022-04-20 01:00:00+00:00,3086.92,25372788.936647
ETH,2022-04-20 02:00:00+00:00,3087.07,28819419.341507
ETH,2022-04-20 03:00:00+00:00,3091.62,26818362.631853
ETH,2022-04-20 04:00:00+00:00,3086.15,25602432.917989
ETH,2022-04-20 05:00:00+00:00,3099.72,36097630.944758
ETH,2022-04-20 06:00:00+00:00,3100.5,31227415.45549
ETH,2022-04-20 07:00:00+00:00,3089.75,45510759.561737
ETH,2022-04-20 08:00:00+00:00,3101.09,28752625.690954
ETH,2022-04-20 09:00:00+00:00,3106.08,39233639.079161
ETH,2022-04-20 10:00:00+00:00,3126.36,75645185.685991
ETH,2022-04-20 11:00:00+00:00,3152.78,109420537.156219
ETH,2022-04-20 12:00:00+00:00,3155.98,79020130.125207
ETH,2022-04-20 13:00:00+00:00,3103.0,135716908.140295
ETH,2022-04-20 14:00:00+00:00,3099.43,75968946.601145
ETH,2022-04-20 15:00:00+00:00,3068.3,119022276.471305
ETH,2022-04-20 16:00:00+00:00,3082.32,56766501.36173
ETH,2022-04-20 17:00:00+00:00,3081.79,37244428.915967
ETH,2022-04-20 18:00:00+00:00,3049.47,66826970.840836
ETH,2022-04-20 19:00:00+00:00,3070.0,45281678.097803
ETH,2022-04-20 20:00:00+00:00,3084.59,46953017.129355
ETH,2022-04-20 21:00:00+00:00,3084.4,27470167.499198
ETH,2022-04-20 22:00:00+00:00,3085.53,36374279.215688
ETH,2022-04-20 23:00:00+00:00,3076.04,29349788.83531
ETH,2022-04-21 00:00:00+00:00,3085.79,31751770.955717
ETH,2022-04-21 01:00:00+00:00,3100.44,36344675.716567
ETH,2022-04-21 02:00:00+00:00,3091.24,23245482.049548
ETH,2022-04-21 03:00:00+00:00,3096.8,20832696.798928
ETH,2022-04-21 04:00:00+00:00,3083.93,36803670.804539
ETH,2022-04-21 05:00:00+00:00,3072.46,36844317.872834
ETH,2022-04-21 06:00:00+00:00,3077.05,27817021.144935
ETH,2022-04-21 07:00:00+00:00,3100.56,43424397.661216
ETH,2022-04-21 08:00:00+00:00,3101.25,50781821.325746
ETH,2022-04-21 09:00:00+00:00,3088.61,37527106.663984
ETH,2022-04-21 10:00:00+00:00,3128.65,116682129.586523
ETH,2022-04-21 11:00:00+00:00,3151.15,122554893.230481
ETH,2022-04-21 12:00:00+00:00,3162.21,127826102.030254
ETH,2022-04-21 13:00:00+00:00,3155.53,114984483.397377
ETH,2022-04-21 14:00:00+00:00,3148.29,72190700.624032
ETH,2022-04-21 15:00:00+00:00,3104.81,129001410.006362
ETH,2022-04-21 16:00:00+00:00,3079.09,111087321.111334
ETH,2022-04-21 17:00:00+00:00,3065.92,79780062.04633
ETH,2022-04-21 18:00:00+00:00,3058.8,49546828.225973
ETH,2022-04-21 19:00:00+00:00,3026.23,91742549.97792
ETH,2022-04-21 20:00:00+00:00,3001.08,136857779.176983
ETH,2022-04-21 21:00:00+00:00,3002.25,56492461.686238
ETH,2022-04-21 22:00:00+00:00,2983.31,146391312.368737
ETH,2022-04-21 23:00:00+00:00,2983.58,35985199.011415
ETH,2022-04-22 00:00:00+00:00,2987.23,65254973.67652
ETH,2022-04-22 01:00:00+00:00,2997.01,46936590.194003
ETH,2022-04-22 02:00:00+00:00,2999.72,46289431.748883
ETH,2022-04-22 03:00:00+00:00,2995.41,37259755.268001
ETH,2022-04-22 04:00:00+00:00,3015.45,43565628.191796
ETH,2022-04-22 05:00:00+00:00,3012.19,40673340.492376
ETH,2022-04-22 06:00:00+00:00,3011.53,27350819.554915
ETH,2022-04-22 07:00:00+00:00,3019.91,84073008.801303
ETH,2022-04-22 08:00:00+00:00,3000.39,57618418.239581
ETH,2022-04-22 09:00:00+00:00,2985.56,53925112.795722
ETH,2022-04-22 10:00:00+00:00,3005.21,45765346.402163
ETH,2022-04-22 11:00:00+00:00,3014.36,36713461.516697
ETH,2022-04-22 12:00:00+00:00,3001.28,43611204.522128
ETH,2022-04-22 13:00:00+00:00,2988.74,113438534.115295
ETH,2022-04-22 14:00:00+00:00,2972.8,113258482.804998
ETH,2022-04-22 15:00:00+00:00,2949.53,120854944.793579
ETH,2022-04-22 16:00:00+00:00,2948.12,101320745.039902
ETH,2022-04-22 17:00:00+00:00,2950.14,41730540.76486
ETH,2022-04-22 18:00:00+00:00,2969.99,61269055.981471
ETH,2022-04-22 19:00:00+00:00,2956.71,65415615.387869
ETH,2022-04-22 20:00:00+00:00,2971.47,30573276.049302
ETH,2022-04-22 21:00:00+00:00,2964.39,26391590.760749
ETH,2022-04-22 22:00:00+00:00,2958.53,25469797.378615
ETH,2022-04-22 23:00:00+00:00,2962.39,21284670.769587
ETH,2022-04-23 00:00:00+00:00,2955.17,32162896.11614
ETH,2022-04-23 01:00:00+00:00,2962.62,17772880.472911
ETH,2022-04-23 02:00:00+00:00,2958.77,16183677.281267
ETH,2022-04-23 03:00:00+00:00,2946.32,32238368.512796
ETH,2022-04-23 04:00:00+00:00,2948.23,64499466.253829
ETH,2022-04-23 05:00:00+00:00,2954.81,18560901.404617
ETH,2022-04-23 06:00:00+00:00,2952.47,18907770.319368
ETH,2022-04-23 07:00:00+00:00,2959.8,13391413.368093
ETH,2022-04-23 08:00:00+00:00,2963.82,23545016.010948
ETH,2022-04-23 09:00:00+00:00,2954.46,29342818.300533
ETH,2022-04-23 10:00:00+00:00,2956.81,13798542.187439
ETH,2022-04-23 11:00:00+00:00,2958.73,16212712.617792
ETH,2022-04-23 12:00:00+00:00,2961.49,33046810.313265
ETH,2022-04-23 13:00:00+00:00,2962.69,25173829.460939
ETH,2022-04-23 14:00:00+00:00,2962.88,14726076.732393
ETH,2022-04-23 15:00:00+00:00,2966.04,23764380.100159
ETH,2022-04-23 16:00:00+00:00,2963.67,39550293.791238
ETH,2022-04-23 17:00:00+00:00,2960.26,17699102.958616
ETH,2022-04-23 18:00:00+00:00,2948.48,13384880.284046
ETH,2022-04-23 19:00:00+00:00,2953.27,16062628.942489
ETH,2022-04-23 20:00:00+00:00,2962.69,15853386.031459
ETH,2022-04-23 21:00:00+00:00,2966.82,10816558.337225
ETH,2022-04-23 22:00:00+00:00,2955.47,9578788.418877
ETH,2022-04-23 23:00:00+00:00,2933.03,37988187.635091
ETH,2022-04-24 00:00:00+00:00,2935.74,27773033.932958
ETH,2022-04-24 01:00:00+00:00,2928.01,24906620.700034
ETH,2022-04-24 02:00:00+00:00,2932.35,21898088.874675
ETH,2022-04-24 03:00:00+00:00,2955.92,31534256.356195
ETH,2022-04-24 04:00:00+00:00,2951.22,17542330.177763
ETH,2022-04-24 05:00:00+00:00,2945.09,9321716.092834
ETH,2022-04-24 06:00:00+00:00,2952.34,11732308.85457
ETH,2022-04-24 07:00:00+00:00,2949.49,10975175.253515
ETH,2022-04-24 08:00:00+00:00,2945.97,11396823.803721
ETH,2022-04-24 09:00:00+00:00,2948.95,13012312.471167
ETH,2022-04-24 10:00:00+00:00,2946.89,13961790.235667
ETH,2022-04-24 11:00:00+00:00,2938.86,16384738.328481
ETH,2022-04-24 12:00:00+00:00,2935.04,16993695.325183
ETH,2022-04-24 13:00:00+00:00,2938.7,35823026.35909
ETH,2022-04-24 14:00:00+00:00,2947.19,63475305.756211
ETH,2022-04-24 15:00:00+00:00,2943.82,21864334.524734
ETH,2022-04-24 16:00:00+00:00,2940.79,70282831.144616
ETH,2022-04-24 17:00:00+00:00,2922.82,49710236.441646
ETH,2022-04-24 18:00:00+00:00,2951.3,35679439.555035
ETH,2022-04-24 19:00:00+00:00,2959.58,37523850.089898
ETH,2022-04-24 20:00:00+00:00,2940.53,24130577.34826
ETH,2022-04-24 21:00:00+00:00,2945.15,14890559.394796
ETH,2022-04-24 22:00:00+00:00,2928.99,32893900.463861
ETH,2022-04-24 23:00:00+00:00,2921.0,29995969.40615
ETH,2022-04-25 00:00:00+00:00,2856.55,157562279.336298
ETH,2022-04-25 01:00:00+00:00,2865.04,70676630.894779
ETH,2022-04-25 02:00:00+00:00,2860.44,42106132.470449
ETH,2022-04-25 03:00:00+00:00,2875.59,33840831.574913
ETH,2022-04-25 04:00:00+00:00,2864.99,37314659.887272
ETH,2022-04-25 05:00:00+00:00,2850.44,38256980.513806
ETH,2022-04-25 06:00:00+00:00,2820.99,77882374.936779
ETH,2022-04-25 07:00:00+00:00,2811.41,122136705.109887
ETH,2022-04-25 08:00:00+00:00,2808.64,42889108.542877
ETH,2022-04-25 09:00:00+00:00,2827.25,65695828.349799
ETH,2022-04-25 10:00:00+00:00,2824.75,33708137.721672
ETH,2022-04-25 11:00:00+00:00,2861.74,85504213.756107
ETH,2022-04-25 12:00:00+00:00,2859.74,73746054.654304
ETH,2022-04-25 13:00:00+00:00,2857.11,119060347.10223
ETH,2022-04-25 14:00:00+00:00,2871.2,116551121.720826
ETH,2022-04-25 15:00:00+00:00,2869.57,77580833.532481
ETH,2022-04-25 16:00:00+00:00,2923.7,135552698.923448
ETH,2022-04-25 17:00:00+00:00,2927.97,67034662.648906
ETH,2022-04-25 18:00:00+00:00,2960.14,91922716.275228
ETH,2022-04-25 19:00:00+00:00,3012.41,140824384.647337
ETH,2022-04-25 20:00:00+00:00,2999.54,63873962.264723
ETH,2022-04-25 21:00:00+00:00,3007.99,20339044.900177
ETH,2022-04-25 22:00:00+00:00,3009.23,35140733.165791
ETH,2022-04-25 23:00:00+00:00,3006.62,39950802.746416
ETH,2022-04-26 00:00:00+00:00,3011.01,59053393.253109
ETH,2022-04-26 01:00:00+00:00,3002.89,33041726.813859
ETH,2022-04-26 02:00:00+00:00,2998.62,35815450.764334
ETH,2022-04-26 03:00:00+00:00,3001.0,19320442.814033
ETH,2022-04-26 04:00:00+00:00,3006.38,30340346.976862
ETH,2022-04-26 05:00:00+00:00,3005.03,22094315.873174
ETH,2022-04-26 06:00:00+00:00,2995.25,35660372.192428
ETH,2022-04-26 07:00:00+00:00,3003.24,49698199.15602
ETH,2022-04-26 08:00:00+00:00,2999.78,55706687.083336
ETH,2022-04-26 09:00:00+00:00,2994.93,32120331.378291
ETH,2022-04-26 10:00:00+00:00,2993.99,18674612.176153
ETH,2022-04-26 11:00:00+00:00,3003.04,35725756.26761
ETH,2022-04-26 12:00:00+00:00,2978.33,56385078.665535
ETH,2022-04-26 13:00:00+00:00,2942.8,97632987.340264
ETH,2022-04-26 14:00:00+00:00,2896.18,141986465.34054
ETH,2022-04-26 15:00:00+00:00,2859.76,137795418.421755
ETH,2022-04-26 16:00:00+00:00,2882.02,132549375.960567
ETH,2022-04-26 17:00:00+00:00,2860.56,106703157.543524
ETH,2022-04-26 18:00:00+00:00,2856.58,60353235.617579
ETH,2022-04-26 19:00:00+00:00,2838.93,112370422.810793
ETH,2022-04-26 20:00:00+00:00,2829.84,95155892.596825
ETH,2022-04-26 21:00:00+00:00,2840.96,30471190.462227
ETH,2022-04-26 22:00:00+00:00,2821.64,31168515.247045
ETH,2022-04-26 23:00:00+00:00,2809.67,114647103.290527
ETH,2022-04-27 00:00:00+00:00,2816.03,58401933.173344
ETH,2022-04-27 01:00:00+00:00,2837.02,53103203.596748
ETH,2022-04-27 02:00:00+00:00,2838.09,32611827.168796
ETH,2022-04-27 03:00:00+00:00,2836.28,28631000.726744
ETH,2022-04-27 04:00:00+00:00,2842.85,28952938.439909
ETH,2022-04-27 05:00:00+00:00,2845.01,29290606.39074
ETH,2022-04-27 06:00:00+00:00,2869.69,40056429.204844
ETH,2022-04-27 07:00:00+00:00,2892.23,65862598.729193
ETH,2022-04-27 08:00:00+00:00,2885.65,108098818.260132
ETH,2022-04-27 09:00:00+00:00,2899.92,58838721.813964
ETH,2022-04-27 10:00:00+00:00,2897.92,34532369.596732
ETH,2022-04-27 11:00:00+00:00,2884.79,61791249.658356
ETH,2022-04-27 12:00:00+00:00,2866.79,58362336.406432
ETH,2022-04-27 13:00:00+00:00,2904.73,116355591.747557
ETH,2022-04-27 14:00:00+00:00,2842.71,169280584.230818
ETH,2022-04-27 15:00:00+00:00,2865.23,100506134.476929
ETH,2022-04-27 16:00:00+00:00,2881.37,74999595.919393
ETH,2022-04-27 17:00:00+00:00,2873.18,65048105.735744
ETH,2022-04-27 18:00:00+00:00,2848.45,42242130.853716
ETH,2022-04-27 19:00:00+00:00,2852.68,43119514.845376
ETH,2022-04-27 20:00:00+00:00,2864.94,57618198.781356
ETH,2022-04-27 21:00:00+00:00,2887.54,25762136.864016
ETH,2022-04-27 22:00:00+00:00,2875.08,25875030.614362
ETH,2022-04-27 23:00:00+00:00,2888.96,21976258.317123
ETH,2022-04-28 00:00:00+00:00,2894.77,34962314.585462
ETH,2022-04-28 01:00:00+00:00,2876.96,50027364.674325
ETH,2022-04-28 02:00:00+00:00,2896.37,27721454.260263
ETH,2022-04-28 03:00:00+00:00,2883.85,33652248.31912
ETH,2022-04-28 04:00:00+00:00,2891.73,23794815.35907
ETH,2022-04-28 05:00:00+00:00,2882.54,26181742.480755
ETH,2022-04-28 06:00:00+00:00,2885.99,20451300.237993
ETH,2022-04-28 07:00:00+00:00,2900.27,72770018.868607
ETH,2022-04-28 08:00:00+00:00,2931.13,95497323.022929
ETH,2022-04-28 09:00:00+00:00,2940.16,54530268.771477
ETH,2022-04-28 10:00:00+00:00,2930.35,37849895.019995
ETH,2022-04-28 11:00:00+00:00,2928.26,29267168.47097
ETH,2022-04-28 12:00:00+00:00,2914.99,66597939.38032
ETH,2022-04-28 13:00:00+00:00,2870.11,129972773.753992
ETH,2022-04-28 14:00:00+00:00,2879.59,96076222.068196
ETH,2022-04-28 15:00:00+00:00,2889.53,219266859.732236
ETH,2022-04-28 16:00:00+00:00,2934.71,116119922.854228
ETH,2022-04-28 17:00:00+00:00,2971.19,101686321.831847
ETH,2022-04-28 18:00:00+00:00,2963.64,69032642.646225
ETH,2022-04-28 19:00:00+00:00,2947.83,62813819.386762
ETH,2022-04-28 20:00:00+00:00,2947.52,89291189.076098
ETH,2022-04-28 21:00:00+00:00,2936.22,37562294.962341
ETH,2022-04-28 22:00:00+00:00,2928.66,37445800.180669
ETH,2022-04-28 23:00:00+00:00,2936.93,34904927.964803
ETH,2022-04-29 00:00:00+00:00,2943.74,34705389.186933
ETH,2022-04-29 01:00:00+00:00,2931.65,41168640.555775
ETH,2022-04-29 02:00:00+00:00,2911.17,65583817.058045
ETH,2022-04-29 03:00:00+00:00,2926.21,52059437.536204
ETH,2022-04-29 04:00:00+00:00,2920.01,40619952.190238
ETH,2022-04-29 05:00:00+00:00,2921.86,45322378.128666
ETH,2022-04-29 06:00:00+00:00,2920.77,35202404.706766
ETH,2022-04-29 07:00:00+00:00,2925.85,41240699.273108
ETH,2022-04-29 08:00:00+00:00,2906.29,36565521.189156
ETH,2022-04-29 09:00:00+00:00,2880.21,66122396.12337
ETH,2022-04-29 10:00:00+00:00,2862.63,62204130.13757
ETH,2022-04-29 11:00:00+00:00,2843.11,75446663.156627
ETH,2022-04-29 12:00:00+00:00,2859.46,75358271.5768
ETH,2022-04-29 13:00:00+00:00,2879.25,105357507.842685
ETH,2022-04-29 14:00:00+00:00,2859.1,84823166.730381
ETH,2022-04-29 15:00:00+00:00,2856.51,69238165.653989
ETH,2022-04-29 16:00:00+00:00,2815.93,96548317.666934
ETH,2022-04-29 17:00:00+00:00,2822.72,72102285.759567
ETH,2022-04-29 18:00:00+00:00,2816.19,93706148.479075
ETH,2022-04-29 19:00:00+00:00,2792.96,157437828.485261
ETH,2022-04-29 20:00:00+00:00,2807.18,68551564.816221
ETH,2022-04-29 21:00:00+00:00,2807.8,32045278.196654
ETH,2022-04-29 22:00:00+00:00,2819.26,29492314.935529
ETH,2022-04-29 23:00:00+00:00,2817.13,22966906.94747
ETH,2022-04-30 00:00:00+00:00,2826.25,34889204.013887
ETH,2022-04-30 01:00:00+00:00,2825.63,32883333.207366
ETH,2022-04-30 02:00:00+00:00,2825.04,37493711.529727
ETH,2022-04-30 03:00:00+00:00,2818.26,30508913.101614
ETH,2022-04-30 04:00:00+00:00,2820.99,27087435.193074
ETH,2022-04-30 05:00:00+00:00,2836.3,27887177.1412
ETH,2022-04-30 06:00:00+00:00,2831.58,22012170.241514
ETH,2022-04-30 07:00:00+00:00,2829.79,24192206.094072
ETH,2022-04-30 08:00:00+00:00,2822.3,35621326.444373
ETH,2022-04-30 09:00:00+00:00,2833.45,28087343.077601
ETH,2022-04-30 10:00:00+00:00,2830.08,30088712.829188
ETH,2022-04-30 11:00:00+00:00,2830.76,20713684.475496
ETH,2022-04-30 12:00:00+00:00,2825.02,22309735.851528
ETH,2022-04-30 13:00:00+00:00,2821.05,30698301.231286
ETH,2022-04-30 14:00:00+00:00,2784.0,87234553.399158
ETH,2022-04-30 15:00:00+00:00,2816.08,71530161.375355
ETH,2022-04-30 16:00:00+00:00,2801.57,36329951.006578
ETH,2022-04-30 17:00:00+00:00,2786.01,50714673.224039
ETH,2022-04-30 18:00:00+00:00,2794.0,37111936.232986
ETH,2022-04-30 19:00:00+00:00,2806.73,29275458.472428
ETH,2022-04-30 20:00:00+00:00,2790.03,25808804.793607
ETH,2022-04-30 21:00:00+00:00,2795.14,27805362.858576
ETH,2022-04-30 22:00:00+00:00,2781.21,41768568.497134
ETH,2022-04-30 23:00:00+00:00,2726.66,216061237.340919
ETH,2022-05-01 00:00:00+00:00,2736.52,93629004.731887
ETH,2022-05-01 01:00:00+00:00,2770.25,78838014.650819
ETH,2022-05-01 02:00:00+00:00,2758.16,44390387.138368
ETH,2022-05-01 03:00:00+00:00,2777.15,31730832.582601
ETH,2022-05-01 04:00:00+00:00,2772.53,62582125.2122
ETH,2022-05-01 05:00:00+00:00,2782.0,52407459.030795
ETH,2022-05-01 06:00:00+00:00,2776.05,36639759.808716
ETH,2022-05-01 07:00:00+00:00,2766.39,40172198.699455
ETH,2022-05-01 08:00:00+00:00,2778.31,35673757.528162
ETH,2022-05-01 09:00:00+00:00,2768.31,23463765.923907
ETH,2022-05-01 10:00:00+00:00,2766.42,22793148.259517
ETH,2022-05-01 11:00:00+00:00,2756.8,30941840.907057
ETH,2022-05-01 12:00:00+00:00,2763.88,40176942.813065
ETH,2022-05-01 13:00:00+00:00,2757.99,25479756.850559
ETH,2022-05-01 14:00:00+00:00,2760.19,34453077.106735
ETH,2022-05-01 15:00:00+00:00,2805.75,92711080.045329
ETH,2022-05-01 16:00:00+00:00,2812.2,74638036.218593
ETH,2022-05-01 17:00:00+00:00,2807.06,39337800.434709
ETH,2022-05-01 18:00:00+00:00,2773.22,45406045.913759
ETH,2022-05-01 19:00:00+00:00,2765.39,57460726.667307
ETH,2022-05-01 20:00:00+00:00,2813.19,53806996.05284
ETH,2022-05-01 21:00:00+00:00,2808.61,45333118.048751
ETH,2022-05-01 22:00:00+00:00,2806.98,65160317.759936
ETH,2022-05-01 23:00:00+00:00,2824.81,103701212.021084
ETH,2022-05-02 00:00:00+00:00,2841.41,78707561.700031
ETH,2022-05-02 01:00:00+00:00,2834.21,31657859.943455
ETH,2022-05-02 02:00:00+00:00,2839.15,29124050.182408
ETH,2022-05-02 03:00:00+00:00,2840.72,34851817.834962
ETH,2022-05-02 04:00:00+00:00,2856.81,49524750.156076
ETH,2022-05-02 05:00:00+00:00,2861.27,41003194.398347
ETH,2022-05-02 06:00:00+00:00,2857.66,38254434.869968
ETH,2022-05-02 07:00:00+00:00,2845.26,37567929.45776
ETH,2022-05-02 08:00:00+00:00,2838.83,37911183.107248
ETH,2022-05-02 09:00:00+00:00,2810.42,54039200.575768
ETH,2022-05-02 10:00:00+00:00,2806.14,43297655.837412
ETH,2022-05-02 11:00:00+00:00,2795.05,50028062.136674
ETH,2022-05-02 12:00:00+00:00,2795.57,48073436.690451
ETH,2022-05-02 13:00:00+00:00,2829.25,183063048.443305
ETH,2022-05-02 14:00:00+00:00,2828.0,130458681.295709
ETH,2022-05-02 15:00:00+00:00,2827.68,69498391.298901
ETH,2022-05-02 16:00:00+00:00,2809.0,69818867.890493
ETH,2022-05-02 17:00:00+00:00,2797.27,70123947.006813
ETH,2022-05-02 18:00:00+00:00,2801.0,78632454.320612
ETH,2022-05-02 19:00:00+00:00,2841.71,113149519.782103
ETH,2022-05-02 20:00:00+00:00,2826.99,44662890.778092
ETH,2022-05-02 21:00:00+00:00,2866.14,54111021.619569
ETH,2022-05-02 22:00:00+00:00,2861.91,52565669.216081
ETH,2022-05-02 23:00:00+00:00,2856.54,35937121.673939
ETH,2022-05-03 00:00:00+00:00,2836.91,51532192.840571
ETH,2022-05-03 01:00:00+00:00,2844.99,38225283.2004
ETH,2022-05-03 02:00:00+00:00,2839.99,34119729.864543
ETH,2022-05-03 03:00:00+00:00,2851.0,30981224.123915
ETH,2022-05-03 04:00:00+00:00,2849.13,24894161.412875
ETH,2022-05-03 05:00:00+00:00,2844.09,65504137.774078
ETH,2022-05-03 06:00:00+00:00,2840.3,23633773.03006
ETH,2022-05-03 07:00:00+00:00,2844.98,30249872.02417
ETH,2022-05-03 08:00:00+00:00,2844.77,27120067.635421
ETH,2022-05-03 09:00:00+00:00,2833.71,21507180.700096
ETH,2022-05-03 10:00:00+00:00,2830.54,25709353.397457
ETH,2022-05-03 11:00:00+00:00,2849.01,31091069.625608
ETH,2022-05-03 12:00:00+00:00,2837.77,28345431.577958
ETH,2022-05-03 13:00:00+00:00,2834.32,77956131.44618
ETH,2022-05-03 14:00:00+00:00,2822.3,65222862.164096
ETH,2022-05-03 15:00:00+00:00,2822.21,44268274.684686
ETH,2022-05-03 16:00:00+00:00,2806.46,68910623.603609
ETH,2022-05-03 17:00:00+00:00,2802.69,40835793.374762
ETH,2022-05-03 18:00:00+00:00,2783.95,101201128.966946
ETH,2022-05-03 19:00:00+00:00,2773.43,74376539.517042
ETH,2022-05-03 20:00:00+00:00,2783.78,42233055.649025
ETH,2022-05-03 21:00:00+00:00,2787.22,34485325.671155
ETH,2022-05-03 22:00:00+00:00,2784.9,35732302.012996
ETH,2022-05-03 23:00:00+00:00,2781.7,28172086.641257
ETH,2022-05-04 00:00:00+00:00,2793.7,36512618.834236
ETH,2022-05-04 01:00:00+00:00,2788.5,22351325.931218
ETH,2022-05-04 02:00:00+00:00,2793.01,28478329.879784
ETH,2022-05-04 03:00:00+00:00,2798.04,19260762.53045
ETH,2022-05-04 04:00:00+00:00,2794.01,25570536.489793
ETH,2022-05-04 05:00:00+00:00,2793.54,18589579.697073
ETH,2022-05-04 06:00:00+00:00,2816.89,45736260.262276
ETH,2022-05-04 07:00:00+00:00,2829.42,53340022.031427
ETH,2022-05-04 08:00:00+00:00,2843.47,84471948.143808
ETH,2022-05-04 09:00:00+00:00,2832.73,49882667.3028
ETH,2022-05-04 10:00:00+00:00,2864.54,88346778.862637
ETH,2022-05-04 11:00:00+00:00,2870.54,80131572.399107
ETH,2022-05-04 12:00:00+00:00,2859.77,65762985.212251
ETH,2022-05-04 13:00:00+00:00,2837.08,73403986.331127
ETH,2022-05-04 14:00:00+00:00,2838.04,49940352.96913
ETH,2022-05-04 15:00:00+00:00,2844.26,53240166.696075
ETH,2022-05-04 16:00:00+00:00,2857.86,70119590.467145
ETH,2022-05-04 17:00:00+00:00,2852.27,61360769.088304
ETH,2022-05-04 18:00:00+00:00,2935.0,307865120.287769
ETH,2022-05-04 19:00:00+00:00,2955.71,147664490.521468
ETH,2022-05-04 20:00:00+00:00,2946.0,57010617.20251
ETH,2022-05-04 21:00:00+00:00,2935.35,29502077.776318
ETH,2022-05-04 22:00:00+00:00,2925.3,59889779.740742
ETH,2022-05-04 23:00:00+00:00,2940.64,44468843.592943
ETH,2022-05-05 00:00:00+00:00,2942.99,51782486.282499
ETH,2022-05-05 01:00:00+00:00,2940.86,22099755.681427
ETH,2022-05-05 02:00:00+00:00,2947.49,30068953.956736
ETH,2022-05-05 03:00:00+00:00,2941.6,24133839.742022
ETH,2022-05-05 04:00:00+00:00,2945.45,19017148.741873
ETH,2022-05-05 05:00:00+00:00,2931.61,32416708.634403
ETH,2022-05-05 06:00:00+00:00,2928.66,25246762.482569
ETH,2022-05-05 07:00:00+00:00,2934.06,24305530.499821
ETH,2022-05-05 08:00:00+00:00,2925.04,42377398.418601
ETH,2022-05-05 09:00:00+00:00,2923.8,28816943.927878
ETH,2022-05-05 10:00:00+00:00,2928.06,30150337.11425
ETH,2022-05-05 11:00:00+00:00,2925.67,29724256.167342
ETH,2022-05-05 12:00:00+00:00,2929.47,28702566.632112
ETH,2022-05-05 13:00:00+00:00,2894.21,107966095.712326
ETH,2022-05-05 14:00:00+00:00,2830.42,194298554.699246
ETH,2022-05-05 15:00:00+00:00,2742.85,402707664.11971503
ETH,2022-05-05 16:00:00+00:00,2760.27,166097200.899846
ETH,2022-05-05 17:00:00+00:00,2743.04,98707005.100937
ETH,2022-05-05 18:00:00+00:00,2728.99,184456598.476243
ETH,2022-05-05 19:00:00+00:00,2729.12,256150127.166698
ETH,2022-05-05 20:00:00+00:00,2756.44,119313793.497278
ETH,2022-05-05 21:00:00+00:00,2738.21,43828240.073219
ETH,2022-05-05 22:00:00+00:00,2736.83,51404368.763804
ETH,2022-05-05 23:00:00+00:00,2747.97,41980161.425722
ETH,2022-05-06 00:00:00+00:00,2737.67,60706513.684842
ETH,2022-05-06 01:00:00+00:00,2739.15,40277452.140999
ETH,2022-05-06 02:00:00+00:00,2746.6,34880877.679821
ETH,2022-05-06 03:00:00+00:00,2746.39,32643843.769277
ETH,2022-05-06 04:00:00+00:00,2746.97,31483250.711647
ETH,2022-05-06 05:00:00+00:00,2751.63,24104371.592661
ETH,2022-05-06 06:00:00+00:00,2743.17,26309399.909307
ETH,2022-05-06 07:00:00+00:00,2730.2,98657061.788588
ETH,2022-05-06 08:00:00+00:00,2719.52,58945072.407594
ETH,2022-05-06 09:00:00+00:00,2732.69,31925747.314164
ETH,2022-05-06 10:00:00+00:00,2688.91,81644980.518807
ETH,2022-05-06 11:00:00+00:00,2676.04,127840764.432573
ETH,2022-05-06 12:00:00+00:00,2683.13,138373428.618224
ETH,2022-05-06 13:00:00+00:00,2664.64,236916420.041248
ETH,2022-05-06 14:00:00+00:00,2697.18,288556696.709104
ETH,2022-05-06 15:00:00+00:00,2688.25,139452530.064466
ETH,2022-05-06 16:00:00+00:00,2710.81,130126220.180071
ETH,2022-05-06 17:00:00+00:00,2685.24,99737024.683968
ETH,2022-05-06 18:00:00+00:00,2683.84,61364789.044224
ETH,2022-05-06 19:00:00+00:00,2689.31,69865746.754324
ETH,2022-05-06 20:00:00+00:00,2705.69,36459514.317272
ETH,2022-05-06 21:00:00+00:00,2689.24,17849580.174932
ETH,2022-05-06 22:00:00+00:00,2695.32,23939558.532825
ETH,2022-05-06 23:00:00+00:00,2692.85,26207088.094364
ETH,2022-05-07 00:00:00+00:00,2686.87,25959173.510393
ETH,2022-05-07 01:00:00+00:00,2687.85,20512169.775409
ETH,2022-05-07 02:00:00+00:00,2682.14,18948607.8937
ETH,2022-05-07 03:00:00+00:00,2669.42,26795745.900789
ETH,2022-05-07 04:00:00+00:00,2656.66,44896163.606011
ETH,2022-05-07 05:00:00+00:00,2678.24,26890850.787024
ETH,2022-05-07 06:00:00+00:00,2662.25,28384963.278547
ETH,2022-05-07 07:00:00+00:00,2672.45,28883241.276165
ETH,2022-05-07 08:00:00+00:00,2685.42,39694126.782353
ETH,2022-05-07 09:00:00+00:00,2684.0,21500568.64226
ETH,2022-05-07 10:00:00+00:00,2691.64,27983444.895301
ETH,2022-05-07 11:00:00+00:00,2688.9,35303191.152407
ETH,2022-05-07 12:00:00+00:00,2688.35,21451977.54505
ETH,2022-05-07 13:00:00+00:00,2674.7,56953455.486716
ETH,2022-05-07 14:00:00+00:00,2688.64,43047898.821354
ETH,2022-05-07 15:00:00+00:00,2692.67,35427225.348678
ETH,2022-05-07 16:00:00+00:00,2690.85,24378370.403282
ETH,2022-05-07 17:00:00+00:00,2682.32,19711869.445244
ETH,2022-05-07 18:00:00+00:00,2687.77,28699753.381761
ETH,2022-05-07 19:00:00+00:00,2682.94,12627455.159099
ETH,2022-05-07 20:00:00+00:00,2674.09,30484908.566906
ETH,2022-05-07 21:00:00+00:00,2621.74,76540615.113622
ETH,2022-05-07 22:00:00+00:00,2602.95,182273837.147856
ETH,2022-05-07 23:00:00+00:00,2635.34,110114439.510637
ETH,2022-05-08 00:00:00+00:00,2618.29,58793692.96498
ETH,2022-05-08 01:00:00+00:00,2595.49,97668585.73092
ETH,2022-05-08 02:00:00+00:00,2549.5,278010384.870081
ETH,2022-05-08 03:00:00+00:00,2545.08,172365486.885755
ETH,2022-05-08 04:00:00+00:00,2536.17,77233912.612389
ETH,2022-05-08 05:00:00+00:00,2537.24,50762346.5415
ETH,2022-05-08 06:00:00+00:00,2560.75,59881228.126131
ETH,2022-05-08 07:00:00+00:00,2556.6,42833790.467865
ETH,2022-05-08 08:00:00+00:00,2562.96,39209443.711472
ETH,2022-05-08 09:00:00+00:00,2550.93,33001995.044955
ETH,2022-05-08 10:00:00+00:00,2567.25,62577898.546262
ETH,2022-05-08 11:00:00+00:00,2568.09,35798827.738378
ETH,2022-05-08 12:00:00+00:00,2556.36,57842875.531732
ETH,2022-05-08 13:00:00+00:00,2524.0,79862914.631217
ETH,2022-05-08 14:00:00+00:00,2525.68,115876645.705191
ETH,2022-05-08 15:00:00+00:00,2517.0,48778945.539469
ETH,2022-05-08 16:00:00+00:00,2521.4,44583665.305947
ETH,2022-05-08 17:00:00+00:00,2529.48,274308288.908285
ETH,2022-05-08 18:00:00+00:00,2562.08,97147345.018273
ETH,2022-05-08 19:00:00+00:00,2562.01,32989065.404762
ETH,2022-05-08 20:00:00+00:00,2540.64,46081366.552184
ETH,2022-05-08 21:00:00+00:00,2555.57,25271851.687646
ETH,2022-05-08 22:00:00+00:00,2539.46,51859328.306618
ETH,2022-05-08 23:00:00+00:00,2519.71,47542708.827057
ETH,2022-05-09 00:00:00+00:00,2524.38,53056971.181553
ETH,2022-05-09 01:00:00+00:00,2505.82,48524290.797322
ETH,2022-05-09 02:00:00+00:00,2442.25,273641396.867752
ETH,2022-05-09 03:00:00+00:00,2457.56,88824136.329325
ETH,2022-05-09 04:00:00+00:00,2461.41,54171514.770705
ETH,2022-05-09 05:00:00+00:00,2443.68,62026338.343628
ETH,2022-05-09 06:00:00+00:00,2454.18,76628666.946668
ETH,2022-05-09 07:00:00+00:00,2447.86,54195493.914248
ETH,2022-05-09 08:00:00+00:00,2463.95,98750420.087051
ETH,2022-05-09 09:00:00+00:00,2445.66,75833111.264519
ETH,2022-05-09 10:00:00+00:00,2377.6,274639301.533429
ETH,2022-05-09 11:00:00+00:00,2406.03,149587930.052044
ETH,2022-05-09 12:00:00+00:00,2394.08,104905413.620799
ETH,2022-05-09 13:00:00+00:00,2413.91,218029228.427473
ETH,2022-05-09 14:00:00+00:00,2384.58,183001528.395873
ETH,2022-05-09 15:00:00+00:00,2381.87,204459692.524593
ETH,2022-05-09 16:00:00+00:00,2328.19,241772874.746494
ETH,2022-05-09 17:00:00+00:00,2299.87,333776984.5954
ETH,2022-05-09 18:00:00+00:00,2285.04,304387947.379695
ETH,2022-05-09 19:00:00+00:00,2270.68,252785693.368302
ETH,2022-05-09 20:00:00+00:00,2291.0,238748954.972268
ETH,2022-05-09 21:00:00+00:00,2276.25,127644456.80446
ETH,2022-05-09 22:00:00+00:00,2293.37,74484715.488433
ETH,2022-05-09 23:00:00+00:00,2228.55,131799570.724263
ETH,2022-05-10 00:00:00+00:00,2288.28,320163841.48341
ETH,2022-05-10 01:00:00+00:00,2310.89,234007560.215684
ETH,2022-05-10 02:00:00+00:00,2322.64,179390150.3176
ETH,2022-05-10 03:00:00+00:00,2300.79,154609993.647533
ETH,2022-05-10 04:00:00+00:00,2344.64,167608273.806545
ETH,2022-05-10 05:00:00+00:00,2405.0,229729959.175651
ETH,2022-05-10 06:00:00+00:00,2398.14,240941923.564047
ETH,2022-05-10 07:00:00+00:00,2373.68,168904595.984231
ETH,2022-05-10 08:00:00+00:00,2385.7,117622412.73985
ETH,2022-05-10 09:00:00+00:00,2374.01,133412013.767843
ETH,2022-05-10 10:00:00+00:00,2370.5,95416329.751492
ETH,2022-05-10 11:00:00+00:00,2402.0,101285039.008776
ETH,2022-05-10 12:00:00+00:00,2444.98,156993257.542806
ETH,2022-05-10 13:00:00+00:00,2425.76,218177760.882551
ETH,2022-05-10 14:00:00+00:00,2357.89,197656569.589841
ETH,2022-05-10 15:00:00+00:00,2361.99,188581867.748803
ETH,2022-05-10 16:00:00+00:00,2353.52,115873860.168792
ETH,2022-05-10 17:00:00+00:00,2400.38,107828744.666425
ETH,2022-05-10 18:00:00+00:00,2377.47,86753589.182248
ETH,2022-05-10 19:00:00+00:00,2354.28,81248256.888118
ETH,2022-05-10 20:00:00+00:00,2328.64,67704348.34805
ETH,2022-05-10 21:00:00+00:00,2263.91,84953203.025245
ETH,2022-05-10 22:00:00+00:00,2320.16,117205511.902134
ETH,2022-05-10 23:00:00+00:00,2342.05,84842942.655073
ETH,2022-05-11 00:00:00+00:00,2355.37,113529268.032009
ETH,2022-05-11 01:00:00+00:00,2337.13,68994857.765982
ETH,2022-05-11 02:00:00+00:00,2377.28,122232548.655863
ETH,2022-05-11 03:00:00+00:00,2360.53,79940460.81517
ETH,2022-05-11 04:00:00+00:00,2352.9,99493940.417835
ETH,2022-05-11 05:00:00+00:00,2380.93,161350035.340224
ETH,2022-05-11 06:00:00+00:00,2293.85,165470406.048797
ETH,2022-05-11 07:00:00+00:00,2315.13,289268483.051735
ETH,2022-05-11 08:00:00+00:00,2377.98,198610134.852982
ETH,2022-05-11 09:00:00+00:00,2436.07,242686061.697151
ETH,2022-05-11 10:00:00+00:00,2433.0,160140514.643417
ETH,2022-05-11 11:00:00+00:00,2410.22,140003486.637405
ETH,2022-05-11 12:00:00+00:00,2174.94,549224954.675171
ETH,2022-05-11 13:00:00+00:00,2341.08,488390406.96141696
ETH,2022-05-11 14:00:00+00:00,2349.05,322431392.875581
ETH,2022-05-11 15:00:00+00:00,2264.53,225961157.052922
ETH,2022-05-11 16:00:00+00:00,2209.3,179359233.758526
ETH,2022-05-11 17:00:00+00:00,2186.05,169392203.569427
ETH,2022-05-11 18:00:00+00:00,2178.31,125952999.236329
ETH,2022-05-11 19:00:00+00:00,2117.42,166949228.5366576
ETH,2022-05-11 20:00:00+00:00,2042.84,178136549.0235702
ETH,2022-05-11 21:00:00+00:00,2097.36,126724129.8009962
ETH,2022-05-11 22:00:00+00:00,2083.73,132095323.410858
ETH,2022-05-11 23:00:00+00:00,2084.99,99419343.138074
ETH,2022-05-12 00:00:00+00:00,2152.25,215306658.979575
ETH,2022-05-12 01:00:00+00:00,2104.86,142792279.748257
ETH,2022-05-12 02:00:00+00:00,2049.71,207077006.293588
ETH,2022-05-12 03:00:00+00:00,1971.56,243326602.158805
ETH,2022-05-12 04:00:00+00:00,1902.48,451746909.2074629
ETH,2022-05-12 05:00:00+00:00,1835.29,445037736.85347915
ETH,2022-05-12 06:00:00+00:00,1846.18,324723528.383216
ETH,2022-05-12 07:00:00+00:00,1916.3,374724148.67000496
ETH,2022-05-12 08:00:00+00:00,1914.68,251905060.938544
ETH,2022-05-12 09:00:00+00:00,1916.09,168760512.557227
ETH,2022-05-12 10:00:00+00:00,1979.36,158624886.241729
ETH,2022-05-12 11:00:00+00:00,1952.76,153528294.294364
ETH,2022-05-12 12:00:00+00:00,1959.35,115178860.559498
ETH,2022-05-12 13:00:00+00:00,1909.12,157744057.166303
ETH,2022-05-12 14:00:00+00:00,2026.04,188725000.043517
ETH,2022-05-12 15:00:00+00:00,1968.23,176871023.674248
ETH,2022-05-12 16:00:00+00:00,2026.31,147086409.739781
ETH,2022-05-12 17:00:00+00:00,1934.82,113485669.274358
ETH,2022-05-12 18:00:00+00:00,1910.62,84919339.651532
ETH,2022-05-12 19:00:00+00:00,1945.28,80888687.964522
ETH,2022-05-12 20:00:00+00:00,1930.49,60264915.903913
ETH,2022-05-12 21:00:00+00:00,1914.44,57613000.55091
ETH,2022-05-12 22:00:00+00:00,1924.18,70992532.224922
ETH,2022-05-12 23:00:00+00:00,1960.22,94195654.494129
ETH,2022-05-13 00:00:00+00:00,2013.13,126120682.755418
ETH,2022-05-13 01:00:00+00:00,2018.69,122096801.036961
ETH,2022-05-13 02:00:00+00:00,2065.05,155329741.376458
ETH,2022-05-13 03:00:00+00:00,2096.46,146719671.995133
ETH,2022-05-13 04:00:00+00:00,2089.67,84838052.953408
ETH,2022-05-13 05:00:00+00:00,2107.39,147202816.990557
ETH,2022-05-13 06:00:00+00:00,2094.53,82237587.862393
ETH,2022-05-13 07:00:00+00:00,2048.16,129124923.438231
ETH,2022-05-13 08:00:00+00:00,2068.88,79092257.339505
ETH,2022-05-13 09:00:00+00:00,2076.8,81777373.837849
ETH,2022-05-13 10:00:00+00:00,2097.04,76012677.549479
ETH,2022-05-13 11:00:00+00:00,2114.99,104217517.175767
ETH,2022-05-13 12:00:00+00:00,2120.23,110323261.324987
ETH,2022-05-13 13:00:00+00:00,2124.73,145155470.161404
ETH,2022-05-13 14:00:00+00:00,2127.83,148886487.428545
ETH,2022-05-13 15:00:00+00:00,2093.61,94471643.524506
ETH,2022-05-13 16:00:00+00:00,2067.64,115962760.0463
ETH,2022-05-13 17:00:00+00:00,2052.01,76694860.900367
ETH,2022-05-13 18:00:00+00:00,2076.5,108145915.402744
ETH,2022-05-13 19:00:00+00:00,2064.79,49573792.492906
ETH,2022-05-13 20:00:00+00:00,2046.68,38035089.891374
ETH,2022-05-13 21:00:00+00:00,2077.0,23432057.868762
ETH,2022-05-13 22:00:00+00:00,2058.81,34865253.651833
ETH,2022-05-13 23:00:00+00:00,2009.69,74827785.309181
ETH,2022-05-14 00:00:00+00:00,2038.85,66801823.523104
ETH,2022-05-14 01:00:00+00:00,2059.9,60701675.756147
ETH,2022-05-14 02:00:00+00:00,2047.15,43105838.595559
ETH,2022-05-14 03:00:00+00:00,2054.4,37341475.834702
ETH,2022-05-14 04:00:00+00:00,2023.24,41230429.568804
ETH,2022-05-14 05:00:00+00:00,2036.0,37837825.933814
ETH,2022-05-14 06:00:00+00:00,2042.45,29315924.534375
ETH,2022-05-14 07:00:00+00:00,2031.94,27282237.904858
ETH,2022-05-14 08:00:00+00:00,2042.07,42408684.248804
ETH,2022-05-14 09:00:00+00:00,2028.75,52588092.307171
ETH,2022-05-14 10:00:00+00:00,2013.79,41059867.760126
ETH,2022-05-14 11:00:00+00:00,1985.62,122696513.258185
ETH,2022-05-14 12:00:00+00:00,1984.99,46222016.850509
ETH,2022-05-14 13:00:00+00:00,1962.59,57034365.913602
ETH,2022-05-14 14:00:00+00:00,1972.94,53388822.016475
ETH,2022-05-14 15:00:00+00:00,1963.68,37449556.189462
ETH,2022-05-14 16:00:00+00:00,2008.23,80614480.488943
ETH,2022-05-14 17:00:00+00:00,2017.48,42006047.51879
ETH,2022-05-14 18:00:00+00:00,2013.76,44067175.190417
ETH,2022-05-14 19:00:00+00:00,1996.06,27556655.807568
ETH,2022-05-14 20:00:00+00:00,1998.34,28648032.835742
ETH,2022-05-14 21:00:00+00:00,2027.76,30047225.139718
ETH,2022-05-14 22:00:00+00:00,2055.84,43708246.073349
ETH,2022-05-14 23:00:00+00:00,2056.48,43057822.495593
ETH,2022-05-15 00:00:00+00:00,2053.07,48949737.650254
ETH,2022-05-15 01:00:00+00:00,2040.5,28521756.263477
ETH,2022-05-15 02:00:00+00:00,2031.99,32464032.336593
ETH,2022-05-15 03:00:00+00:00,2014.2,35802440.630896
ETH,2022-05-15 04:00:00+00:00,2015.29,26665648.1582
ETH,2022-05-15 05:00:00+00:00,2033.23,30462672.866222
ETH,2022-05-15 06:00:00+00:00,2036.35,26375920.696915
ETH,2022-05-15 07:00:00+00:00,2037.55,34087707.117629
ETH,2022-05-15 08:00:00+00:00,2022.53,30235454.626637
ETH,2022-05-15 09:00:00+00:00,2036.07,40218550.160811
ETH,2022-05-15 10:00:00+00:00,2054.88,36275820.857844
ETH,2022-05-15 11:00:00+00:00,2080.49,66679733.78165
ETH,2022-05-15 12:00:00+00:00,2084.19,69865753.51176
ETH,2022-05-15 13:00:00+00:00,2070.21,46970564.100593
ETH,2022-05-15 14:00:00+00:00,2068.0,49497676.711677
ETH,2022-05-15 15:00:00+00:00,2062.57,40701311.266055
ETH,2022-05-15 16:00:00+00:00,2083.11,41140234.756822
ETH,2022-05-15 17:00:00+00:00,2067.58,32736933.419242
ETH,2022-05-15 18:00:00+00:00,2088.56,42114500.719212
ETH,2022-05-15 19:00:00+00:00,2104.05,31898319.981771
ETH,2022-05-15 20:00:00+00:00,2132.28,101063800.022429
ETH,2022-05-15 21:00:00+00:00,2135.39,36238872.408028
ETH,2022-05-15 22:00:00+00:00,2130.37,95897858.719957
ETH,2022-05-15 23:00:00+00:00,2145.29,42930294.787758
ETH,2022-05-16 00:00:00+00:00,2122.14,51034097.763576
ETH,2022-05-16 01:00:00+00:00,2093.8,74372911.625462
ETH,2022-05-16 02:00:00+00:00,2086.33,58395302.850878
ETH,2022-05-16 03:00:00+00:00,2076.19,55745470.225536
ETH,2022-05-16 04:00:00+00:00,2071.5,53842675.625777
ETH,2022-05-16 05:00:00+00:00,2068.11,32529061.792788
ETH,2022-05-16 06:00:00+00:00,2009.12,147999946.704292
ETH,2022-05-16 07:00:00+00:00,2011.92,85811847.364401
ETH,2022-05-16 08:00:00+00:00,2028.09,45428616.057416
ETH,2022-05-16 09:00:00+00:00,2007.06,59400861.305071
ETH,2022-05-16 10:00:00+00:00,2049.68,99983004.50993
ETH,2022-05-16 11:00:00+00:00,2031.17,58854229.07981
ETH,2022-05-16 12:00:00+00:00,2029.78,116030475.073907
ETH,2022-05-16 13:00:00+00:00,1994.63,135488983.28487
ETH,2022-05-16 14:00:00+00:00,1999.06,71427926.547303
ETH,2022-05-16 15:00:00+00:00,2014.29,86691766.18572
ETH,2022-05-16 16:00:00+00:00,1992.26,107029444.137572
ETH,2022-05-16 17:00:00+00:00,2021.78,59559226.655384
ETH,2022-05-16 18:00:00+00:00,2035.65,55616563.869407
ETH,2022-05-16 19:00:00+00:00,2007.15,48558158.571198
ETH,2022-05-16 20:00:00+00:00,2035.41,30896898.653749
ETH,2022-05-16 21:00:00+00:00,2048.38,33287568.010225
ETH,2022-05-16 22:00:00+00:00,2033.32,62437538.972714
ETH,2022-05-16 23:00:00+00:00,2023.66,41902176.745658
ETH,2022-05-17 00:00:00+00:00,2047.45,46188391.468125
ETH,2022-05-17 01:00:00+00:00,2038.16,42082149.18049
ETH,2022-05-17 02:00:00+00:00,2046.31,25036948.311694
ETH,2022-05-17 03:00:00+00:00,2073.49,58941645.92826
ETH,2022-05-17 04:00:00+00:00,2076.48,37279442.719459
ETH,2022-05-17 05:00:00+00:00,2081.53,27034212.52425
ETH,2022-05-17 06:00:00+00:00,2089.05,33690628.380098
ETH,2022-05-17 07:00:00+00:00,2070.64,40853153.41797
ETH,2022-05-17 08:00:00+00:00,2084.38,38950530.666989
ETH,2022-05-17 09:00:00+00:00,2090.8,28070300.563289
ETH,2022-05-17 10:00:00+00:00,2082.34,30471635.002406
ETH,2022-05-17 11:00:00+00:00,2080.72,34407255.727707
ETH,2022-05-17 12:00:00+00:00,2099.06,56889001.960455
ETH,2022-05-17 13:00:00+00:00,2100.23,94469360.190103
ETH,2022-05-17 14:00:00+00:00,2055.86,114431635.681933
ETH,2022-05-17 15:00:00+00:00,2061.08,66163832.572088
ETH,2022-05-17 16:00:00+00:00,2059.56,59825810.705986
ETH,2022-05-17 17:00:00+00:00,2057.85,37574101.641496
ETH,2022-05-17 18:00:00+00:00,2028.71,105406410.778535
ETH,2022-05-17 19:00:00+00:00,2046.66,57695627.860367
ETH,2022-05-17 20:00:00+00:00,2053.75,24594608.681956
ETH,2022-05-17 21:00:00+00:00,2086.75,24214957.688665
ETH,2022-05-17 22:00:00+00:00,2081.57,43341987.331305
ETH,2022-05-17 23:00:00+00:00,2090.72,47454647.054635
ETH,2022-05-18 00:00:00+00:00,2091.68,45887196.292883
ETH,2022-05-18 01:00:00+00:00,2067.19,32721633.155437
ETH,2022-05-18 02:00:00+00:00,2072.17,31756531.954378
ETH,2022-05-18 03:00:00+00:00,2039.0,79589448.927831
ETH,2022-05-18 04:00:00+00:00,2033.48,37979721.410685
ETH,2022-05-18 05:00:00+00:00,2048.46,38216836.409128
ETH,2022-05-18 06:00:00+00:00,2019.76,57889933.344191
ETH,2022-05-18 07:00:00+00:00,2038.7,36413514.311234
ETH,2022-05-18 08:00:00+00:00,2035.4,24728378.556341
ETH,2022-05-18 09:00:00+00:00,2036.43,30538078.451804
ETH,2022-05-18 10:00:00+00:00,2040.24,52990601.909469
ETH,2022-05-18 11:00:00+00:00,2031.32,29602565.066881
ETH,2022-05-18 12:00:00+00:00,1998.28,56020029.543432
ETH,2022-05-18 13:00:00+00:00,1986.96,89367608.032261
ETH,2022-05-18 14:00:00+00:00,1976.27,73757621.927842
ETH,2022-05-18 15:00:00+00:00,1956.07,91601982.158109
ETH,2022-05-18 16:00:00+00:00,1977.53,88881811.728484
ETH,2022-05-18 17:00:00+00:00,1959.96,45663389.193915
ETH,2022-05-18 18:00:00+00:00,1970.32,40625846.032838
ETH,2022-05-18 19:00:00+00:00,1981.59,64790855.084234
ETH,2022-05-18 20:00:00+00:00,1967.11,50480301.488175
ETH,2022-05-18 21:00:00+00:00,1964.01,20743889.312814
ETH,2022-05-18 22:00:00+00:00,1948.11,53026435.639244
ETH,2022-05-18 23:00:00+00:00,1915.11,89017929.482593
ETH,2022-05-19 00:00:00+00:00,1932.01,68813094.942254
ETH,2022-05-19 01:00:00+00:00,1909.48,49014404.023222
ETH,2022-05-19 02:00:00+00:00,1945.71,79285207.333126
ETH,2022-05-19 03:00:00+00:00,1953.7,59999158.328892
ETH,2022-05-19 04:00:00+00:00,1948.37,36617343.289616
ETH,2022-05-19 05:00:00+00:00,1946.82,28991490.024279
ETH,2022-05-19 06:00:00+00:00,1966.01,39358041.830289
ETH,2022-05-19 07:00:00+00:00,1952.07,49309898.227343
ETH,2022-05-19 08:00:00+00:00,1932.99,51000431.649907
ETH,2022-05-19 09:00:00+00:00,1929.79,74062978.8305
ETH,2022-05-19 10:00:00+00:00,1940.74,51343306.309911
ETH,2022-05-19 11:00:00+00:00,1965.54,63808012.836656
ETH,2022-05-19 12:00:00+00:00,1953.0,53713268.722948
ETH,2022-05-19 13:00:00+00:00,1960.95,130717121.757667
ETH,2022-05-19 14:00:00+00:00,1980.0,99740987.009437
ETH,2022-05-19 15:00:00+00:00,2023.83,144681035.155672
ETH,2022-05-19 16:00:00+00:00,2011.98,66063862.682841
ETH,2022-05-19 17:00:00+00:00,2015.51,72659983.676504
ETH,2022-05-19 18:00:00+00:00,2014.4,54465857.067587
ETH,2022-05-19 19:00:00+00:00,1993.56,58515922.814825
ETH,2022-05-19 20:00:00+00:00,2015.96,29842437.029331
ETH,2022-05-19 21:00:00+00:00,2013.9,30831026.725358
ETH,2022-05-19 22:00:00+00:00,2006.53,25404186.476446
ETH,2022-05-19 23:00:00+00:00,2019.55,43548927.646415
ETH,2022-05-20 00:00:00+00:00,2015.83,27670395.817889
ETH,2022-05-20 01:00:00+00:00,2035.48,69331023.150228
ETH,2022-05-20 02:00:00+00:00,2029.88,33347676.930195
ETH,2022-05-20 03:00:00+00:00,2023.03,20889347.788432
ETH,2022-05-20 04:00:00+00:00,2020.25,36207758.483407
ETH,2022-05-20 05:00:00+00:00,2027.69,20494424.982055
ETH,2022-05-20 06:00:00+00:00,2014.39,36750457.285267
ETH,2022-05-20 07:00:00+00:00,2025.55,41851344.189427
ETH,2022-05-20 08:00:00+00:00,2027.93,31004153.442432
ETH,2022-05-20 09:00:00+00:00,2038.6,28031314.61019
ETH,2022-05-20 10:00:00+00:00,2048.0,28175976.547701
ETH,2022-05-20 11:00:00+00:00,2054.51,55075059.594029
ETH,2022-05-20 12:00:00+00:00,2036.64,59040011.400854
ETH,2022-05-20 13:00:00+00:00,2044.38,84252576.251586
ETH,2022-05-20 14:00:00+00:00,1986.73,106026699.289643
ETH,2022-05-20 15:00:00+00:00,1960.99,113012314.000596
ETH,2022-05-20 16:00:00+00:00,1934.39,94489962.537958
ETH,2022-05-20 17:00:00+00:00,1938.49,61842081.670148
ETH,2022-05-20 18:00:00+00:00,1940.5,44821843.740935
ETH,2022-05-20 19:00:00+00:00,1968.27,59505978.92141
ETH,2022-05-20 20:00:00+00:00,1960.37,29814870.723436
ETH,2022-05-20 21:00:00+00:00,1959.5,15021603.342289
ETH,2022-05-20 22:00:00+00:00,1953.37,21836319.477894
ETH,2022-05-20 23:00:00+00:00,1959.08,33346650.429966
ETH,2022-05-21 00:00:00+00:00,1963.41,27966670.583615
ETH,2022-05-21 01:00:00+00:00,1951.93,38414250.734418
ETH,2022-05-21 02:00:00+00:00,1959.4,16458154.126017
ETH,2022-05-21 03:00:00+00:00,1967.75,17802824.342484
ETH,2022-05-21 04:00:00+00:00,1965.17,13176875.236867
ETH,2022-05-21 05:00:00+00:00,1966.94,21382007.227976
ETH,2022-05-21 06:00:00+00:00,1972.08,18256392.44391
ETH,2022-05-21 07:00:00+00:00,1978.63,24684620.875273
ETH,2022-05-21 08:00:00+00:00,1978.79,18105515.419082
ETH,2022-05-21 09:00:00+00:00,1973.41,14647696.266405
ETH,2022-05-21 10:00:00+00:00,1970.84,16390742.805116
ETH,2022-05-21 11:00:00+00:00,1970.46,17462466.657148
ETH,2022-05-21 12:00:00+00:00,1970.29,15928533.372307
ETH,2022-05-21 13:00:00+00:00,1969.37,13780225.234016
ETH,2022-05-21 14:00:00+00:00,1978.0,27305815.380254
ETH,2022-05-21 15:00:00+00:00,1980.38,37704459.665421
ETH,2022-05-21 16:00:00+00:00,1981.2,30138929.211967
ETH,2022-05-21 17:00:00+00:00,1976.19,22283555.016416
ETH,2022-05-21 18:00:00+00:00,1984.47,16703224.124894
ETH,2022-05-21 19:00:00+00:00,1981.4,13352566.441684
ETH,2022-05-21 20:00:00+00:00,1976.52,15151515.462268
ETH,2022-05-21 21:00:00+00:00,1968.26,10866963.809228
ETH,2022-05-21 22:00:00+00:00,1974.79,10456824.92302
ETH,2022-05-21 23:00:00+00:00,1975.07,12293843.224956
ETH,2022-05-22 00:00:00+00:00,1978.0,14679843.179281
ETH,2022-05-22 01:00:00+00:00,1980.47,12279734.373856
ETH,2022-05-22 02:00:00+00:00,1975.54,14855677.326769
ETH,2022-05-22 03:00:00+00:00,1974.14,16617203.44294
ETH,2022-05-22 04:00:00+00:00,1966.56,14663058.826661
ETH,2022-05-22 05:00:00+00:00,1972.54,13459780.625687
ETH,2022-05-22 06:00:00+00:00,1974.87,11388656.981734
ETH,2022-05-22 07:00:00+00:00,1975.86,14059125.996542
ETH,2022-05-22 08:00:00+00:00,1984.12,21684268.685329
ETH,2022-05-22 09:00:00+00:00,2027.56,99275165.420962
ETH,2022-05-22 10:00:00+00:00,2028.28,46516989.763875
ETH,2022-05-22 11:00:00+00:00,2017.36,57629279.284305
ETH,2022-05-22 12:00:00+00:00,2027.74,34439574.799668
ETH,2022-05-22 13:00:00+00:00,2022.28,21265115.971915
ETH,2022-05-22 14:00:00+00:00,2017.68,31569584.999114
ETH,2022-05-22 15:00:00+00:00,2004.58,54764434.991341
ETH,2022-05-22 16:00:00+00:00,2009.06,29948888.818394
ETH,2022-05-22 17:00:00+00:00,2007.03,39508226.291771
ETH,2022-05-22 18:00:00+00:00,2013.47,17062756.262021
ETH,2022-05-22 19:00:00+00:00,2007.41,12579077.82121
ETH,2022-05-22 20:00:00+00:00,2008.22,16915217.763473
ETH,2022-05-22 21:00:00+00:00,2016.66,12819370.571218
ETH,2022-05-22 22:00:00+00:00,2035.42,73529325.343415
ETH,2022-05-22 23:00:00+00:00,2043.19,33934828.086358
ETH,2022-05-23 00:00:00+00:00,2042.31,39072074.200454
ETH,2022-05-23 01:00:00+00:00,2034.52,25426778.532499
ETH,2022-05-23 02:00:00+00:00,2028.2,35411176.977774
ETH,2022-05-23 03:00:00+00:00,2030.84,19838184.444897
ETH,2022-05-23 04:00:00+00:00,2027.83,25979075.837121
ETH,2022-05-23 05:00:00+00:00,2043.24,28791589.071128
ETH,2022-05-23 06:00:00+00:00,2057.23,54610287.37632
ETH,2022-05-23 07:00:00+00:00,2066.77,77229130.253672
ETH,2022-05-23 08:00:00+00:00,2055.02,51451054.321929
ETH,2022-05-23 09:00:00+00:00,2067.28,30110375.008857
ETH,2022-05-23 10:00:00+00:00,2073.94,37839422.231088
ETH,2022-05-23 11:00:00+00:00,2068.96,43957096.669134
ETH,2022-05-23 12:00:00+00:00,2065.86,46540185.407658
ETH,2022-05-23 13:00:00+00:00,2057.06,92813015.682801
ETH,2022-05-23 14:00:00+00:00,2058.35,114898998.142931
ETH,2022-05-23 15:00:00+00:00,2065.0,63545229.036014
ETH,2022-05-23 16:00:00+00:00,2058.33,60663549.449069
ETH,2022-05-23 17:00:00+00:00,2050.43,42240929.682621
ETH,2022-05-23 18:00:00+00:00,2031.93,56511882.470067
ETH,2022-05-23 19:00:00+00:00,1981.0,137090070.641368
ETH,2022-05-23 20:00:00+00:00,1999.65,61724200.611668
ETH,2022-05-23 21:00:00+00:00,1994.21,24918321.542001
ETH,2022-05-23 22:00:00+00:00,1978.1,71872136.411515
ETH,2022-05-23 23:00:00+00:00,1973.32,54065020.110725
ETH,2022-05-24 00:00:00+00:00,1980.82,37682021.602733
ETH,2022-05-24 01:00:00+00:00,1986.39,23869426.445862
ETH,2022-05-24 02:00:00+00:00,1985.03,18550533.699694
ETH,2022-05-24 03:00:00+00:00,1987.9,13959200.844736
ETH,2022-05-24 04:00:00+00:00,1987.63,22260731.384092
ETH,2022-05-24 05:00:00+00:00,1982.42,17687098.113779
ETH,2022-05-24 06:00:00+00:00,1980.8,20677681.898743
ETH,2022-05-24 07:00:00+00:00,1985.22,21061496.481026
ETH,2022-05-24 08:00:00+00:00,1963.17,32311456.99075
ETH,2022-05-24 09:00:00+00:00,1972.9,49414858.62573
ETH,2022-05-24 10:00:00+00:00,1976.55,38061435.229764
ETH,2022-05-24 11:00:00+00:00,1966.36,39423912.724709
ETH,2022-05-24 12:00:00+00:00,1966.7,39013029.818274
ETH,2022-05-24 13:00:00+00:00,1931.99,88867729.463473
ETH,2022-05-24 14:00:00+00:00,1936.86,122452463.336072
ETH,2022-05-24 15:00:00+00:00,1962.72,96256592.455265
ETH,2022-05-24 16:00:00+00:00,1958.79,66267227.498731
ETH,2022-05-24 17:00:00+00:00,1958.57,61350691.047104
ETH,2022-05-24 18:00:00+00:00,1944.57,52739014.37706
ETH,2022-05-24 19:00:00+00:00,1962.85,47773956.611811
ETH,2022-05-24 20:00:00+00:00,1970.31,24564524.890796
ETH,2022-05-24 21:00:00+00:00,1983.57,21122242.204099
ETH,2022-05-24 22:00:00+00:00,1982.88,45691219.338584
ETH,2022-05-24 23:00:00+00:00,1979.41,46805654.849482
ETH,2022-05-25 00:00:00+00:00,1974.95,28043480.131611
ETH,2022-05-25 01:00:00+00:00,1986.33,22629536.360017
ETH,2022-05-25 02:00:00+00:00,2015.44,78970120.784695
ETH,2022-05-25 03:00:00+00:00,2014.2,36820113.178119
ETH,2022-05-25 04:00:00+00:00,2006.15,26031568.173322
ETH,2022-05-25 05:00:00+00:00,1987.56,32934271.800328
ETH,2022-05-25 06:00:00+00:00,1984.83,33698646.030221
ETH,2022-05-25 07:00:00+00:00,1977.04,20592002.24369
ETH,2022-05-25 08:00:00+00:00,1976.69,39432132.847383
ETH,2022-05-25 09:00:00+00:00,1975.3,37402658.770858
ETH,2022-05-25 10:00:00+00:00,1963.44,26118672.159385
ETH,2022-05-25 11:00:00+00:00,1944.07,48448579.865185
ETH,2022-05-25 12:00:00+00:00,1957.67,61076533.339887
ETH,2022-05-25 13:00:00+00:00,1973.15,90900514.349667
ETH,2022-05-25 14:00:00+00:00,1970.55,70195702.958654
ETH,2022-05-25 15:00:00+00:00,1964.53,44517901.876481
ETH,2022-05-25 16:00:00+00:00,1954.29,48167017.064539
ETH,2022-05-25 17:00:00+00:00,1962.56,31022691.352242
ETH,2022-05-25 18:00:00+00:00,1975.61,104124924.07579
ETH,2022-05-25 19:00:00+00:00,1951.59,44283183.769453
ETH,2022-05-25 20:00:00+00:00,1960.88,26616946.086961
ETH,2022-05-25 21:00:00+00:00,1967.89,19955836.535261
ETH,2022-05-25 22:00:00+00:00,1965.16,24536913.183477
ETH,2022-05-25 23:00:00+00:00,1942.63,38402851.485459
ETH,2022-05-26 00:00:00+00:00,1959.36,39163899.458672
ETH,2022-05-26 01:00:00+00:00,1944.39,23219424.87796
ETH,2022-05-26 02:00:00+00:00,1952.11,16816678.750316
ETH,2022-05-26 03:00:00+00:00,1948.46,36949856.706263
ETH,2022-05-26 04:00:00+00:00,1938.32,21781231.533261
ETH,2022-05-26 05:00:00+00:00,1925.18,60825923.674952
ETH,2022-05-26 06:00:00+00:00,1923.1,79762738.275191
ETH,2022-05-26 07:00:00+00:00,1926.36,44495050.050254
ETH,2022-05-26 08:00:00+00:00,1834.17,239351016.216019
ETH,2022-05-26 09:00:00+00:00,1838.85,97006724.968696
ETH,2022-05-26 10:00:00+00:00,1831.61,40122656.588934
ETH,2022-05-26 11:00:00+00:00,1816.57,136480317.94561
ETH,2022-05-26 12:00:00+00:00,1811.67,115744059.6369585
ETH,2022-05-26 13:00:00+00:00,1810.43,317656890.6383748
ETH,2022-05-26 14:00:00+00:00,1853.96,193089787.311322
ETH,2022-05-26 15:00:00+00:00,1862.02,98883976.0177
ETH,2022-05-26 16:00:00+00:00,1883.33,151575311.855992
ETH,2022-05-26 17:00:00+00:00,1876.55,48917619.791501
ETH,2022-05-26 18:00:00+00:00,1862.0,49338198.300301
ETH,2022-05-26 19:00:00+00:00,1826.56,86945201.325396
ETH,2022-05-26 20:00:00+00:00,1827.46,64233600.782558
ETH,2022-05-26 21:00:00+00:00,1833.74,56326694.518122
ETH,2022-05-26 22:00:00+00:00,1820.62,43052215.927093
ETH,2022-05-26 23:00:00+00:00,1792.23,95846398.363968
ETH,2022-05-27 00:00:00+00:00,1773.89,111933844.677301
ETH,2022-05-27 01:00:00+00:00,1743.21,175992887.526718
ETH,2022-05-27 02:00:00+00:00,1753.34,151297100.2949363
ETH,2022-05-27 03:00:00+00:00,1768.0,78346882.417435
ETH,2022-05-27 04:00:00+00:00,1745.29,73789788.311557
ETH,2022-05-27 05:00:00+00:00,1736.36,125197915.4689896
ETH,2022-05-27 06:00:00+00:00,1770.71,122913985.426992
ETH,2022-05-27 07:00:00+00:00,1764.6,108500794.800195
ETH,2022-05-27 08:00:00+00:00,1766.32,92298801.259907
ETH,2022-05-27 09:00:00+00:00,1785.01,63788061.420201
ETH,2022-05-27 10:00:00+00:00,1759.57,68413808.968628
ETH,2022-05-27 11:00:00+00:00,1771.25,89324063.434858
ETH,2022-05-27 12:00:00+00:00,1812.23,146632657.072645
ETH,2022-05-27 13:00:00+00:00,1815.32,93466535.089043
ETH,2022-05-27 14:00:00+00:00,1768.47,97520342.101175
ETH,2022-05-27 15:00:00+00:00,1764.33,89197997.400826
ETH,2022-05-27 16:00:00+00:00,1746.46,81729691.738772
ETH,2022-05-27 17:00:00+00:00,1732.38,105293774.899694
ETH,2022-05-27 18:00:00+00:00,1728.47,94573622.006499
ETH,2022-05-27 19:00:00+00:00,1754.32,90117903.342282
ETH,2022-05-27 20:00:00+00:00,1745.16,71751875.013195
ETH,2022-05-27 21:00:00+00:00,1734.23,30331982.49794
ETH,2022-05-27 22:00:00+00:00,1742.14,32812130.889043
ETH,2022-05-27 23:00:00+00:00,1727.27,89640377.978743
ETH,2022-05-28 00:00:00+00:00,1748.38,60457202.937399
ETH,2022-05-28 01:00:00+00:00,1730.26,59804107.771797
ETH,2022-05-28 02:00:00+00:00,1729.38,37200027.373219
ETH,2022-05-28 03:00:00+00:00,1765.08,83444996.004208
ETH,2022-05-28 04:00:00+00:00,1762.12,35948420.571757
ETH,2022-05-28 05:00:00+00:00,1771.35,56915685.508566
ETH,2022-05-28 06:00:00+00:00,1765.85,29352648.046674
ETH,2022-05-28 07:00:00+00:00,1765.46,27131864.375642
ETH,2022-05-28 08:00:00+00:00,1760.4,34263295.822834
ETH,2022-05-28 09:00:00+00:00,1757.0,22245941.72115
ETH,2022-05-28 10:00:00+00:00,1761.54,21414135.879941
ETH,2022-05-28 11:00:00+00:00,1772.97,48620864.775568
ETH,2022-05-28 12:00:00+00:00,1787.03,38054717.049586
ETH,2022-05-28 13:00:00+00:00,1788.61,72513207.113172
ETH,2022-05-28 14:00:00+00:00,1780.83,30295367.396998
ETH,2022-05-28 15:00:00+00:00,1795.11,53684608.990979
ETH,2022-05-28 16:00:00+00:00,1773.52,57162817.474238
ETH,2022-05-28 17:00:00+00:00,1776.65,89666302.199675
ETH,2022-05-28 18:00:00+00:00,1788.76,22808787.37486
ETH,2022-05-28 19:00:00+00:00,1793.56,28156304.565767
ETH,2022-05-28 20:00:00+00:00,1793.62,16968724.959221
ETH,2022-05-28 21:00:00+00:00,1784.45,15624602.328824
ETH,2022-05-28 22:00:00+00:00,1784.34,13089922.614416
ETH,2022-05-28 23:00:00+00:00,1792.22,33250371.694598
ETH,2022-05-29 00:00:00+00:00,1789.66,29897604.405607
ETH,2022-05-29 01:00:00+00:00,1776.23,42103062.221665
ETH,2022-05-29 02:00:00+00:00,1768.57,64241691.169607
ETH,2022-05-29 03:00:00+00:00,1776.46,22202010.423321
ETH,2022-05-29 04:00:00+00:00,1775.26,19516636.369734
ETH,2022-05-29 05:00:00+00:00,1784.78,26372797.789969
ETH,2022-05-29 06:00:00+00:00,1783.07,21025205.603078
ETH,2022-05-29 07:00:00+00:00,1783.8,14335470.994357
ETH,2022-05-29 08:00:00+00:00,1785.71,31914374.268833
ETH,2022-05-29 09:00:00+00:00,1779.72,27160382.217666
ETH,2022-05-29 10:00:00+00:00,1795.95,43539898.88506
ETH,2022-05-29 11:00:00+00:00,1802.0,28371142.965227
ETH,2022-05-29 12:00:00+00:00,1814.18,65034383.279992
ETH,2022-05-29 13:00:00+00:00,1809.61,40132054.707418
ETH,2022-05-29 14:00:00+00:00,1805.27,28344867.149952
ETH,2022-05-29 15:00:00+00:00,1797.23,38362874.639994
ETH,2022-05-29 16:00:00+00:00,1804.01,23319522.221619
ETH,2022-05-29 17:00:00+00:00,1798.84,21333359.142011
ETH,2022-05-29 18:00:00+00:00,1795.07,17294685.437426
ETH,2022-05-29 19:00:00+00:00,1788.53,29313518.98469
ETH,2022-05-29 20:00:00+00:00,1797.33,18871494.868279
ETH,2022-05-29 21:00:00+00:00,1803.52,13099126.330699
ETH,2022-05-29 22:00:00+00:00,1810.66,83446957.432515
ETH,2022-05-29 23:00:00+00:00,1813.64,26813555.54921
ETH,2022-05-30 00:00:00+00:00,1805.63,22261297.195205
ETH,2022-05-30 01:00:00+00:00,1845.31,98061620.826793
ETH,2022-05-30 02:00:00+00:00,1875.29,128929767.022054
ETH,2022-05-30 03:00:00+00:00,1880.07,61238918.372926
ETH,2022-05-30 04:00:00+00:00,1874.51,39511108.20412
ETH,2022-05-30 05:00:00+00:00,1899.01,61468749.609349
ETH,2022-05-30 06:00:00+00:00,1905.99,115390960.612142
ETH,2022-05-30 07:00:00+00:00,1907.84,43550898.491456
ETH,2022-05-30 08:00:00+00:00,1908.18,32260951.821053
ETH,2022-05-30 09:00:00+00:00,1904.43,47979385.160868
ETH,2022-05-30 10:00:00+00:00,1893.2,42255469.045711
ETH,2022-05-30 11:00:00+00:00,1902.64,31837962.756554
ETH,2022-05-30 12:00:00+00:00,1888.1,85718685.518515
ETH,2022-05-30 13:00:00+00:00,1892.78,49216599.642922
ETH,2022-05-30 14:00:00+00:00,1896.73,91572608.912358
ETH,2022-05-30 15:00:00+00:00,1912.44,52425621.523688
ETH,2022-05-30 16:00:00+00:00,1918.9,65069563.379879
ETH,2022-05-30 17:00:00+00:00,1927.87,37707357.742502
ETH,2022-05-30 18:00:00+00:00,1921.04,17021173.032829
ETH,2022-05-30 19:00:00+00:00,1917.33,27609699.202663
ETH,2022-05-30 20:00:00+00:00,1954.44,94923330.715528
ETH,2022-05-30 21:00:00+00:00,1990.79,116014650.178977
ETH,2022-05-30 22:00:00+00:00,1999.42,94652908.719402
ETH,2022-05-30 23:00:00+00:00,1998.78,101246683.36015
ETH,2022-05-31 00:00:00+00:00,1992.86,89355353.522314
ETH,2022-05-31 01:00:00+00:00,1986.59,43638472.650206
ETH,2022-05-31 02:00:00+00:00,1996.26,37281880.520895
ETH,2022-05-31 03:00:00+00:00,1994.51,52853789.871886
ETH,2022-05-31 04:00:00+00:00,1984.39,34832632.253654
ETH,2022-05-31 05:00:00+00:00,1978.21,47190088.669573
ETH,2022-05-31 06:00:00+00:00,1967.49,90606491.47084
ETH,2022-05-31 07:00:00+00:00,1970.35,35734335.000724
ETH,2022-05-31 08:00:00+00:00,1971.48,47363880.862365
ETH,2022-05-31 09:00:00+00:00,1965.74,62502959.195504
ETH,2022-05-31 10:00:00+00:00,1973.15,47451325.799369
ETH,2022-05-31 11:00:00+00:00,1978.59,41159387.158544
ETH,2022-05-31 12:00:00+00:00,1963.84,52909292.120841
ETH,2022-05-31 13:00:00+00:00,1944.49,142531407.185562
ETH,2022-05-31 14:00:00+00:00,1961.85,97762683.060279
ETH,2022-05-31 15:00:00+00:00,1988.62,91413201.614768
ETH,2022-05-31 16:00:00+00:00,1973.15,112670313.965669
ETH,2022-05-31 17:00:00+00:00,1967.4,72644980.782179
ETH,2022-05-31 18:00:00+00:00,1934.54,76188771.016737
ETH,2022-05-31 19:00:00+00:00,1934.21,61092579.585847
ETH,2022-05-31 20:00:00+00:00,1953.66,28620688.128591
ETH,2022-05-31 21:00:00+00:00,1947.46,19754634.880511
ETH,2022-05-31 22:00:00+00:00,1957.09,53609741.470665
ETH,2022-05-31 23:00:00+00:00,1941.9,38684182.980231
ETH,2022-06-01 00:00:00+00:00,1953.9,71665457.685404
ETH,2022-06-01 01:00:00+00:00,1948.4,35808396.684017
ETH,2022-06-01 02:00:00+00:00,1940.46,42626256.88917
ETH,2022-06-01 03:00:00+00:00,1929.97,52240637.962351
ETH,2022-06-01 04:00:00+00:00,1934.44,68060960.349251
ETH,2022-06-01 05:00:00+00:00,1933.82,44876025.276674
ETH,2022-06-01 06:00:00+00:00,1937.3,30027850.634292
ETH,2022-06-01 07:00:00+00:00,1930.71,47963607.626829
ETH,2022-06-01 08:00:00+00:00,1935.27,55622469.579446
ETH,2022-06-01 09:00:00+00:00,1943.75,34311926.477441
ETH,2022-06-01 10:00:00+00:00,1935.43,32300332.164627
ETH,2022-06-01 11:00:00+00:00,1938.94,47443666.035887
ETH,2022-06-01 12:00:00+00:00,1953.36,73360240.644179
ETH,2022-06-01 13:00:00+00:00,1964.0,95312315.322176
ETH,2022-06-01 14:00:00+00:00,1910.01,174630875.064973
ETH,2022-06-01 15:00:00+00:00,1880.59,155735215.365171
ETH,2022-06-01 16:00:00+00:00,1857.27,175971213.345086
ETH,2022-06-01 17:00:00+00:00,1847.37,112243568.306352
ETH,2022-06-01 18:00:00+00:00,1818.89,122438165.955679
ETH,2022-06-01 19:00:00+00:00,1821.82,112680053.066268
ETH,2022-06-01 20:00:00+00:00,1793.17,162937908.36022
ETH,2022-06-01 21:00:00+00:00,1799.19,36662363.899778
ETH,2022-06-01 22:00:00+00:00,1818.41,63614412.514458
ETH,2022-06-01 23:00:00+00:00,1817.95,105471556.020692
ETH,2022-06-02 00:00:00+00:00,1816.15,81271070.510883
ETH,2022-06-02 01:00:00+00:00,1825.3,49871925.463239
ETH,2022-06-02 02:00:00+00:00,1831.16,50402049.72417
ETH,2022-06-02 03:00:00+00:00,1814.54,59466309.125223
ETH,2022-06-02 04:00:00+00:00,1816.47,46981335.140659
ETH,2022-06-02 05:00:00+00:00,1821.6,47426440.974712
ETH,2022-06-02 06:00:00+00:00,1824.48,32284357.95066
ETH,2022-06-02 07:00:00+00:00,1826.57,61169107.44425
ETH,2022-06-02 08:00:00+00:00,1821.99,50074966.79875
ETH,2022-06-02 09:00:00+00:00,1819.98,33847929.127213
ETH,2022-06-02 10:00:00+00:00,1829.83,45146518.843171
ETH,2022-06-02 11:00:00+00:00,1839.5,51003937.111511
ETH,2022-06-02 12:00:00+00:00,1828.62,44596771.740188
ETH,2022-06-02 13:00:00+00:00,1799.59,190315221.104044
ETH,2022-06-02 14:00:00+00:00,1803.95,115881426.263207
ETH,2022-06-02 15:00:00+00:00,1816.52,87364891.842561
ETH,2022-06-02 16:00:00+00:00,1827.07,69849844.172889
ETH,2022-06-02 17:00:00+00:00,1817.6,50266267.862654
ETH,2022-06-02 18:00:00+00:00,1808.54,52052429.968405
ETH,2022-06-02 19:00:00+00:00,1822.08,44704876.992971
ETH,2022-06-02 20:00:00+00:00,1823.86,32359889.305488
ETH,2022-06-02 21:00:00+00:00,1828.01,15225843.899873
ETH,2022-06-02 22:00:00+00:00,1834.15,83310567.521973
ETH,2022-06-02 23:00:00+00:00,1834.08,39907751.29606
ETH,2022-06-03 00:00:00+00:00,1825.49,39503022.147573
ETH,2022-06-03 01:00:00+00:00,1840.21,46557532.563712
ETH,2022-06-03 02:00:00+00:00,1831.37,28838445.833224
ETH,2022-06-03 03:00:00+00:00,1827.52,31876548.880019
ETH,2022-06-03 04:00:00+00:00,1816.82,33565639.36104
ETH,2022-06-03 05:00:00+00:00,1825.7,27180068.646216
ETH,2022-06-03 06:00:00+00:00,1812.27,29305710.214606
ETH,2022-06-03 07:00:00+00:00,1813.92,42898505.703388
ETH,2022-06-03 08:00:00+00:00,1810.34,36066566.525843
ETH,2022-06-03 09:00:00+00:00,1797.95,70066357.26028
ETH,2022-06-03 10:00:00+00:00,1762.12,111282021.195735
ETH,2022-06-03 11:00:00+00:00,1762.35,81121713.378608
ETH,2022-06-03 12:00:00+00:00,1746.39,136752933.002535
ETH,2022-06-03 13:00:00+00:00,1768.0,135026698.537536
ETH,2022-06-03 14:00:00+00:00,1767.39,88313784.834285
ETH,2022-06-03 15:00:00+00:00,1763.32,59158801.604723
ETH,2022-06-03 16:00:00+00:00,1762.31,53168027.90006
ETH,2022-06-03 17:00:00+00:00,1751.87,47886868.816045
ETH,2022-06-03 18:00:00+00:00,1750.05,41271042.407094
ETH,2022-06-03 19:00:00+00:00,1751.18,38028522.646215
ETH,2022-06-03 20:00:00+00:00,1759.74,28851672.830481
ETH,2022-06-03 21:00:00+00:00,1788.82,44061677.037105
ETH,2022-06-03 22:00:00+00:00,1782.95,43326710.51073
ETH,2022-06-03 23:00:00+00:00,1775.12,25130740.625854
ETH,2022-06-04 00:00:00+00:00,1774.48,22495544.652966
ETH,2022-06-04 01:00:00+00:00,1760.24,35838859.108492
ETH,2022-06-04 02:00:00+00:00,1754.74,43968088.764082
ETH,2022-06-04 03:00:00+00:00,1752.96,26704997.032219
ETH,2022-06-04 04:00:00+00:00,1768.72,36452315.995807
ETH,2022-06-04 05:00:00+00:00,1769.03,14792105.095905
ETH,2022-06-04 06:00:00+00:00,1770.75,18701447.555131
ETH,2022-06-04 07:00:00+00:00,1769.11,18087679.676419
ETH,2022-06-04 08:00:00+00:00,1774.92,28254920.781352
ETH,2022-06-04 09:00:00+00:00,1774.18,19926370.935767
ETH,2022-06-04 10:00:00+00:00,1773.67,19053210.136475
ETH,2022-06-04 11:00:00+00:00,1768.24,21210879.264358
ETH,2022-06-04 12:00:00+00:00,1759.44,32504580.669818
ETH,2022-06-04 13:00:00+00:00,1766.67,22160307.388447
ETH,2022-06-04 14:00:00+00:00,1777.05,67025040.760513
ETH,2022-06-04 15:00:00+00:00,1778.85,34465942.927268
ETH,2022-06-04 16:00:00+00:00,1773.0,26543964.102439
ETH,2022-06-04 17:00:00+00:00,1775.9,21106604.967633
ETH,2022-06-04 18:00:00+00:00,1778.7,23556177.467732
ETH,2022-06-04 19:00:00+00:00,1772.47,27042368.001073
ETH,2022-06-04 20:00:00+00:00,1777.45,12989326.820433
ETH,2022-06-04 21:00:00+00:00,1787.65,16594115.67911
ETH,2022-06-04 22:00:00+00:00,1798.86,76470572.309332
ETH,2022-06-04 23:00:00+00:00,1804.58,23117322.888513
ETH,2022-06-05 00:00:00+00:00,1798.22,32018094.061525
ETH,2022-06-05 01:00:00+00:00,1786.14,24078466.201517
ETH,2022-06-05 02:00:00+00:00,1793.61,21307597.606292
ETH,2022-06-05 03:00:00+00:00,1793.85,15182880.181748
ETH,2022-06-05 04:00:00+00:00,1790.29,15365948.771268
ETH,2022-06-05 05:00:00+00:00,1797.47,13795809.101757
ETH,2022-06-05 06:00:00+00:00,1791.24,14870840.71892
ETH,2022-06-05 07:00:00+00:00,1785.82,15341633.402184
ETH,2022-06-05 08:00:00+00:00,1788.9,18259000.147878
ETH,2022-06-05 09:00:00+00:00,1781.9,30310550.686235
ETH,2022-06-05 10:00:00+00:00,1780.86,19321529.085085
ETH,2022-06-05 11:00:00+00:00,1788.2,16675548.024199
ETH,2022-06-05 12:00:00+00:00,1790.7,19866667.339741
ETH,2022-06-05 13:00:00+00:00,1784.15,21076275.110564
ETH,2022-06-05 14:00:00+00:00,1795.34,30421067.045105
ETH,2022-06-05 15:00:00+00:00,1811.41,48354265.392566
ETH,2022-06-05 16:00:00+00:00,1800.8,70059154.137092
ETH,2022-06-05 17:00:00+00:00,1824.56,53720718.458214
ETH,2022-06-05 18:00:00+00:00,1816.15,31688286.706812
ETH,2022-06-05 19:00:00+00:00,1821.21,24514096.537394
ETH,2022-06-05 20:00:00+00:00,1810.77,22676951.436559
ETH,2022-06-05 21:00:00+00:00,1813.17,25116513.34174
ETH,2022-06-05 22:00:00+00:00,1815.58,49150330.416981
ETH,2022-06-05 23:00:00+00:00,1806.23,37411493.045015
ETH,2022-06-06 00:00:00+00:00,1836.0,68193432.323469
ETH,2022-06-06 01:00:00+00:00,1864.04,127600377.333401
ETH,2022-06-06 02:00:00+00:00,1867.2,63523944.728323
ETH,2022-06-06 03:00:00+00:00,1878.29,69474892.41887
ETH,2022-06-06 04:00:00+00:00,1880.39,58999924.224741
ETH,2022-06-06 05:00:00+00:00,1870.39,43577791.712084
ETH,2022-06-06 06:00:00+00:00,1886.1,74890096.28945
ETH,2022-06-06 07:00:00+00:00,1893.77,54656343.130967
ETH,2022-06-06 08:00:00+00:00,1905.27,76189490.601475
ETH,2022-06-06 09:00:00+00:00,1911.43,47146107.496499
ETH,2022-06-06 10:00:00+00:00,1908.46,43183051.357275
ETH,2022-06-06 11:00:00+00:00,1909.55,64267335.906179
ETH,2022-06-06 12:00:00+00:00,1909.72,48121109.707408
ETH,2022-06-06 13:00:00+00:00,1904.77,98335477.74116
ETH,2022-06-06 14:00:00+00:00,1893.97,89544537.726886
ETH,2022-06-06 15:00:00+00:00,1886.79,107699283.125173
ETH,2022-06-06 16:00:00+00:00,1858.74,97625806.582756
ETH,2022-06-06 17:00:00+00:00,1856.6,69938534.791231
ETH,2022-06-06 18:00:00+00:00,1861.31,46793919.999892
ETH,2022-06-06 19:00:00+00:00,1863.83,40693842.863863
ETH,2022-06-06 20:00:00+00:00,1861.96,40146838.936822
ETH,2022-06-06 21:00:00+00:00,1873.16,21538243.960436
ETH,2022-06-06 22:00:00+00:00,1855.3,32234741.851027
ETH,2022-06-06 23:00:00+00:00,1859.84,25379370.837863
ETH,2022-06-07 00:00:00+00:00,1758.79,372667192.776524
ETH,2022-06-07 01:00:00+00:00,1742.46,209724426.65579
ETH,2022-06-07 02:00:00+00:00,1740.95,149575107.024148
ETH,2022-06-07 03:00:00+00:00,1756.75,78884258.816077
ETH,2022-06-07 04:00:00+00:00,1753.4,78781862.649171
ETH,2022-06-07 05:00:00+00:00,1754.25,62702327.722439
ETH,2022-06-07 06:00:00+00:00,1755.8,37066201.74681
ETH,2022-06-07 07:00:00+00:00,1763.03,43345135.840823
ETH,2022-06-07 08:00:00+00:00,1770.45,66042772.909884
ETH,2022-06-07 09:00:00+00:00,1763.68,35069396.39992
ETH,2022-06-07 10:00:00+00:00,1766.85,33266433.245366
ETH,2022-06-07 11:00:00+00:00,1753.69,85691244.254085
ETH,2022-06-07 12:00:00+00:00,1751.1,80597182.964665
ETH,2022-06-07 13:00:00+00:00,1761.7,83491386.592866
ETH,2022-06-07 14:00:00+00:00,1784.63,108082058.766656
ETH,2022-06-07 15:00:00+00:00,1781.55,67752424.851197
ETH,2022-06-07 16:00:00+00:00,1783.75,57543518.029952
ETH,2022-06-07 17:00:00+00:00,1782.7,40593132.45015
ETH,2022-06-07 18:00:00+00:00,1807.53,87491109.727723
ETH,2022-06-07 19:00:00+00:00,1846.97,200286718.679122
ETH,2022-06-07 20:00:00+00:00,1845.09,137510482.709611
ETH,2022-06-07 21:00:00+00:00,1840.83,47974507.023594
ETH,2022-06-07 22:00:00+00:00,1808.77,202638735.938666
ETH,2022-06-07 23:00:00+00:00,1813.33,125009076.758848
ETH,2022-06-08 00:00:00+00:00,1814.17,59988561.48679
ETH,2022-06-08 01:00:00+00:00,1820.75,97969721.551014
ETH,2022-06-08 02:00:00+00:00,1824.54,51296061.023242
ETH,2022-06-08 03:00:00+00:00,1779.5,176499018.471834
ETH,2022-06-08 04:00:00+00:00,1788.08,154455019.107402
ETH,2022-06-08 05:00:00+00:00,1811.43,68037335.888172
ETH,2022-06-08 06:00:00+00:00,1806.13,58177451.260594
ETH,2022-06-08 07:00:00+00:00,1806.4,73826944.556944
ETH,2022-06-08 08:00:00+00:00,1807.92,54030332.702942
ETH,2022-06-08 09:00:00+00:00,1816.98,48131368.712444
ETH,2022-06-08 10:00:00+00:00,1805.58,38848032.788061
ETH,2022-06-08 11:00:00+00:00,1808.61,33865613.159008
ETH,2022-06-08 12:00:00+00:00,1792.65,66505424.013671
ETH,2022-06-08 13:00:00+00:00,1823.24,145633984.258718
ETH,2022-06-08 14:00:00+00:00,1800.92,100611074.763436
ETH,2022-06-08 15:00:00+00:00,1815.27,72822855.68044
ETH,2022-06-08 16:00:00+00:00,1796.72,87224313.851601
ETH,2022-06-08 17:00:00+00:00,1802.08,48716011.6434
ETH,2022-06-08 18:00:00+00:00,1791.96,76599343.135203
ETH,2022-06-08 19:00:00+00:00,1790.64,55937397.120513
ETH,2022-06-08 20:00:00+00:00,1796.69,32610692.074965
ETH,2022-06-08 21:00:00+00:00,1809.21,24675580.46187
ETH,2022-06-08 22:00:00+00:00,1800.09,32703727.235998
ETH,2022-06-08 23:00:00+00:00,1791.88,37708749.436086
ETH,2022-06-09 00:00:00+00:00,1791.42,66329543.953133
ETH,2022-06-09 01:00:00+00:00,1782.55,34664875.940079
ETH,2022-06-09 02:00:00+00:00,1794.38,27889833.091991
ETH,2022-06-09 03:00:00+00:00,1799.31,23958767.880184
ETH,2022-06-09 04:00:00+00:00,1798.16,19992673.554427
ETH,2022-06-09 05:00:00+00:00,1799.58,30471229.019288
ETH,2022-06-09 06:00:00+00:00,1799.01,20005430.817789
ETH,2022-06-09 07:00:00+00:00,1811.99,30392379.648635
ETH,2022-06-09 08:00:00+00:00,1816.02,47398534.784902
ETH,2022-06-09 09:00:00+00:00,1819.67,62068824.669791
ETH,2022-06-09 10:00:00+00:00,1811.2,31533082.128828
ETH,2022-06-09 11:00:00+00:00,1805.15,40539635.018615
ETH,2022-06-09 12:00:00+00:00,1793.98,65555802.595732
ETH,2022-06-09 13:00:00+00:00,1796.42,81730242.173828
ETH,2022-06-09 14:00:00+00:00,1790.63,55953971.454894
ETH,2022-06-09 15:00:00+00:00,1799.35,46694442.681151
ETH,2022-06-09 16:00:00+00:00,1811.92,55189686.323902
ETH,2022-06-09 17:00:00+00:00,1805.25,47647378.58098
ETH,2022-06-09 18:00:00+00:00,1792.67,38573679.208873
ETH,2022-06-09 19:00:00+00:00,1783.74,34175080.592786
ETH,2022-06-09 20:00:00+00:00,1795.24,37759035.105807
ETH,2022-06-09 21:00:00+00:00,1794.47,12385302.368116
ETH,2022-06-09 22:00:00+00:00,1788.83,26230319.722137
ETH,2022-06-09 23:00:00+00:00,1788.81,26105799.527291
ETH,2022-06-10 00:00:00+00:00,1774.51,126480998.88727
ETH,2022-06-10 01:00:00+00:00,1776.18,33663455.922116
ETH,2022-06-10 02:00:00+00:00,1786.86,22139652.336498
ETH,2022-06-10 03:00:00+00:00,1792.49,51797337.837575
ETH,2022-06-10 04:00:00+00:00,1793.31,14171194.058773
ETH,2022-06-10 05:00:00+00:00,1791.93,17024011.118463
ETH,2022-06-10 06:00:00+00:00,1789.78,20305508.923592
ETH,2022-06-10 07:00:00+00:00,1788.63,19039454.297143
ETH,2022-06-10 08:00:00+00:00,1785.92,20963474.673814
ETH,2022-06-10 09:00:00+00:00,1768.09,51668108.652562
ETH,2022-06-10 10:00:00+00:00,1771.17,42923581.289762
ETH,2022-06-10 11:00:00+00:00,1771.91,26970449.118753
ETH,2022-06-10 12:00:00+00:00,1729.36,210377245.501695
ETH,2022-06-10 13:00:00+00:00,1728.7,185080497.61664
ETH,2022-06-10 14:00:00+00:00,1738.52,112302793.131087
ETH,2022-06-10 15:00:00+00:00,1727.1,73489396.564043
ETH,2022-06-10 16:00:00+00:00,1682.11,231034720.76367447
ETH,2022-06-10 17:00:00+00:00,1683.35,98337618.160362
ETH,2022-06-10 18:00:00+00:00,1679.3,54681664.304698
ETH,2022-06-10 19:00:00+00:00,1669.0,74523154.435728
ETH,2022-06-10 20:00:00+00:00,1678.6,40485741.758645
ETH,2022-06-10 21:00:00+00:00,1678.35,23767176.951487
ETH,2022-06-10 22:00:00+00:00,1675.33,34214526.995796
ETH,2022-06-10 23:00:00+00:00,1662.91,62862647.1461388
ETH,2022-06-11 00:00:00+00:00,1679.28,36797459.769258
ETH,2022-06-11 01:00:00+00:00,1676.0,18705618.698861
ETH,2022-06-11 02:00:00+00:00,1673.88,33445071.456726
ETH,2022-06-11 03:00:00+00:00,1669.63,17343669.315506
ETH,2022-06-11 04:00:00+00:00,1677.4,16743733.885203
ETH,2022-06-11 05:00:00+00:00,1668.95,30876188.523693
ETH,2022-06-11 06:00:00+00:00,1665.7,34079387.286659
ETH,2022-06-11 07:00:00+00:00,1667.46,26407434.624103
ETH,2022-06-11 08:00:00+00:00,1578.19,182220435.672909
ETH,2022-06-11 09:00:00+00:00,1596.73,190217639.4344046
ETH,2022-06-11 10:00:00+00:00,1586.81,56095843.69336
ETH,2022-06-11 11:00:00+00:00,1575.96,80862076.829361
ETH,2022-06-11 12:00:00+00:00,1553.24,109924622.173816
ETH,2022-06-11 13:00:00+00:00,1572.42,132120249.835087
ETH,2022-06-11 14:00:00+00:00,1526.62,172842170.067717
ETH,2022-06-11 15:00:00+00:00,1517.6,196006804.1335224
ETH,2022-06-11 16:00:00+00:00,1535.75,181260490.90998432
ETH,2022-06-11 17:00:00+00:00,1533.95,66542705.573924
ETH,2022-06-11 18:00:00+00:00,1551.18,89339457.433199
ETH,2022-06-11 19:00:00+00:00,1546.48,45476013.39923
ETH,2022-06-11 20:00:00+00:00,1523.34,47613983.994771
ETH,2022-06-11 21:00:00+00:00,1539.45,44475784.238579
ETH,2022-06-11 22:00:00+00:00,1548.13,49785294.142494
ETH,2022-06-11 23:00:00+00:00,1532.89,55635918.741391
ETH,2022-06-12 00:00:00+00:00,1537.64,48901105.465377
ETH,2022-06-12 01:00:00+00:00,1513.85,84020891.044091
ETH,2022-06-12 02:00:00+00:00,1453.29,243695035.82191768
ETH,2022-06-12 03:00:00+00:00,1466.97,83702957.626676
ETH,2022-06-12 04:00:00+00:00,1452.85,65839506.820941
ETH,2022-06-12 05:00:00+00:00,1431.03,146882898.8109003
ETH,2022-06-12 06:00:00+00:00,1458.33,110245761.493405
ETH,2022-06-12 07:00:00+00:00,1471.26,63999322.613021
ETH,2022-06-12 08:00:00+00:00,1470.62,85505821.727273
ETH,2022-06-12 09:00:00+00:00,1463.86,47733930.088984
ETH,2022-06-12 10:00:00+00:00,1460.48,60192093.151391
ETH,2022-06-12 11:00:00+00:00,1468.98,77827324.90497
ETH,2022-06-12 12:00:00+00:00,1463.09,46416111.989914
ETH,2022-06-12 13:00:00+00:00,1447.76,132322576.253225
ETH,2022-06-12 14:00:00+00:00,1510.1,242865592.853743
ETH,2022-06-12 15:00:00+00:00,1525.92,147528479.499654
ETH,2022-06-12 16:00:00+00:00,1506.61,88859297.806948
ETH,2022-06-12 17:00:00+00:00,1521.5,63997757.963447
ETH,2022-06-12 18:00:00+00:00,1512.79,47493612.432263
ETH,2022-06-12 19:00:00+00:00,1479.59,121661986.393107
ETH,2022-06-12 20:00:00+00:00,1477.42,48269059.444171
ETH,2022-06-12 21:00:00+00:00,1474.46,36952199.400242
ETH,2022-06-12 22:00:00+00:00,1456.41,117435553.645373
ETH,2022-06-12 23:00:00+00:00,1434.84,98829878.018438
ETH,2022-06-13 00:00:00+00:00,1387.4,213685009.32026327
ETH,2022-06-13 01:00:00+00:00,1364.36,280294286.60188913
ETH,2022-06-13 02:00:00+00:00,1339.41,169655454.1774107
ETH,2022-06-13 03:00:00+00:00,1350.83,277767762.2586987
ETH,2022-06-13 04:00:00+00:00,1349.69,194158388.898082
ETH,2022-06-13 05:00:00+00:00,1323.04,136963981.362415
ETH,2022-06-13 06:00:00+00:00,1324.35,223366101.2428587
ETH,2022-06-13 07:00:00+00:00,1283.46,279202217.4135711
ETH,2022-06-13 08:00:00+00:00,1206.93,392990857.2956855
ETH,2022-06-13 09:00:00+00:00,1237.56,388173818.89122075
ETH,2022-06-13 10:00:00+00:00,1221.85,214830867.461048
ETH,2022-06-13 11:00:00+00:00,1209.23,239602332.027464
ETH,2022-06-13 12:00:00+00:00,1218.33,229584193.97385
ETH,2022-06-13 13:00:00+00:00,1237.32,214373766.290832
ETH,2022-06-13 14:00:00+00:00,1192.55,242245277.6705096
ETH,2022-06-13 15:00:00+00:00,1229.97,194399045.121155
ETH,2022-06-13 16:00:00+00:00,1240.14,183299043.475057
ETH,2022-06-13 17:00:00+00:00,1239.47,84514904.014225
ETH,2022-06-13 18:00:00+00:00,1231.9,69909720.616278
ETH,2022-06-13 19:00:00+00:00,1228.69,63112527.509621
ETH,2022-06-13 20:00:00+00:00,1242.17,91349585.066336
ETH,2022-06-13 21:00:00+00:00,1229.6,40628858.13475
ETH,2022-06-13 22:00:00+00:00,1193.59,63394348.384178
ETH,2022-06-13 23:00:00+00:00,1209.82,124241773.610072
ETH,2022-06-14 00:00:00+00:00,1172.53,137417012.369508
ETH,2022-06-14 01:00:00+00:00,1102.52,310621626.18503994
ETH,2022-06-14 02:00:00+00:00,1119.59,340712857.768628
ETH,2022-06-14 03:00:00+00:00,1174.1,187565482.771671
ETH,2022-06-14 04:00:00+00:00,1156.88,177907105.375618
ETH,2022-06-14 05:00:00+00:00,1227.13,250241650.646031
ETH,2022-06-14 06:00:00+00:00,1234.18,164193964.026484
ETH,2022-06-14 07:00:00+00:00,1241.16,173716044.40683
ETH,2022-06-14 08:00:00+00:00,1219.4,96464685.448509
ETH,2022-06-14 09:00:00+00:00,1190.94,109174329.233951
ETH,2022-06-14 10:00:00+00:00,1186.26,108934789.289692
ETH,2022-06-14 11:00:00+00:00,1175.23,136744200.65029
ETH,2022-06-14 12:00:00+00:00,1197.95,132094784.538513
ETH,2022-06-14 13:00:00+00:00,1219.05,155490635.608973
ETH,2022-06-14 14:00:00+00:00,1222.38,139212856.406351
ETH,2022-06-14 15:00:00+00:00,1250.67,144345580.174328
ETH,2022-06-14 16:00:00+00:00,1226.94,95478346.883484
ETH,2022-06-14 17:00:00+00:00,1213.4,52785054.428403
ETH,2022-06-14 18:00:00+00:00,1209.5,47995565.648582
ETH,2022-06-14 19:00:00+00:00,1206.15,37185620.012302
ETH,2022-06-14 20:00:00+00:00,1189.32,47329934.574202
ETH,2022-06-14 21:00:00+00:00,1169.0,40176007.083132
ETH,2022-06-14 22:00:00+00:00,1176.81,48799073.46601
ETH,2022-06-14 23:00:00+00:00,1208.9,83231493.127662
ETH,2022-06-15 00:00:00+00:00,1193.26,61755097.671456
ETH,2022-06-15 01:00:00+00:00,1221.17,73579921.817244
ETH,2022-06-15 02:00:00+00:00,1204.7,53917441.605253
ETH,2022-06-15 03:00:00+00:00,1173.09,69494335.677781
ETH,2022-06-15 04:00:00+00:00,1137.52,187198566.402481
ETH,2022-06-15 05:00:00+00:00,1123.93,140967813.095109
ETH,2022-06-15 06:00:00+00:00,1136.22,107188340.302557
ETH,2022-06-15 07:00:00+00:00,1094.38,130732626.10602
ETH,2022-06-15 08:00:00+00:00,1029.59,325808509.0502131
ETH,2022-06-15 09:00:00+00:00,1031.48,191609577.369485
ETH,2022-06-15 10:00:00+00:00,1065.03,194769085.937945
ETH,2022-06-15 11:00:00+00:00,1120.05,167413083.11612
ETH,2022-06-15 12:00:00+00:00,1112.49,140826627.841753
ETH,2022-06-15 13:00:00+00:00,1140.0,169089834.5893
ETH,2022-06-15 14:00:00+00:00,1106.1,133688834.25815
ETH,2022-06-15 15:00:00+00:00,1120.15,77188586.649149
ETH,2022-06-15 16:00:00+00:00,1078.67,102036928.99236
ETH,2022-06-15 17:00:00+00:00,1114.25,127866481.576928
ETH,2022-06-15 18:00:00+00:00,1171.97,479581770.925096
ETH,2022-06-15 19:00:00+00:00,1171.03,240408690.19081
ETH,2022-06-15 20:00:00+00:00,1180.21,69520110.182677
ETH,2022-06-15 21:00:00+00:00,1227.0,75891423.346976
ETH,2022-06-15 22:00:00+00:00,1217.63,119180889.750897
ETH,2022-06-15 23:00:00+00:00,1237.52,53326120.681897
ETH,2022-06-16 00:00:00+00:00,1235.25,100458828.443346
ETH,2022-06-16 01:00:00+00:00,1215.4,69947022.246381
ETH,2022-06-16 02:00:00+00:00,1218.57,51428316.182746
ETH,2022-06-16 03:00:00+00:00,1210.1,53016019.492309
ETH,2022-06-16 04:00:00+00:00,1192.44,63799317.118588
ETH,2022-06-16 05:00:00+00:00,1182.86,51539974.962502
ETH,2022-06-16 06:00:00+00:00,1176.01,49841725.922234
ETH,2022-06-16 07:00:00+00:00,1165.41,60065195.716488
ETH,2022-06-16 08:00:00+00:00,1173.45,46113964.003464
ETH,2022-06-16 09:00:00+00:00,1128.1,106919017.473248
ETH,2022-06-16 10:00:00+00:00,1121.71,95181801.821935
ETH,2022-06-16 11:00:00+00:00,1111.11,67889550.339968
ETH,2022-06-16 12:00:00+00:00,1117.0,94788323.184278
ETH,2022-06-16 13:00:00+00:00,1097.71,112582281.848792
ETH,2022-06-16 14:00:00+00:00,1099.13,92877231.470258
ETH,2022-06-16 15:00:00+00:00,1114.41,71058488.685949
ETH,2022-06-16 16:00:00+00:00,1126.44,81567375.48706
ETH,2022-06-16 17:00:00+00:00,1107.61,55186516.294851
ETH,2022-06-16 18:00:00+00:00,1107.57,42706391.068088
ETH,2022-06-16 19:00:00+00:00,1096.05,48628831.143047
ETH,2022-06-16 20:00:00+00:00,1100.44,53809036.884678
ETH,2022-06-16 21:00:00+00:00,1102.84,33813445.431477
ETH,2022-06-16 22:00:00+00:00,1066.92,70712852.187139
ETH,2022-06-16 23:00:00+00:00,1068.5,75665312.325413
ETH,2022-06-17 00:00:00+00:00,1066.28,87237621.669525
ETH,2022-06-17 01:00:00+00:00,1107.73,101127011.463883
ETH,2022-06-17 02:00:00+00:00,1087.75,59472715.036793
ETH,2022-06-17 03:00:00+00:00,1071.51,47555621.392031
ETH,2022-06-17 04:00:00+00:00,1086.54,46274188.681809
ETH,2022-06-17 05:00:00+00:00,1100.23,56849529.810616
ETH,2022-06-17 06:00:00+00:00,1104.75,68039423.740733
ETH,2022-06-17 07:00:00+00:00,1099.31,96172397.1567
ETH,2022-06-17 08:00:00+00:00,1095.73,60267719.539442
ETH,2022-06-17 09:00:00+00:00,1093.11,61556096.547349
ETH,2022-06-17 10:00:00+00:00,1104.89,49734322.532126
ETH,2022-06-17 11:00:00+00:00,1092.61,53416788.039711
ETH,2022-06-17 12:00:00+00:00,1075.54,53761999.573507
ETH,2022-06-17 13:00:00+00:00,1095.05,79517997.129935
ETH,2022-06-17 14:00:00+00:00,1075.71,82830343.081421
ETH,2022-06-17 15:00:00+00:00,1084.99,51528195.825438
ETH,2022-06-17 16:00:00+00:00,1076.5,69138798.5439
ETH,2022-06-17 17:00:00+00:00,1080.0,45089457.710965
ETH,2022-06-17 18:00:00+00:00,1080.41,27618781.097632
ETH,2022-06-17 19:00:00+00:00,1080.0,29322609.642334
ETH,2022-06-17 20:00:00+00:00,1094.99,43563551.5875
ETH,2022-06-17 21:00:00+00:00,1081.4,20961360.915564
ETH,2022-06-17 22:00:00+00:00,1084.25,23871219.521326
ETH,2022-06-17 23:00:00+00:00,1086.94,14183364.409849
ETH,2022-06-18 00:00:00+00:00,1088.43,30840142.677862
ETH,2022-06-18 01:00:00+00:00,1076.39,32122363.028395
ETH,2022-06-18 02:00:00+00:00,1082.93,41776575.09622
ETH,2022-06-18 03:00:00+00:00,1079.47,19006023.532972
ETH,2022-06-18 04:00:00+00:00,1080.85,22628728.878178
ETH,2022-06-18 05:00:00+00:00,1078.21,28321049.38036
ETH,2022-06-18 06:00:00+00:00,1019.84,155755884.4987932
ETH,2022-06-18 07:00:00+00:00,1003.78,228102056.4720274
ETH,2022-06-18 08:00:00+00:00,990.85,170335329.6115005
ETH,2022-06-18 09:00:00+00:00,995.32,83858691.49469
ETH,2022-06-18 10:00:00+00:00,1006.73,106852707.589775
ETH,2022-06-18 11:00:00+00:00,1005.06,70110382.614793
ETH,2022-06-18 12:00:00+00:00,999.84,41587184.345887
ETH,2022-06-18 13:00:00+00:00,999.76,56721179.640058
ETH,2022-06-18 14:00:00+00:00,992.97,39319524.772227
ETH,2022-06-18 15:00:00+00:00,989.48,38739270.887666
ETH,2022-06-18 16:00:00+00:00,982.2,58283282.699443
ETH,2022-06-18 17:00:00+00:00,962.56,100216894.1439355
ETH,2022-06-18 18:00:00+00:00,938.39,117687784.2321067
ETH,2022-06-18 19:00:00+00:00,915.15,117125299.4616376
ETH,2022-06-18 20:00:00+00:00,904.25,262753880.21841192
ETH,2022-06-18 21:00:00+00:00,943.07,145375931.577957
ETH,2022-06-18 22:00:00+00:00,991.02,201142285.90053
ETH,2022-06-18 23:00:00+00:00,995.13,94736943.998295
ETH,2022-06-19 00:00:00+00:00,991.03,98566336.104326
ETH,2022-06-19 01:00:00+00:00,962.43,85408044.997356
ETH,2022-06-19 02:00:00+00:00,950.7,73418400.234544
ETH,2022-06-19 03:00:00+00:00,953.2,72692644.839052
ETH,2022-06-19 04:00:00+00:00,967.73,48342858.873154
ETH,2022-06-19 05:00:00+00:00,946.4,73123014.893456
ETH,2022-06-19 06:00:00+00:00,954.79,57392492.81436
ETH,2022-06-19 07:00:00+00:00,955.72,50851993.243044
ETH,2022-06-19 08:00:00+00:00,968.18,51001052.702137
ETH,2022-06-19 09:00:00+00:00,992.6,134255802.282297
ETH,2022-06-19 10:00:00+00:00,1063.57,236604090.640093
ETH,2022-06-19 11:00:00+00:00,1055.12,83456999.367105
ETH,2022-06-19 12:00:00+00:00,1032.91,132664906.90048
ETH,2022-06-19 13:00:00+00:00,1021.37,58152709.61733
ETH,2022-06-19 14:00:00+00:00,1037.52,45237149.776877
ETH,2022-06-19 15:00:00+00:00,1071.68,104954054.106765
ETH,2022-06-19 16:00:00+00:00,1053.08,69643801.651264
ETH,2022-06-19 17:00:00+00:00,1047.66,27413861.447085
ETH,2022-06-19 18:00:00+00:00,1110.58,89790404.302441
ETH,2022-06-19 19:00:00+00:00,1100.77,146388446.216476
ETH,2022-06-19 20:00:00+00:00,1141.74,152244942.929594
ETH,2022-06-19 21:00:00+00:00,1131.76,60226876.522284
ETH,2022-06-19 22:00:00+00:00,1141.56,89762709.488771
ETH,2022-06-19 23:00:00+00:00,1128.53,51256724.001106
ETH,2022-06-20 00:00:00+00:00,1087.95,84187880.07921
ETH,2022-06-20 01:00:00+00:00,1075.57,87582968.327912
ETH,2022-06-20 02:00:00+00:00,1075.21,98662889.576078
ETH,2022-06-20 03:00:00+00:00,1080.01,58244322.967999
ETH,2022-06-20 04:00:00+00:00,1069.2,63848843.453528
ETH,2022-06-20 05:00:00+00:00,1081.25,67596478.498654
ETH,2022-06-20 06:00:00+00:00,1085.29,66180815.665249
ETH,2022-06-20 07:00:00+00:00,1079.64,53598103.431731
ETH,2022-06-20 08:00:00+00:00,1126.48,156548997.617521
ETH,2022-06-20 09:00:00+00:00,1124.29,115262570.935038
ETH,2022-06-20 10:00:00+00:00,1161.26,123094455.129885
ETH,2022-06-20 11:00:00+00:00,1153.05,79838490.753522
ETH,2022-06-20 12:00:00+00:00,1131.0,92696674.822198
ETH,2022-06-20 13:00:00+00:00,1117.12,93064876.375323
ETH,2022-06-20 14:00:00+00:00,1140.51,84437298.991179
ETH,2022-06-20 15:00:00+00:00,1134.55,91561035.97104
ETH,2022-06-20 16:00:00+00:00,1108.63,80802860.001003
ETH,2022-06-20 17:00:00+00:00,1097.04,89203881.087935
ETH,2022-06-20 18:00:00+00:00,1102.27,75058468.658266
ETH,2022-06-20 19:00:00+00:00,1106.46,54198946.151888
ETH,2022-06-20 20:00:00+00:00,1121.17,54004125.522183
ETH,2022-06-20 21:00:00+00:00,1103.37,33306749.283973
ETH,2022-06-20 22:00:00+00:00,1107.49,44951618.31602
ETH,2022-06-20 23:00:00+00:00,1128.24,62087511.196352
ETH,2022-06-21 00:00:00+00:00,1129.88,72963104.481786
ETH,2022-06-21 01:00:00+00:00,1131.75,69774939.500429
ETH,2022-06-21 02:00:00+00:00,1119.95,40922770.47681
ETH,2022-06-21 03:00:00+00:00,1130.89,59303007.094622
ETH,2022-06-21 04:00:00+00:00,1131.12,39569224.303407
ETH,2022-06-21 05:00:00+00:00,1150.53,87412244.375764
ETH,2022-06-21 06:00:00+00:00,1160.53,80488779.699923
ETH,2022-06-21 07:00:00+00:00,1148.56,72644462.640713
ETH,2022-06-21 08:00:00+00:00,1166.8,114416018.024257
ETH,2022-06-21 09:00:00+00:00,1157.6,62563126.383333
ETH,2022-06-21 10:00:00+00:00,1161.93,49293545.365947
ETH,2022-06-21 11:00:00+00:00,1141.39,69688521.626316
ETH,2022-06-21 12:00:00+00:00,1148.16,55971366.903746
ETH,2022-06-21 13:00:00+00:00,1184.74,126242671.133182
ETH,2022-06-21 14:00:00+00:00,1182.91,96430562.078608
ETH,2022-06-21 15:00:00+00:00,1168.13,62253102.061575
ETH,2022-06-21 16:00:00+00:00,1167.52,41899865.957917
ETH,2022-06-21 17:00:00+00:00,1151.86,46043685.445793
ETH,2022-06-21 18:00:00+00:00,1143.76,37526981.405817
ETH,2022-06-21 19:00:00+00:00,1124.43,59055892.595343
ETH,2022-06-21 20:00:00+00:00,1122.73,58931560.38586
ETH,2022-06-21 21:00:00+00:00,1129.85,25013120.289909
ETH,2022-06-21 22:00:00+00:00,1137.77,35943079.511595
ETH,2022-06-21 23:00:00+00:00,1125.85,36253557.829887
ETH,2022-06-22 00:00:00+00:00,1118.13,57735825.388478
ETH,2022-06-22 01:00:00+00:00,1101.69,59312917.400421
ETH,2022-06-22 02:00:00+00:00,1102.87,53541059.916928
ETH,2022-06-22 03:00:00+00:00,1089.3,43761997.903647
ETH,2022-06-22 04:00:00+00:00,1099.45,49865735.227636
ETH,2022-06-22 05:00:00+00:00,1093.17,33881037.202257
ETH,2022-06-22 06:00:00+00:00,1078.87,75608247.991453
ETH,2022-06-22 07:00:00+00:00,1075.24,59728882.48926
ETH,2022-06-22 08:00:00+00:00,1081.45,38787001.636441
ETH,2022-06-22 09:00:00+00:00,1091.24,68429857.428285
ETH,2022-06-22 10:00:00+00:00,1089.88,41659371.114696
ETH,2022-06-22 11:00:00+00:00,1097.33,52778975.428207
ETH,2022-06-22 12:00:00+00:00,1082.79,70828598.938686
ETH,2022-06-22 13:00:00+00:00,1111.92,109032736.784716
ETH,2022-06-22 14:00:00+00:00,1110.37,91567238.175473
ETH,2022-06-22 15:00:00+00:00,1075.02,98243928.417702
ETH,2022-06-22 16:00:00+00:00,1079.07,114497526.705421
ETH,2022-06-22 17:00:00+00:00,1082.23,57057285.390899
ETH,2022-06-22 18:00:00+00:00,1081.56,29950634.91377
ETH,2022-06-22 19:00:00+00:00,1070.72,48524904.335095
ETH,2022-06-22 20:00:00+00:00,1049.31,72103486.456214
ETH,2022-06-22 21:00:00+00:00,1059.38,29934394.482399
ETH,2022-06-22 22:00:00+00:00,1061.92,34550173.438359
ETH,2022-06-22 23:00:00+00:00,1050.19,29051884.753507
ETH,2022-06-23 00:00:00+00:00,1078.53,91876679.079261
ETH,2022-06-23 01:00:00+00:00,1085.03,66793265.182228
ETH,2022-06-23 02:00:00+00:00,1085.61,31272666.622969
ETH,2022-06-23 03:00:00+00:00,1076.4,27017341.00139
ETH,2022-06-23 04:00:00+00:00,1087.33,39250081.901757
ETH,2022-06-23 05:00:00+00:00,1085.59,28871890.823405
ETH,2022-06-23 06:00:00+00:00,1099.86,78503313.52357
ETH,2022-06-23 07:00:00+00:00,1091.7,56905408.649949
ETH,2022-06-23 08:00:00+00:00,1098.01,41085672.753175
ETH,2022-06-23 09:00:00+00:00,1110.61,95360784.450223
ETH,2022-06-23 10:00:00+00:00,1109.99,66455285.537017
ETH,2022-06-23 11:00:00+00:00,1106.59,36275845.983069
ETH,2022-06-23 12:00:00+00:00,1118.89,132145683.50939
ETH,2022-06-23 13:00:00+00:00,1108.21,53283432.174542
ETH,2022-06-23 14:00:00+00:00,1111.53,40320497.918538
ETH,2022-06-23 15:00:00+00:00,1094.22,52978635.741086
ETH,2022-06-23 16:00:00+00:00,1090.27,36384198.666387
ETH,2022-06-23 17:00:00+00:00,1093.65,32107785.239817
ETH,2022-06-23 18:00:00+00:00,1101.85,30480482.332863
ETH,2022-06-23 19:00:00+00:00,1126.65,81512493.041467
ETH,2022-06-23 20:00:00+00:00,1135.68,78084610.250157
ETH,2022-06-23 21:00:00+00:00,1122.14,43279518.310292
ETH,2022-06-23 22:00:00+00:00,1141.57,135891366.297054
ETH,2022-06-23 23:00:00+00:00,1144.72,39315100.251911
ETH,2022-06-24 00:00:00+00:00,1143.39,52368935.102412
ETH,2022-06-24 01:00:00+00:00,1151.43,60638260.996551
ETH,2022-06-24 02:00:00+00:00,1152.52,54467717.004502
ETH,2022-06-24 03:00:00+00:00,1150.39,42541845.741707
ETH,2022-06-24 04:00:00+00:00,1148.46,58239288.190925
ETH,2022-06-24 05:00:00+00:00,1141.8,33597318.42903
ETH,2022-06-24 06:00:00+00:00,1136.11,41239243.911157
ETH,2022-06-24 07:00:00+00:00,1148.7,73820333.222307
ETH,2022-06-24 08:00:00+00:00,1159.37,43323855.507382
ETH,2022-06-24 09:00:00+00:00,1147.47,48627657.751665
ETH,2022-06-24 10:00:00+00:00,1163.1,40931750.794485
ETH,2022-06-24 11:00:00+00:00,1195.91,208562824.800538
ETH,2022-06-24 12:00:00+00:00,1210.78,146725460.968533
ETH,2022-06-24 13:00:00+00:00,1202.86,99430386.149425
ETH,2022-06-24 14:00:00+00:00,1202.11,70330337.072174
ETH,2022-06-24 15:00:00+00:00,1197.98,59919544.872069
ETH,2022-06-24 16:00:00+00:00,1204.53,56735972.925836
ETH,2022-06-24 17:00:00+00:00,1204.12,87876420.254188
ETH,2022-06-24 18:00:00+00:00,1221.36,40769195.494838
ETH,2022-06-24 19:00:00+00:00,1228.04,47292872.764506
ETH,2022-06-24 20:00:00+00:00,1219.5,77026594.088672
ETH,2022-06-24 21:00:00+00:00,1224.98,26908131.725225
ETH,2022-06-24 22:00:00+00:00,1230.3,66704576.663008
ETH,2022-06-24 23:00:00+00:00,1225.02,51034953.797584
ETH,2022-06-25 00:00:00+00:00,1216.21,61684741.414169
ETH,2022-06-25 01:00:00+00:00,1223.8,28809635.26866
ETH,2022-06-25 02:00:00+00:00,1207.22,32022121.32062
ETH,2022-06-25 03:00:00+00:00,1223.76,31836966.838352
ETH,2022-06-25 04:00:00+00:00,1221.3,31396764.82061
ETH,2022-06-25 05:00:00+00:00,1218.87,37085084.802154
ETH,2022-06-25 06:00:00+00:00,1219.73,34909631.173956
ETH,2022-06-25 07:00:00+00:00,1234.4,60561902.142459
ETH,2022-06-25 08:00:00+00:00,1227.02,42650777.092141
ETH,2022-06-25 09:00:00+00:00,1227.49,30151204.076658
ETH,2022-06-25 10:00:00+00:00,1226.09,29791664.576723
ETH,2022-06-25 11:00:00+00:00,1217.16,30020845.518993
ETH,2022-06-25 12:00:00+00:00,1196.82,83770729.118616
ETH,2022-06-25 13:00:00+00:00,1199.64,58306139.412797
ETH,2022-06-25 14:00:00+00:00,1193.8,37904262.213466
ETH,2022-06-25 15:00:00+00:00,1183.94,55551863.512357
ETH,2022-06-25 16:00:00+00:00,1193.23,32489397.879393
ETH,2022-06-25 17:00:00+00:00,1196.43,40638486.906306
ETH,2022-06-25 18:00:00+00:00,1212.05,43652613.510746
ETH,2022-06-25 19:00:00+00:00,1205.57,27020659.231258
ETH,2022-06-25 20:00:00+00:00,1209.43,18831313.348928
ETH,2022-06-25 21:00:00+00:00,1248.41,109339581.670499
ETH,2022-06-25 22:00:00+00:00,1242.4,62055359.849003
ETH,2022-06-25 23:00:00+00:00,1242.36,28034896.520595
ETH,2022-06-26 00:00:00+00:00,1240.02,29709386.691021
ETH,2022-06-26 01:00:00+00:00,1235.83,37307674.76524
ETH,2022-06-26 02:00:00+00:00,1231.88,21650816.805084
ETH,2022-06-26 03:00:00+00:00,1233.28,13380880.547915
ETH,2022-06-26 04:00:00+00:00,1237.7,26143459.709899
ETH,2022-06-26 05:00:00+00:00,1240.51,17683354.337888
ETH,2022-06-26 06:00:00+00:00,1247.01,48520444.683973
ETH,2022-06-26 07:00:00+00:00,1238.07,31127301.417137
ETH,2022-06-26 08:00:00+00:00,1244.26,21461747.921137
ETH,2022-06-26 09:00:00+00:00,1239.71,54617470.43442
ETH,2022-06-26 10:00:00+00:00,1244.26,24810241.13486
ETH,2022-06-26 11:00:00+00:00,1269.72,110047904.575201
ETH,2022-06-26 12:00:00+00:00,1240.6,133437948.920431
ETH,2022-06-26 13:00:00+00:00,1228.79,85270223.225068
ETH,2022-06-26 14:00:00+00:00,1229.76,32798429.488449
ETH,2022-06-26 15:00:00+00:00,1223.39,56966236.847998
ETH,2022-06-26 16:00:00+00:00,1225.5,37541172.809283
ETH,2022-06-26 17:00:00+00:00,1222.91,38126190.114899
ETH,2022-06-26 18:00:00+00:00,1217.85,28031702.186975
ETH,2022-06-26 19:00:00+00:00,1226.11,20038363.240594
ETH,2022-06-26 20:00:00+00:00,1247.2,56146230.55988
ETH,2022-06-26 21:00:00+00:00,1238.71,26589062.346835
ETH,2022-06-26 22:00:00+00:00,1214.23,81295923.052071
ETH,2022-06-26 23:00:00+00:00,1197.79,61365559.637217
ETH,2022-06-27 00:00:00+00:00,1209.94,65517018.925026
ETH,2022-06-27 01:00:00+00:00,1215.86,53363724.290141
ETH,2022-06-27 02:00:00+00:00,1219.07,36245846.398958
ETH,2022-06-27 03:00:00+00:00,1219.91,32490279.641746
ETH,2022-06-27 04:00:00+00:00,1223.52,25541032.189808
ETH,2022-06-27 05:00:00+00:00,1214.89,35963937.956955
ETH,2022-06-27 06:00:00+00:00,1221.26,23453106.100269
ETH,2022-06-27 07:00:00+00:00,1227.66,45162373.655446
ETH,2022-06-27 08:00:00+00:00,1232.77,32587037.1577
ETH,2022-06-27 09:00:00+00:00,1233.37,24887936.977247
ETH,2022-06-27 10:00:00+00:00,1233.23,28178225.243932
ETH,2022-06-27 11:00:00+00:00,1220.01,32544180.866095
ETH,2022-06-27 12:00:00+00:00,1215.66,48299867.321303
ETH,2022-06-27 13:00:00+00:00,1183.24,114421829.643375
ETH,2022-06-27 14:00:00+00:00,1191.05,108796546.228664
ETH,2022-06-27 15:00:00+00:00,1187.48,44669337.439696
ETH,2022-06-27 16:00:00+00:00,1190.97,28085023.196097
ETH,2022-06-27 17:00:00+00:00,1186.72,23180645.639816
ETH,2022-06-27 18:00:00+00:00,1198.51,74336111.020754
ETH,2022-06-27 19:00:00+00:00,1196.69,41064387.743254
ETH,2022-06-27 20:00:00+00:00,1202.82,18578932.160917
ETH,2022-06-27 21:00:00+00:00,1199.49,13441897.471782
ETH,2022-06-27 22:00:00+00:00,1202.29,54139674.91303
ETH,2022-06-27 23:00:00+00:00,1192.51,42458165.695661
ETH,2022-06-28 00:00:00+00:00,1185.77,57282788.434443
ETH,2022-06-28 01:00:00+00:00,1171.48,71714153.934461
ETH,2022-06-28 02:00:00+00:00,1175.32,53285496.021922
ETH,2022-06-28 03:00:00+00:00,1181.94,29296819.211415
ETH,2022-06-28 04:00:00+00:00,1186.55,28504125.157524
ETH,2022-06-28 05:00:00+00:00,1184.91,24855675.189202
ETH,2022-06-28 06:00:00+00:00,1199.61,41793506.779914
ETH,2022-06-28 07:00:00+00:00,1207.65,56230092.746544
ETH,2022-06-28 08:00:00+00:00,1225.01,82716659.908027
ETH,2022-06-28 09:00:00+00:00,1223.77,53624569.478077
ETH,2022-06-28 10:00:00+00:00,1222.23,40449453.437207
ETH,2022-06-28 11:00:00+00:00,1223.48,41244404.721679
ETH,2022-06-28 12:00:00+00:00,1221.61,44408672.200677
ETH,2022-06-28 13:00:00+00:00,1227.81,71905528.834278
ETH,2022-06-28 14:00:00+00:00,1204.05,117163579.294291
ETH,2022-06-28 15:00:00+00:00,1183.69,68311053.49806
ETH,2022-06-28 16:00:00+00:00,1189.23,60204745.859911
ETH,2022-06-28 17:00:00+00:00,1178.78,57037657.447338
ETH,2022-06-28 18:00:00+00:00,1162.44,104028546.472251
ETH,2022-06-28 19:00:00+00:00,1156.23,51599503.675999
ETH,2022-06-28 20:00:00+00:00,1161.75,36726103.002416
ETH,2022-06-28 21:00:00+00:00,1167.22,22221402.870553
ETH,2022-06-28 22:00:00+00:00,1148.25,47661374.126131
ETH,2022-06-28 23:00:00+00:00,1144.05,52716865.965085
ETH,2022-06-29 00:00:00+00:00,1141.38,65908087.139323
ETH,2022-06-29 01:00:00+00:00,1151.0,34277453.213235
ETH,2022-06-29 02:00:00+00:00,1150.46,31869953.372851
ETH,2022-06-29 03:00:00+00:00,1144.89,37304651.483465
ETH,2022-06-29 04:00:00+00:00,1150.01,35785913.427917
ETH,2022-06-29 05:00:00+00:00,1133.25,47365521.260939
ETH,2022-06-29 06:00:00+00:00,1119.61,76145760.843632
ETH,2022-06-29 07:00:00+00:00,1130.59,55376812.434636
ETH,2022-06-29 08:00:00+00:00,1125.16,38276463.265361
ETH,2022-06-29 09:00:00+00:00,1129.56,61388109.192899
ETH,2022-06-29 10:00:00+00:00,1127.65,45494651.381156
ETH,2022-06-29 11:00:00+00:00,1117.95,92485662.520995
ETH,2022-06-29 12:00:00+00:00,1106.62,77980476.689706
ETH,2022-06-29 13:00:00+00:00,1110.55,125325867.864845
ETH,2022-06-29 14:00:00+00:00,1116.19,87385872.07783
ETH,2022-06-29 15:00:00+00:00,1114.26,60491515.458025
ETH,2022-06-29 16:00:00+00:00,1099.22,62762866.146701
ETH,2022-06-29 17:00:00+00:00,1104.99,62381035.211733
ETH,2022-06-29 18:00:00+00:00,1103.65,36495553.837207
ETH,2022-06-29 19:00:00+00:00,1117.95,47084647.503918
ETH,2022-06-29 20:00:00+00:00,1109.7,49876514.13734
ETH,2022-06-29 21:00:00+00:00,1114.0,17564632.659246
ETH,2022-06-29 22:00:00+00:00,1109.07,158670109.270326
ETH,2022-06-29 23:00:00+00:00,1100.21,41888612.478968
ETH,2022-06-30 00:00:00+00:00,1092.41,61693305.210312
ETH,2022-06-30 01:00:00+00:00,1086.85,53218400.953972
ETH,2022-06-30 02:00:00+00:00,1092.68,30533229.848604
ETH,2022-06-30 03:00:00+00:00,1093.93,23921584.29611
ETH,2022-06-30 04:00:00+00:00,1091.53,26234748.383711
ETH,2022-06-30 05:00:00+00:00,1089.24,38627969.494158
ETH,2022-06-30 06:00:00+00:00,1060.55,99171775.626634
ETH,2022-06-30 07:00:00+00:00,1057.42,56462456.436805
ETH,2022-06-30 08:00:00+00:00,1049.29,55915474.587798
ETH,2022-06-30 09:00:00+00:00,1028.82,116581468.1241
ETH,2022-06-30 10:00:00+00:00,1021.98,55185447.058158
ETH,2022-06-30 11:00:00+00:00,1018.49,77557503.599741
ETH,2022-06-30 12:00:00+00:00,1032.31,68264268.209538
ETH,2022-06-30 13:00:00+00:00,1007.67,100641639.045363
ETH,2022-06-30 14:00:00+00:00,1026.87,60576539.644658
ETH,2022-06-30 15:00:00+00:00,1032.22,89586193.105719
ETH,2022-06-30 16:00:00+00:00,1034.39,73606441.475838
ETH,2022-06-30 17:00:00+00:00,1034.05,35600687.899691
ETH,2022-06-30 18:00:00+00:00,1021.88,36686687.508981
ETH,2022-06-30 19:00:00+00:00,1020.86,61508959.300239
ETH,2022-06-30 20:00:00+00:00,1011.61,49111311.429842
ETH,2022-06-30 21:00:00+00:00,1021.9,30927148.561865
ETH,2022-06-30 22:00:00+00:00,1023.74,45255576.456302
ETH,2022-06-30 23:00:00+00:00,1071.01,134131322.70515
DAI,2022-04-01 00:00:00+00:00,0.999924,55764.69689
DAI,2022-04-01 01:00:00+00:00,1.000163,442117.64232
DAI,2022-04-01 02:00:00+00:00,1.000034,338343.43025
DAI,2022-04-01 03:00:00+00:00,0.999964,201100.25042
DAI,2022-04-01 04:00:00+00:00,0.999997,183498.24135
DAI,2022-04-01 05:00:00+00:00,0.999882,209988.97155
DAI,2022-04-01 06:00:00+00:00,0.999844,183448.10622
DAI,2022-04-01 07:00:00+00:00,0.999847,69330.13484
DAI,2022-04-01 08:00:00+00:00,0.99976,372062.64244
DAI,2022-04-01 09:00:00+00:00,0.999786,148554.21745
DAI,2022-04-01 10:00:00+00:00,0.999785,32512.23281
DAI,2022-04-01 11:00:00+00:00,0.999769,87274.86719
DAI,2022-04-01 12:00:00+00:00,0.999768,101752.80243
DAI,2022-04-01 13:00:00+00:00,0.999769,142073.5037
DAI,2022-04-01 14:00:00+00:00,0.999749,338569.45197
DAI,2022-04-01 15:00:00+00:00,0.999808,518686.66456
DAI,2022-04-01 16:00:00+00:00,0.999924,164298.14871
DAI,2022-04-01 17:00:00+00:00,1.000047,1121182.50422
DAI,2022-04-01 18:00:00+00:00,1.000015,166226.3581
DAI,2022-04-01 19:00:00+00:00,1.00003,307219.78517
DAI,2022-04-01 20:00:00+00:00,0.999991,672201.31735
DAI,2022-04-01 21:00:00+00:00,0.999969,240902.46907
DAI,2022-04-01 22:00:00+00:00,0.999986,125118.74355
DAI,2022-04-01 23:00:00+00:00,0.999933,58025.7868
DAI,2022-04-02 00:00:00+00:00,0.999941,47166.35701
DAI,2022-04-02 01:00:00+00:00,0.999859,184670.32028
DAI,2022-04-02 02:00:00+00:00,0.999823,108499.70279
DAI,2022-04-02 03:00:00+00:00,0.999763,286499.71662
DAI,2022-04-02 04:00:00+00:00,0.999871,269514.35462
DAI,2022-04-02 05:00:00+00:00,0.99996,105865.15013
DAI,2022-04-02 06:00:00+00:00,0.999902,115002.18913
DAI,2022-04-02 07:00:00+00:00,1.000055,216497.34494
DAI,2022-04-02 08:00:00+00:00,1.00006,30314.24284
DAI,2022-04-02 09:00:00+00:00,1.000026,52643.18752
DAI,2022-04-02 10:00:00+00:00,1.000058,60130.70424
DAI,2022-04-02 11:00:00+00:00,1.000078,41617.95052
DAI,2022-04-02 12:00:00+00:00,1.00008,153992.17336
DAI,2022-04-02 13:00:00+00:00,0.999926,133554.69814
DAI,2022-04-02 14:00:00+00:00,0.999923,383553.16979
DAI,2022-04-02 15:00:00+00:00,0.999957,149762.23694
DAI,2022-04-02 16:00:00+00:00,0.99987,95327.17559
DAI,2022-04-02 17:00:00+00:00,0.999907,195417.95479
DAI,2022-04-02 18:00:00+00:00,0.999913,136843.43638
DAI,2022-04-02 19:00:00+00:00,0.999882,144173.08799
DAI,2022-04-02 20:00:00+00:00,0.99993,250816.95365
DAI,2022-04-02 21:00:00+00:00,1.000149,1183589.5297
DAI,2022-04-02 22:00:00+00:00,1.00016,663402.27968
DAI,2022-04-02 23:00:00+00:00,1.00018,802736.76642
DAI,2022-04-03 00:00:00+00:00,1.00019,896275.94165
DAI,2022-04-03 01:00:00+00:00,1.000073,641519.42878
DAI,2022-04-03 02:00:00+00:00,1.000499,730237.39653
DAI,2022-04-03 03:00:00+00:00,1.000289,332765.07111
DAI,2022-04-03 04:00:00+00:00,1.000315,191459.16353
DAI,2022-04-03 05:00:00+00:00,1.000334,200035.09366
DAI,2022-04-03 06:00:00+00:00,1.000313,157460.58433
DAI,2022-04-03 07:00:00+00:00,1.000284,132039.44958
DAI,2022-04-03 08:00:00+00:00,1.000263,201829.39139
DAI,2022-04-03 09:00:00+00:00,1.000275,135340.42476
DAI,2022-04-03 10:00:00+00:00,1.000273,101879.53975
DAI,2022-04-03 11:00:00+00:00,1.000296,55258.0561
DAI,2022-04-03 12:00:00+00:00,1.000246,137424.11271
DAI,2022-04-03 13:00:00+00:00,1.000233,101497.6496
DAI,2022-04-03 14:00:00+00:00,1.000153,61334.84824
DAI,2022-04-03 15:00:00+00:00,1.000013,258082.05761
DAI,2022-04-03 16:00:00+00:00,1.000084,163186.88321
DAI,2022-04-03 17:00:00+00:00,1.000003,238068.67383
DAI,2022-04-03 18:00:00+00:00,1.000017,232193.35119
DAI,2022-04-03 19:00:00+00:00,1.000012,75541.19724
DAI,2022-04-03 20:00:00+00:00,1.000047,86114.90222
DAI,2022-04-03 21:00:00+00:00,1.000033,117541.9136
DAI,2022-04-03 22:00:00+00:00,0.999981,101027.68859
DAI,2022-04-03 23:00:00+00:00,1.000013,135539.19132
DAI,2022-04-04 00:00:00+00:00,0.999989,278652.53309
DAI,2022-04-04 01:00:00+00:00,1.000116,164411.03039
DAI,2022-04-04 02:00:00+00:00,1.000109,174758.92716
DAI,2022-04-04 03:00:00+00:00,1.000073,104742.27957
DAI,2022-04-04 04:00:00+00:00,1.000121,53302.23369
DAI,2022-04-04 05:00:00+00:00,1.00005,228014.26092
DAI,2022-04-04 06:00:00+00:00,0.999987,87478.55569
DAI,2022-04-04 07:00:00+00:00,1.000038,52079.88607
DAI,2022-04-04 08:00:00+00:00,1.000022,24499.91555
DAI,2022-04-04 09:00:00+00:00,0.999944,41802.62971
DAI,2022-04-04 10:00:00+00:00,1.000029,118461.63087
DAI,2022-04-04 11:00:00+00:00,1.000044,157245.17025
DAI,2022-04-04 12:00:00+00:00,1.000099,342266.85788
DAI,2022-04-04 13:00:00+00:00,1.000053,175461.96757
DAI,2022-04-04 14:00:00+00:00,0.99994,243866.92902
DAI,2022-04-04 15:00:00+00:00,0.999939,178690.8951
DAI,2022-04-04 16:00:00+00:00,0.999965,102049.68185
DAI,2022-04-04 17:00:00+00:00,0.999901,157784.25849
DAI,2022-04-04 18:00:00+00:00,0.999852,251323.47447
DAI,2022-04-04 19:00:00+00:00,0.999853,220739.42454
DAI,2022-04-04 20:00:00+00:00,0.999831,205915.38398
DAI,2022-04-04 21:00:00+00:00,0.99986,174306.98554
DAI,2022-04-04 22:00:00+00:00,0.999889,96050.53128
DAI,2022-04-04 23:00:00+00:00,0.999863,158424.87826
DAI,2022-04-05 00:00:00+00:00,0.999829,80905.66733
DAI,2022-04-05 01:00:00+00:00,0.99983,53491.78443
DAI,2022-04-05 02:00:00+00:00,0.999833,118460.08022
DAI,2022-04-05 03:00:00+00:00,0.999826,56802.91837
DAI,2022-04-05 04:00:00+00:00,0.999753,286695.64831
DAI,2022-04-05 05:00:00+00:00,0.999779,36512.94415
DAI,2022-04-05 06:00:00+00:00,0.999843,283797.72633
DAI,2022-04-05 07:00:00+00:00,0.999823,77476.84092
DAI,2022-04-05 08:00:00+00:00,0.999854,51093.45306
DAI,2022-04-05 09:00:00+00:00,0.999856,119174.93479
DAI,2022-04-05 10:00:00+00:00,0.99981,65768.07572
DAI,2022-04-05 11:00:00+00:00,0.999788,75187.90869
DAI,2022-04-05 12:00:00+00:00,0.999788,88369.33996
DAI,2022-04-05 13:00:00+00:00,0.99978,65716.38266
DAI,2022-04-05 14:00:00+00:00,0.999752,152722.55163
DAI,2022-04-05 15:00:00+00:00,0.999736,189586.14387
DAI,2022-04-05 16:00:00+00:00,0.999777,304548.60833
DAI,2022-04-05 17:00:00+00:00,0.999794,144089.7862
DAI,2022-04-05 18:00:00+00:00,0.999795,103629.29083
DAI,2022-04-05 19:00:00+00:00,0.999809,140807.3553
DAI,2022-04-05 20:00:00+00:00,0.999785,81720.31084
DAI,2022-04-05 21:00:00+00:00,0.999751,208787.03253
DAI,2022-04-05 22:00:00+00:00,0.999749,269402.75115
DAI,2022-04-05 23:00:00+00:00,0.999742,85732.05274
DAI,2022-04-06 00:00:00+00:00,0.999792,493864.41754
DAI,2022-04-06 01:00:00+00:00,0.999852,486605.63036
DAI,2022-04-06 02:00:00+00:00,1.000141,978233.97057
DAI,2022-04-06 03:00:00+00:00,0.999939,393873.00275
DAI,2022-04-06 04:00:00+00:00,0.99992,41946.41395
DAI,2022-04-06 05:00:00+00:00,0.999916,130387.10503
DAI,2022-04-06 06:00:00+00:00,0.999835,162340.08628
DAI,2022-04-06 07:00:00+00:00,0.999814,40716.65122
DAI,2022-04-06 08:00:00+00:00,0.999815,40786.61121
DAI,2022-04-06 09:00:00+00:00,0.999816,26258.13065
DAI,2022-04-06 10:00:00+00:00,0.999909,424502.91087
DAI,2022-04-06 11:00:00+00:00,1.000002,138336.33552
DAI,2022-04-06 12:00:00+00:00,0.999888,165140.61187
DAI,2022-04-06 13:00:00+00:00,1.000008,340789.39696
DAI,2022-04-06 14:00:00+00:00,0.999977,374523.31906
DAI,2022-04-06 15:00:00+00:00,1.000008,476646.69097
DAI,2022-04-06 16:00:00+00:00,0.99981,759983.52428
DAI,2022-04-06 17:00:00+00:00,0.999821,331351.47526
DAI,2022-04-06 18:00:00+00:00,0.999851,361601.75566
DAI,2022-04-06 19:00:00+00:00,0.999821,280054.16381
DAI,2022-04-06 20:00:00+00:00,0.999796,216395.59077
DAI,2022-04-06 21:00:00+00:00,0.999726,309172.31508
DAI,2022-04-06 22:00:00+00:00,0.999732,410201.93176
DAI,2022-04-06 23:00:00+00:00,0.999691,341630.00973
DAI,2022-04-07 00:00:00+00:00,0.999703,138032.11312
DAI,2022-04-07 01:00:00+00:00,0.999741,2174972.57423
DAI,2022-04-07 02:00:00+00:00,0.999742,127591.88278
DAI,2022-04-07 03:00:00+00:00,0.999742,94965.30557
DAI,2022-04-07 04:00:00+00:00,0.999731,477294.9813
DAI,2022-04-07 05:00:00+00:00,0.999736,678521.96882
DAI,2022-04-07 06:00:00+00:00,0.999811,410097.06775
DAI,2022-04-07 07:00:00+00:00,0.999796,49164.08943
DAI,2022-04-07 08:00:00+00:00,0.999796,33261.24591
DAI,2022-04-07 09:00:00+00:00,0.999796,46937.26979
DAI,2022-04-07 10:00:00+00:00,0.999796,389165.91423
DAI,2022-04-07 11:00:00+00:00,0.999772,75051.67678
DAI,2022-04-07 12:00:00+00:00,0.999757,116508.57582
DAI,2022-04-07 13:00:00+00:00,0.999718,952082.38267
DAI,2022-04-07 14:00:00+00:00,0.999743,303234.57743
DAI,2022-04-07 15:00:00+00:00,0.999721,90293.08718
DAI,2022-04-07 16:00:00+00:00,0.999722,103221.99981
DAI,2022-04-07 17:00:00+00:00,0.999809,189352.09265
DAI,2022-04-07 18:00:00+00:00,0.999789,82507.07224
DAI,2022-04-07 19:00:00+00:00,0.999788,101789.79511
DAI,2022-04-07 20:00:00+00:00,0.999818,222176.19779
DAI,2022-04-07 21:00:00+00:00,0.999788,83424.29696
DAI,2022-04-07 22:00:00+00:00,0.999778,107794.8096
DAI,2022-04-07 23:00:00+00:00,0.999786,358423.93431
DAI,2022-04-08 00:00:00+00:00,0.999819,192564.14758
DAI,2022-04-08 01:00:00+00:00,0.999821,84644.50995
DAI,2022-04-08 02:00:00+00:00,0.999818,82115.54538
DAI,2022-04-08 03:00:00+00:00,0.999904,237503.31806
DAI,2022-04-08 04:00:00+00:00,1.000001,337144.74875
DAI,2022-04-08 05:00:00+00:00,1.000004,85933.47045
DAI,2022-04-08 06:00:00+00:00,1.000006,32160.79476
DAI,2022-04-08 07:00:00+00:00,0.999911,146506.90539
DAI,2022-04-08 08:00:00+00:00,1.000045,216684.79925
DAI,2022-04-08 09:00:00+00:00,0.999978,95050.48628
DAI,2022-04-08 10:00:00+00:00,0.999905,125274.26
DAI,2022-04-08 11:00:00+00:00,0.999909,63882.90931
DAI,2022-04-08 12:00:00+00:00,0.999917,52302.33501
DAI,2022-04-08 13:00:00+00:00,0.999904,164127.99384
DAI,2022-04-08 14:00:00+00:00,0.999854,401723.00933
DAI,2022-04-08 15:00:00+00:00,1.000002,846732.18032
DAI,2022-04-08 16:00:00+00:00,0.999794,593786.89484
DAI,2022-04-08 17:00:00+00:00,0.999938,312898.27694
DAI,2022-04-08 18:00:00+00:00,0.999883,288270.65444
DAI,2022-04-08 19:00:00+00:00,0.999895,101579.38496
DAI,2022-04-08 20:00:00+00:00,0.999896,108701.0078
DAI,2022-04-08 21:00:00+00:00,1.000022,348977.03157
DAI,2022-04-08 22:00:00+00:00,0.999976,246520.75023
DAI,2022-04-08 23:00:00+00:00,1.000004,137900.62015
DAI,2022-04-09 00:00:00+00:00,0.999986,44660.64849
DAI,2022-04-09 01:00:00+00:00,1.000047,80016.54689
DAI,2022-04-09 02:00:00+00:00,1.000066,255279.44602
DAI,2022-04-09 03:00:00+00:00,0.99998,318549.72611
DAI,2022-04-09 04:00:00+00:00,0.999938,214623.85926
DAI,2022-04-09 05:00:00+00:00,0.999932,39823.05421
DAI,2022-04-09 06:00:00+00:00,0.999921,12109.29363
DAI,2022-04-09 07:00:00+00:00,0.999915,23262.26895
DAI,2022-04-09 08:00:00+00:00,0.999914,20990.55158
DAI,2022-04-09 09:00:00+00:00,0.999911,40840.7674
DAI,2022-04-09 10:00:00+00:00,0.999904,25654.44624
DAI,2022-04-09 11:00:00+00:00,0.999903,19749.83891
DAI,2022-04-09 12:00:00+00:00,0.999902,22017.14999
DAI,2022-04-09 13:00:00+00:00,0.99988,40177.00346
DAI,2022-04-09 14:00:00+00:00,0.999877,89657.87821
DAI,2022-04-09 15:00:00+00:00,0.999891,82258.93105
DAI,2022-04-09 16:00:00+00:00,0.999832,164403.2794
DAI,2022-04-09 17:00:00+00:00,0.99985,39038.28866
DAI,2022-04-09 18:00:00+00:00,0.999833,52021.39065
DAI,2022-04-09 19:00:00+00:00,0.999828,32574.17905
DAI,2022-04-09 20:00:00+00:00,0.999855,65192.83385
DAI,2022-04-09 21:00:00+00:00,0.999776,96106.6553
DAI,2022-04-09 22:00:00+00:00,0.99978,127401.38897
DAI,2022-04-09 23:00:00+00:00,0.999795,170191.6579
DAI,2022-04-10 00:00:00+00:00,0.999963,175730.00401
DAI,2022-04-10 01:00:00+00:00,0.999949,72204.24625
DAI,2022-04-10 02:00:00+00:00,0.999868,80917.2446
DAI,2022-04-10 03:00:00+00:00,0.99986,180366.00229
DAI,2022-04-10 04:00:00+00:00,0.999829,76608.9423
DAI,2022-04-10 05:00:00+00:00,0.999826,28442.51067
DAI,2022-04-10 06:00:00+00:00,0.999826,27033.85363
DAI,2022-04-10 07:00:00+00:00,0.999826,23282.08331
DAI,2022-04-10 08:00:00+00:00,0.999919,139851.51841
DAI,2022-04-10 09:00:00+00:00,0.999878,36154.13089
DAI,2022-04-10 10:00:00+00:00,0.999861,13109.94035
DAI,2022-04-10 11:00:00+00:00,0.99986,52644.36836
DAI,2022-04-10 12:00:00+00:00,0.999859,126360.39529
DAI,2022-04-10 13:00:00+00:00,0.999898,145084.45716
DAI,2022-04-10 14:00:00+00:00,0.999993,506204.58579
DAI,2022-04-10 15:00:00+00:00,0.999859,239149.78519
DAI,2022-04-10 16:00:00+00:00,0.999859,94812.00375
DAI,2022-04-10 17:00:00+00:00,0.999952,142370.87142
DAI,2022-04-10 18:00:00+00:00,0.999848,157819.75303
DAI,2022-04-10 19:00:00+00:00,0.999865,252047.85621
DAI,2022-04-10 20:00:00+00:00,0.999822,80508.41428
DAI,2022-04-10 21:00:00+00:00,0.999821,113673.0671
DAI,2022-04-10 22:00:00+00:00,0.99975,250296.55913
DAI,2022-04-10 23:00:00+00:00,0.999899,404182.84963
DAI,2022-04-11 00:00:00+00:00,0.999899,108943.64315
DAI,2022-04-11 01:00:00+00:00,0.999881,88978.33927
DAI,2022-04-11 02:00:00+00:00,0.999841,286390.15642
DAI,2022-04-11 03:00:00+00:00,0.999825,178073.39121
DAI,2022-04-11 04:00:00+00:00,0.999755,331587.30452
DAI,2022-04-11 05:00:00+00:00,0.999899,340324.88183
DAI,2022-04-11 06:00:00+00:00,0.999899,257515.72445
DAI,2022-04-11 07:00:00+00:00,0.999897,482461.60007
DAI,2022-04-11 08:00:00+00:00,0.999921,93379.39579
DAI,2022-04-11 09:00:00+00:00,0.999964,316642.34853
DAI,2022-04-11 10:00:00+00:00,0.999854,206174.96082
DAI,2022-04-11 11:00:00+00:00,0.999932,282766.46203
DAI,2022-04-11 12:00:00+00:00,0.99988,990818.41427
DAI,2022-04-11 13:00:00+00:00,0.999918,695469.05105
DAI,2022-04-11 14:00:00+00:00,0.999881,139958.76947
DAI,2022-04-11 15:00:00+00:00,0.999848,534135.10604
DAI,2022-04-11 16:00:00+00:00,0.9998,712605.25537
DAI,2022-04-11 17:00:00+00:00,0.999991,635424.04889
DAI,2022-04-11 18:00:00+00:00,0.999998,426011.19376
DAI,2022-04-11 19:00:00+00:00,0.999845,334714.70458
DAI,2022-04-11 20:00:00+00:00,0.999834,258969.05929
DAI,2022-04-11 21:00:00+00:00,0.999864,273549.78257
DAI,2022-04-11 22:00:00+00:00,0.999807,390373.13798
DAI,2022-04-11 23:00:00+00:00,0.999963,325985.83458
DAI,2022-04-12 00:00:00+00:00,0.999769,876156.91439
DAI,2022-04-12 01:00:00+00:00,0.999735,91306.36021
DAI,2022-04-12 02:00:00+00:00,0.999699,79452.66682
DAI,2022-04-12 03:00:00+00:00,0.999698,183238.83647
DAI,2022-04-12 04:00:00+00:00,0.999697,199482.06036
DAI,2022-04-12 05:00:00+00:00,0.999693,148409.17003
DAI,2022-04-12 06:00:00+00:00,0.999817,178187.71688
DAI,2022-04-12 07:00:00+00:00,0.999791,48862.93548
DAI,2022-04-12 08:00:00+00:00,0.999789,60525.95911
DAI,2022-04-12 09:00:00+00:00,0.999824,26748.75893
DAI,2022-04-12 10:00:00+00:00,0.99985,97697.55534
DAI,2022-04-12 11:00:00+00:00,0.999789,281914.80149
DAI,2022-04-12 12:00:00+00:00,0.999787,318564.45005
DAI,2022-04-12 13:00:00+00:00,0.999871,327256.08687
DAI,2022-04-12 14:00:00+00:00,0.999904,302348.61074
DAI,2022-04-12 15:00:00+00:00,0.999927,227412.46671
DAI,2022-04-12 16:00:00+00:00,0.99987,177238.73075
DAI,2022-04-12 17:00:00+00:00,0.999861,176421.95505
DAI,2022-04-12 18:00:00+00:00,0.999926,342157.53014
DAI,2022-04-12 19:00:00+00:00,0.999778,719597.9465
DAI,2022-04-12 20:00:00+00:00,0.999778,586845.32307
DAI,2022-04-12 21:00:00+00:00,0.999704,576384.01263
DAI,2022-04-12 22:00:00+00:00,0.999798,346424.12383
DAI,2022-04-12 23:00:00+00:00,0.999874,200656.88752
DAI,2022-04-13 00:00:00+00:00,0.999821,63219.77352
DAI,2022-04-13 01:00:00+00:00,0.999805,437962.09859
DAI,2022-04-13 02:00:00+00:00,0.999714,71730.88309
DAI,2022-04-13 03:00:00+00:00,0.999745,77959.60598
DAI,2022-04-13 04:00:00+00:00,0.999813,98074.75349
DAI,2022-04-13 05:00:00+00:00,0.999803,85554.82945
DAI,2022-04-13 06:00:00+00:00,0.999777,71222.26435
DAI,2022-04-13 07:00:00+00:00,0.999779,10760.40716
DAI,2022-04-13 08:00:00+00:00,0.999784,22376.42408
DAI,2022-04-13 09:00:00+00:00,0.999784,30166.67921
DAI,2022-04-13 10:00:00+00:00,0.999771,55612.73175
DAI,2022-04-13 11:00:00+00:00,0.99979,34504.43546
DAI,2022-04-13 12:00:00+00:00,0.99981,40917.18337
DAI,2022-04-13 13:00:00+00:00,0.999817,374438.90929
DAI,2022-04-13 14:00:00+00:00,0.999695,408142.61117
DAI,2022-04-13 15:00:00+00:00,0.999858,509746.86026
DAI,2022-04-13 16:00:00+00:00,0.999745,582964.49581
DAI,2022-04-13 17:00:00+00:00,0.999736,474476.98395
DAI,2022-04-13 18:00:00+00:00,0.999728,179106.81303
DAI,2022-04-13 19:00:00+00:00,0.999714,461582.68152
DAI,2022-04-13 20:00:00+00:00,0.999698,424513.27405
DAI,2022-04-13 21:00:00+00:00,0.999693,112132.438
DAI,2022-04-13 22:00:00+00:00,0.999698,40637.14145
DAI,2022-04-13 23:00:00+00:00,0.999696,204635.19786
DAI,2022-04-14 00:00:00+00:00,0.999695,217485.54456
DAI,2022-04-14 01:00:00+00:00,0.999691,260701.43815
DAI,2022-04-14 02:00:00+00:00,0.999689,117647.4531
DAI,2022-04-14 03:00:00+00:00,0.999779,662113.27576
DAI,2022-04-14 04:00:00+00:00,0.999782,119842.11775
DAI,2022-04-14 05:00:00+00:00,0.999792,40712.58549
DAI,2022-04-14 06:00:00+00:00,0.999792,43427.72048
DAI,2022-04-14 07:00:00+00:00,0.999795,35885.44028
DAI,2022-04-14 08:00:00+00:00,0.999792,45386.95022
DAI,2022-04-14 09:00:00+00:00,0.999798,37695.5839
DAI,2022-04-14 10:00:00+00:00,0.999798,20460.56988
DAI,2022-04-14 11:00:00+00:00,0.999838,246508.56526
DAI,2022-04-14 12:00:00+00:00,0.999831,124167.35062
DAI,2022-04-14 13:00:00+00:00,0.999797,198252.24825
DAI,2022-04-14 14:00:00+00:00,0.999802,200448.17805
DAI,2022-04-14 15:00:00+00:00,0.999831,158143.17561
DAI,2022-04-14 16:00:00+00:00,0.999826,310088.57654
DAI,2022-04-14 17:00:00+00:00,0.999758,148306.27371
DAI,2022-04-14 18:00:00+00:00,0.999809,97591.77697
DAI,2022-04-14 19:00:00+00:00,0.999995,1626114.56265
DAI,2022-04-14 20:00:00+00:00,0.99997,197942.23774
DAI,2022-04-14 21:00:00+00:00,0.999923,160321.20896
DAI,2022-04-14 22:00:00+00:00,0.99997,135641.79755
DAI,2022-04-14 23:00:00+00:00,0.999857,166613.28458
DAI,2022-04-15 00:00:00+00:00,0.999851,95063.83558
DAI,2022-04-15 01:00:00+00:00,0.99981,128076.26224
DAI,2022-04-15 02:00:00+00:00,0.99987,373986.57968
DAI,2022-04-15 03:00:00+00:00,0.999842,84408.95405
DAI,2022-04-15 04:00:00+00:00,0.999874,238096.04803
DAI,2022-04-15 05:00:00+00:00,0.999872,28885.16064
DAI,2022-04-15 06:00:00+00:00,0.999892,25778.02845
DAI,2022-04-15 07:00:00+00:00,0.999811,738151.27431
DAI,2022-04-15 08:00:00+00:00,0.999843,65411.64408
DAI,2022-04-15 09:00:00+00:00,0.999839,81992.76918
DAI,2022-04-15 10:00:00+00:00,0.999829,32518.43586
DAI,2022-04-15 11:00:00+00:00,0.999862,350466.02051
DAI,2022-04-15 12:00:00+00:00,0.999884,235987.51195
DAI,2022-04-15 13:00:00+00:00,0.999871,66682.01697
DAI,2022-04-15 14:00:00+00:00,0.999863,131549.18105
DAI,2022-04-15 15:00:00+00:00,0.99984,119333.20797
DAI,2022-04-15 16:00:00+00:00,0.999841,108190.10715
DAI,2022-04-15 17:00:00+00:00,0.999807,109122.32573
DAI,2022-04-15 18:00:00+00:00,0.999923,672228.58741
DAI,2022-04-15 19:00:00+00:00,0.999949,221892.06037
DAI,2022-04-15 20:00:00+00:00,0.999999,395038.66616
DAI,2022-04-15 21:00:00+00:00,1.00005,485663.2315
DAI,2022-04-15 22:00:00+00:00,1.000168,690815.46022
DAI,2022-04-15 23:00:00+00:00,1.000152,34597.66705
DAI,2022-04-16 00:00:00+00:00,1.000015,151789.97762
DAI,2022-04-16 01:00:00+00:00,1.000009,29469.53432
DAI,2022-04-16 02:00:00+00:00,1.000004,19845.87159
DAI,2022-04-16 03:00:00+00:00,0.999946,81200.84783
DAI,2022-04-16 04:00:00+00:00,0.999896,92203.8717
DAI,2022-04-16 05:00:00+00:00,0.999969,118929.11429
DAI,2022-04-16 06:00:00+00:00,0.999943,14658.1331
DAI,2022-04-16 07:00:00+00:00,0.999928,18611.62999
DAI,2022-04-16 08:00:00+00:00,0.999904,17098.16305
DAI,2022-04-16 09:00:00+00:00,0.999872,18182.21476
DAI,2022-04-16 10:00:00+00:00,0.999889,18708.46638
DAI,2022-04-16 11:00:00+00:00,0.999874,37032.90466
DAI,2022-04-16 12:00:00+00:00,0.999904,19466.08365
DAI,2022-04-16 13:00:00+00:00,0.999821,240319.9291
DAI,2022-04-16 14:00:00+00:00,0.999821,109781.04633
DAI,2022-04-16 15:00:00+00:00,0.999857,260512.07776
DAI,2022-04-16 16:00:00+00:00,0.999915,111191.51001
DAI,2022-04-16 17:00:00+00:00,0.999952,90023.80155
DAI,2022-04-16 18:00:00+00:00,0.999875,97177.13482
DAI,2022-04-16 19:00:00+00:00,0.999863,26011.42124
DAI,2022-04-16 20:00:00+00:00,0.999913,23844.45657
DAI,2022-04-16 21:00:00+00:00,0.999846,28036.86649
DAI,2022-04-16 22:00:00+00:00,0.999847,72318.88763
DAI,2022-04-16 23:00:00+00:00,0.999841,49351.91709
DAI,2022-04-17 00:00:00+00:00,0.99984,79627.39696
DAI,2022-04-17 01:00:00+00:00,0.999813,57389.72149
DAI,2022-04-17 02:00:00+00:00,0.999809,19949.04033
DAI,2022-04-17 03:00:00+00:00,0.999803,16720.74779
DAI,2022-04-17 04:00:00+00:00,0.999774,119481.94883
DAI,2022-04-17 05:00:00+00:00,0.999763,84571.40061
DAI,2022-04-17 06:00:00+00:00,0.999731,29421.70837
DAI,2022-04-17 07:00:00+00:00,0.999745,9681.0378
DAI,2022-04-17 08:00:00+00:00,0.999767,13673.89439
DAI,2022-04-17 09:00:00+00:00,0.999756,25815.23671
DAI,2022-04-17 10:00:00+00:00,0.999776,59839.30755
DAI,2022-04-17 11:00:00+00:00,0.999863,65174.75161
DAI,2022-04-17 12:00:00+00:00,0.999824,29565.17858
DAI,2022-04-17 13:00:00+00:00,0.999822,50212.65604
DAI,2022-04-17 14:00:00+00:00,0.999851,36303.04935
DAI,2022-04-17 15:00:00+00:00,0.9997,744159.98039
DAI,2022-04-17 16:00:00+00:00,0.999708,419214.5689
DAI,2022-04-17 17:00:00+00:00,0.999598,89365.02534
DAI,2022-04-17 18:00:00+00:00,0.999708,198500.70519
DAI,2022-04-17 19:00:00+00:00,0.999698,55498.12418
DAI,2022-04-17 20:00:00+00:00,0.999703,140112.20028
DAI,2022-04-17 21:00:00+00:00,0.999791,220994.15298
DAI,2022-04-17 22:00:00+00:00,0.999797,65531.24939
DAI,2022-04-17 23:00:00+00:00,0.999701,1067803.57791
DAI,2022-04-18 00:00:00+00:00,0.999762,162378.76769
DAI,2022-04-18 01:00:00+00:00,0.999762,164627.21357
DAI,2022-04-18 02:00:00+00:00,0.999793,264902.87578
DAI,2022-04-18 03:00:00+00:00,0.999824,96967.73561
DAI,2022-04-18 04:00:00+00:00,0.999811,296937.01603
DAI,2022-04-18 05:00:00+00:00,0.99981,154110.06756
DAI,2022-04-18 06:00:00+00:00,0.999908,1255865.8066
DAI,2022-04-18 07:00:00+00:00,0.999912,35599.42104
DAI,2022-04-18 08:00:00+00:00,0.999979,95052.36514
DAI,2022-04-18 09:00:00+00:00,0.999906,177045.64444
DAI,2022-04-18 10:00:00+00:00,1.000086,252060.50816
DAI,2022-04-18 11:00:00+00:00,1.000098,61635.54399
DAI,2022-04-18 12:00:00+00:00,1.000099,96573.02295
DAI,2022-04-18 13:00:00+00:00,1.000098,90256.75625
DAI,2022-04-18 14:00:00+00:00,1.000187,471339.56781
DAI,2022-04-18 15:00:00+00:00,1.000105,169364.28967
DAI,2022-04-18 16:00:00+00:00,1.000021,66628.57943
DAI,2022-04-18 17:00:00+00:00,0.999831,635950.82102
DAI,2022-04-18 18:00:00+00:00,0.999832,95910.25594
DAI,2022-04-18 19:00:00+00:00,0.999733,574228.28344
DAI,2022-04-18 20:00:00+00:00,0.999818,421862.14514
DAI,2022-04-18 21:00:00+00:00,0.999758,201502.61269
DAI,2022-04-18 22:00:00+00:00,0.999765,161904.84519
DAI,2022-04-18 23:00:00+00:00,0.999857,266183.78853
DAI,2022-04-19 00:00:00+00:00,0.99983,101633.79559
DAI,2022-04-19 01:00:00+00:00,0.99983,117480.71455
DAI,2022-04-19 02:00:00+00:00,0.999837,106340.19573
DAI,2022-04-19 03:00:00+00:00,0.99981,75006.66609
DAI,2022-04-19 04:00:00+00:00,0.999829,20505.15601
DAI,2022-04-19 05:00:00+00:00,0.9998,39386.70664
DAI,2022-04-19 06:00:00+00:00,0.99981,272711.68499
DAI,2022-04-19 07:00:00+00:00,0.999819,179864.17469
DAI,2022-04-19 08:00:00+00:00,0.999809,40293.17433
DAI,2022-04-19 09:00:00+00:00,0.999811,215277.07905
DAI,2022-04-19 10:00:00+00:00,0.999904,2963886.20131
DAI,2022-04-19 11:00:00+00:00,0.999921,157877.98682
DAI,2022-04-19 12:00:00+00:00,0.999875,148592.58809
DAI,2022-04-19 13:00:00+00:00,0.999829,116259.34797
DAI,2022-04-19 14:00:00+00:00,0.999892,305547.98573
DAI,2022-04-19 15:00:00+00:00,0.999831,328137.54995
DAI,2022-04-19 16:00:00+00:00,0.999807,218583.49092
DAI,2022-04-19 17:00:00+00:00,0.999794,97869.95543
DAI,2022-04-19 18:00:00+00:00,0.999825,230068.18838
DAI,2022-04-19 19:00:00+00:00,0.999832,61404.03727
DAI,2022-04-19 20:00:00+00:00,0.999828,58726.13929
DAI,2022-04-19 21:00:00+00:00,0.999914,236195.16995
DAI,2022-04-19 22:00:00+00:00,0.999925,38265.16423
DAI,2022-04-19 23:00:00+00:00,0.999902,67625.31824
DAI,2022-04-20 00:00:00+00:00,0.99987,115202.19503
DAI,2022-04-20 01:00:00+00:00,0.999872,29534.95921
DAI,2022-04-20 02:00:00+00:00,0.999998,239303.18917
DAI,2022-04-20 03:00:00+00:00,0.99995,333061.46322
DAI,2022-04-20 04:00:00+00:00,0.999915,141467.52036
DAI,2022-04-20 05:00:00+00:00,0.999919,47887.43264
DAI,2022-04-20 06:00:00+00:00,0.999901,35465.1976
DAI,2022-04-20 07:00:00+00:00,0.999852,200615.9557
DAI,2022-04-20 08:00:00+00:00,0.99985,44929.09618
DAI,2022-04-20 09:00:00+00:00,0.999836,288871.92964
DAI,2022-04-20 10:00:00+00:00,0.999799,101597.87383
DAI,2022-04-20 11:00:00+00:00,0.999769,384718.59325
DAI,2022-04-20 12:00:00+00:00,0.999787,225077.44576
DAI,2022-04-20 13:00:00+00:00,0.999792,243507.93142
DAI,2022-04-20 14:00:00+00:00,0.999767,48910.46375
DAI,2022-04-20 15:00:00+00:00,0.99977,67667.86547
DAI,2022-04-20 16:00:00+00:00,0.9998,119994.05066
DAI,2022-04-20 17:00:00+00:00,0.999803,131700.63019
DAI,2022-04-20 18:00:00+00:00,0.999844,583659.85335
DAI,2022-04-20 19:00:00+00:00,0.999817,93020.19257
DAI,2022-04-20 20:00:00+00:00,0.99982,221004.48862
DAI,2022-04-20 21:00:00+00:00,0.999832,52737.1935
DAI,2022-04-20 22:00:00+00:00,0.999832,44777.60498
DAI,2022-04-20 23:00:00+00:00,0.999816,203750.84495
DAI,2022-04-21 00:00:00+00:00,0.999769,118001.83039
DAI,2022-04-21 01:00:00+00:00,0.999777,83876.06238
DAI,2022-04-21 02:00:00+00:00,0.99981,48363.02449
DAI,2022-04-21 03:00:00+00:00,0.999777,44100.1057
DAI,2022-04-21 04:00:00+00:00,0.999814,37873.45971
DAI,2022-04-21 05:00:00+00:00,0.999832,90315.11948
DAI,2022-04-21 06:00:00+00:00,0.999777,27846.19498
DAI,2022-04-21 07:00:00+00:00,0.999807,38830.50407
DAI,2022-04-21 08:00:00+00:00,0.999763,73320.97211
DAI,2022-04-21 09:00:00+00:00,0.999762,78927.60038
DAI,2022-04-21 10:00:00+00:00,0.999814,145081.33526
DAI,2022-04-21 11:00:00+00:00,0.99983,41759.88275
DAI,2022-04-21 12:00:00+00:00,0.999826,106440.65291
DAI,2022-04-21 13:00:00+00:00,0.999998,399869.48824
DAI,2022-04-21 14:00:00+00:00,0.999821,617514.27485
DAI,2022-04-21 15:00:00+00:00,0.999842,92521.67811
DAI,2022-04-21 16:00:00+00:00,0.999811,151463.22189
DAI,2022-04-21 17:00:00+00:00,0.999826,91713.33784
DAI,2022-04-21 18:00:00+00:00,0.999826,71410.49346
DAI,2022-04-21 19:00:00+00:00,0.999846,66284.90882
DAI,2022-04-21 20:00:00+00:00,0.99988,123510.65851
DAI,2022-04-21 21:00:00+00:00,0.999963,448466.07645
DAI,2022-04-21 22:00:00+00:00,0.999955,329517.32908
DAI,2022-04-21 23:00:00+00:00,0.999867,127953.73019
DAI,2022-04-22 00:00:00+00:00,1.000009,196173.4443
DAI,2022-04-22 01:00:00+00:00,0.999968,75914.20021
DAI,2022-04-22 02:00:00+00:00,0.999903,155824.18659
DAI,2022-04-22 03:00:00+00:00,0.999924,28837.4375
DAI,2022-04-22 04:00:00+00:00,0.999894,38832.09989
DAI,2022-04-22 05:00:00+00:00,0.999867,27581.60667
DAI,2022-04-22 06:00:00+00:00,0.999972,74551.24027
DAI,2022-04-22 07:00:00+00:00,0.999933,51012.34914
DAI,2022-04-22 08:00:00+00:00,1.000037,19977.72697
DAI,2022-04-22 09:00:00+00:00,1.000037,32134.38876
DAI,2022-04-22 10:00:00+00:00,1.000042,35180.39983
DAI,2022-04-22 11:00:00+00:00,1.000036,32829.31515
DAI,2022-04-22 12:00:00+00:00,0.999975,89200.54551
DAI,2022-04-22 13:00:00+00:00,0.999895,57174.61688
DAI,2022-04-22 14:00:00+00:00,0.999825,131245.91294
DAI,2022-04-22 15:00:00+00:00,0.999839,141673.61808
DAI,2022-04-22 16:00:00+00:00,0.999856,191211.50508
DAI,2022-04-22 17:00:00+00:00,0.999864,83607.56601
DAI,2022-04-22 18:00:00+00:00,0.999885,312705.50716
DAI,2022-04-22 19:00:00+00:00,0.999949,234904.68813
DAI,2022-04-22 20:00:00+00:00,1.000071,118267.1875
DAI,2022-04-22 21:00:00+00:00,1.000034,51719.50871
DAI,2022-04-22 22:00:00+00:00,1.000023,48843.4352
DAI,2022-04-22 23:00:00+00:00,1.000086,334180.46474
DAI,2022-04-23 00:00:00+00:00,1.000173,614749.81244
DAI,2022-04-23 01:00:00+00:00,1.0,188807.81968
DAI,2022-04-23 02:00:00+00:00,0.99999,81994.59904
DAI,2022-04-23 03:00:00+00:00,0.999867,26607.21942
DAI,2022-04-23 04:00:00+00:00,0.999864,95480.57362
DAI,2022-04-23 05:00:00+00:00,0.999867,67472.84054
DAI,2022-04-23 06:00:00+00:00,0.999896,46016.82923
DAI,2022-04-23 07:00:00+00:00,0.999897,8516.71633
DAI,2022-04-23 08:00:00+00:00,0.999865,10790.12757
DAI,2022-04-23 09:00:00+00:00,0.999897,23120.35599
DAI,2022-04-23 10:00:00+00:00,0.999986,68471.30982
DAI,2022-04-23 11:00:00+00:00,0.999906,33423.64555
DAI,2022-04-23 12:00:00+00:00,0.999887,79167.86708
DAI,2022-04-23 13:00:00+00:00,0.99985,28189.40246
DAI,2022-04-23 14:00:00+00:00,0.999947,53061.83891
DAI,2022-04-23 15:00:00+00:00,0.999809,3028060.24271
DAI,2022-04-23 16:00:00+00:00,0.999809,22157.33043
DAI,2022-04-23 17:00:00+00:00,0.999809,156985.61383
DAI,2022-04-23 18:00:00+00:00,0.999791,30041.94974
DAI,2022-04-23 19:00:00+00:00,0.999791,41234.14695
DAI,2022-04-23 20:00:00+00:00,0.99979,21236.06903
DAI,2022-04-23 21:00:00+00:00,0.999791,18478.22563
DAI,2022-04-23 22:00:00+00:00,0.99979,18908.20904
DAI,2022-04-23 23:00:00+00:00,0.99976,40383.38904
DAI,2022-04-24 00:00:00+00:00,0.999714,29717.63981
DAI,2022-04-24 01:00:00+00:00,0.999715,38874.86083
DAI,2022-04-24 02:00:00+00:00,0.999717,100785.12066
DAI,2022-04-24 03:00:00+00:00,0.99977,4781.89194
DAI,2022-04-24 04:00:00+00:00,0.999786,180966.24081
DAI,2022-04-24 05:00:00+00:00,0.999782,14142.92305
DAI,2022-04-24 06:00:00+00:00,0.999782,8692.54634
DAI,2022-04-24 07:00:00+00:00,0.999878,29490.49934
DAI,2022-04-24 08:00:00+00:00,0.999879,147480.11009
DAI,2022-04-24 09:00:00+00:00,0.999784,17913.87884
DAI,2022-04-24 10:00:00+00:00,0.999821,5070.22402
DAI,2022-04-24 11:00:00+00:00,0.999809,49821.25157
DAI,2022-04-24 12:00:00+00:00,0.999933,49920.41065
DAI,2022-04-24 13:00:00+00:00,0.99994,42143.61312
DAI,2022-04-24 14:00:00+00:00,0.999903,123168.64779
DAI,2022-04-24 15:00:00+00:00,0.999817,54802.08454
DAI,2022-04-24 16:00:00+00:00,0.9998,64567.45135
DAI,2022-04-24 17:00:00+00:00,0.99978,97253.03451
DAI,2022-04-24 18:00:00+00:00,0.999781,43007.52607
DAI,2022-04-24 19:00:00+00:00,0.999903,320472.21526
DAI,2022-04-24 20:00:00+00:00,0.999942,41195.01764
DAI,2022-04-24 21:00:00+00:00,1.000014,276676.01984
DAI,2022-04-24 22:00:00+00:00,1.000002,44757.66199
DAI,2022-04-24 23:00:00+00:00,0.999836,235850.61575
DAI,2022-04-25 00:00:00+00:00,0.999971,311109.83098
DAI,2022-04-25 01:00:00+00:00,0.999938,91301.23367
DAI,2022-04-25 02:00:00+00:00,0.999907,197441.95905
DAI,2022-04-25 03:00:00+00:00,0.999911,55465.76713
DAI,2022-04-25 04:00:00+00:00,0.99995,26513.49306
DAI,2022-04-25 05:00:00+00:00,0.999927,14894.32606
DAI,2022-04-25 06:00:00+00:00,0.999991,353869.83924
DAI,2022-04-25 07:00:00+00:00,1.000053,134689.65427
DAI,2022-04-25 08:00:00+00:00,1.000038,93226.49314
DAI,2022-04-25 09:00:00+00:00,1.000024,162930.83458
DAI,2022-04-25 10:00:00+00:00,0.999848,86415.48806
DAI,2022-04-25 11:00:00+00:00,0.999948,77745.23043
DAI,2022-04-25 12:00:00+00:00,1.000086,1598919.76436
DAI,2022-04-25 13:00:00+00:00,0.999966,176101.0441
DAI,2022-04-25 14:00:00+00:00,0.999931,129352.68783
DAI,2022-04-25 15:00:00+00:00,0.999803,319459.34942
DAI,2022-04-25 16:00:00+00:00,0.9998,194556.18578
DAI,2022-04-25 17:00:00+00:00,0.999744,81082.74338
DAI,2022-04-25 18:00:00+00:00,0.999745,326452.04355
DAI,2022-04-25 19:00:00+00:00,0.999701,180377.5809
DAI,2022-04-25 20:00:00+00:00,0.999704,77516.59925
DAI,2022-04-25 21:00:00+00:00,0.999701,132335.78912
DAI,2022-04-25 22:00:00+00:00,0.999773,201323.94994
DAI,2022-04-25 23:00:00+00:00,0.999784,121904.47054
DAI,2022-04-26 00:00:00+00:00,0.99978,87399.21971
DAI,2022-04-26 01:00:00+00:00,0.999781,122368.08073
DAI,2022-04-26 02:00:00+00:00,0.999786,38667.93038
DAI,2022-04-26 03:00:00+00:00,0.999774,39494.79376
DAI,2022-04-26 04:00:00+00:00,0.999772,72066.49993
DAI,2022-04-26 05:00:00+00:00,0.99975,278140.65002
DAI,2022-04-26 06:00:00+00:00,0.999743,47201.98602
DAI,2022-04-26 07:00:00+00:00,0.999749,23168.89986
DAI,2022-04-26 08:00:00+00:00,0.99977,184918.74479
DAI,2022-04-26 09:00:00+00:00,0.999743,43180.03303
DAI,2022-04-26 10:00:00+00:00,0.999749,41443.851
DAI,2022-04-26 11:00:00+00:00,0.999741,40399.97903
DAI,2022-04-26 12:00:00+00:00,0.999741,68219.21625
DAI,2022-04-26 13:00:00+00:00,0.999848,423017.61189
DAI,2022-04-26 14:00:00+00:00,0.999851,519097.43927
DAI,2022-04-26 15:00:00+00:00,0.999886,97847.45178
DAI,2022-04-26 16:00:00+00:00,0.999948,202377.90734
DAI,2022-04-26 17:00:00+00:00,0.999995,397298.50096
DAI,2022-04-26 18:00:00+00:00,0.999938,115982.586
DAI,2022-04-26 19:00:00+00:00,0.99986,123301.06093
DAI,2022-04-26 20:00:00+00:00,0.999936,79262.24714
DAI,2022-04-26 21:00:00+00:00,0.999829,50032.89819
DAI,2022-04-26 22:00:00+00:00,0.9998,97664.52099
DAI,2022-04-26 23:00:00+00:00,0.999824,68698.28364
DAI,2022-04-27 00:00:00+00:00,0.999813,287080.75322
DAI,2022-04-27 01:00:00+00:00,0.999801,115156.64703
DAI,2022-04-27 02:00:00+00:00,0.999801,41790.04735
DAI,2022-04-27 03:00:00+00:00,0.9998,225040.97578
DAI,2022-04-27 04:00:00+00:00,1.000012,720215.31339
DAI,2022-04-27 05:00:00+00:00,0.999855,461465.58574
DAI,2022-04-27 06:00:00+00:00,0.999909,520450.75574
DAI,2022-04-27 07:00:00+00:00,0.999971,211289.76185
DAI,2022-04-27 08:00:00+00:00,1.0,110293.36643
DAI,2022-04-27 09:00:00+00:00,0.999903,460295.28092
DAI,2022-04-27 10:00:00+00:00,0.999879,49208.37098
DAI,2022-04-27 11:00:00+00:00,0.999842,136677.69521
DAI,2022-04-27 12:00:00+00:00,0.999838,61986.48401
DAI,2022-04-27 13:00:00+00:00,0.999801,102447.48272
DAI,2022-04-27 14:00:00+00:00,0.999866,133904.08148
DAI,2022-04-27 15:00:00+00:00,0.999828,76610.19937
DAI,2022-04-27 16:00:00+00:00,0.999848,529869.403
DAI,2022-04-27 17:00:00+00:00,1.000014,540517.05917
DAI,2022-04-27 18:00:00+00:00,1.000034,118701.81627
DAI,2022-04-27 19:00:00+00:00,0.999937,71679.35648
DAI,2022-04-27 20:00:00+00:00,0.999946,84949.24958
DAI,2022-04-27 21:00:00+00:00,0.999845,107153.00957
DAI,2022-04-27 22:00:00+00:00,0.999979,109255.48654
DAI,2022-04-27 23:00:00+00:00,0.999972,34432.70609
DAI,2022-04-28 00:00:00+00:00,0.999925,31510.95445
DAI,2022-04-28 01:00:00+00:00,0.999898,62412.76451
DAI,2022-04-28 02:00:00+00:00,0.999803,61264.31135
DAI,2022-04-28 03:00:00+00:00,0.999832,119991.35526
DAI,2022-04-28 04:00:00+00:00,0.999802,29723.25149
DAI,2022-04-28 05:00:00+00:00,0.999895,89999.5451
DAI,2022-04-28 06:00:00+00:00,0.999895,10519.89474
DAI,2022-04-28 07:00:00+00:00,0.999876,323844.47219
DAI,2022-04-28 08:00:00+00:00,0.999953,246945.91314
DAI,2022-04-28 09:00:00+00:00,0.999977,35647.38699
DAI,2022-04-28 10:00:00+00:00,0.999951,17294.62091
DAI,2022-04-28 11:00:00+00:00,0.999932,15184.86071
DAI,2022-04-28 12:00:00+00:00,0.999844,45444.88344
DAI,2022-04-28 13:00:00+00:00,0.999902,39895.1501
DAI,2022-04-28 14:00:00+00:00,0.999891,109362.86281
DAI,2022-04-28 15:00:00+00:00,0.99991,124418.0916
DAI,2022-04-28 16:00:00+00:00,0.99984,218798.89356
DAI,2022-04-28 17:00:00+00:00,0.9998,324991.79108
DAI,2022-04-28 18:00:00+00:00,0.999824,189116.26726
DAI,2022-04-28 19:00:00+00:00,0.999832,75353.84405
DAI,2022-04-28 20:00:00+00:00,0.999802,56300.72756
DAI,2022-04-28 21:00:00+00:00,0.999837,73885.10047
DAI,2022-04-28 22:00:00+00:00,0.9998,135571.40107
DAI,2022-04-28 23:00:00+00:00,0.999981,150555.52149
DAI,2022-04-29 00:00:00+00:00,0.999982,139568.40422
DAI,2022-04-29 01:00:00+00:00,0.999998,193691.1005
DAI,2022-04-29 02:00:00+00:00,0.999868,158594.28463
DAI,2022-04-29 03:00:00+00:00,0.999844,169611.88881
DAI,2022-04-29 04:00:00+00:00,0.999896,31708.36458
DAI,2022-04-29 05:00:00+00:00,0.999896,91110.36639
DAI,2022-04-29 06:00:00+00:00,0.999888,102117.35364
DAI,2022-04-29 07:00:00+00:00,0.999965,206160.70665
DAI,2022-04-29 08:00:00+00:00,0.999929,44604.07018
DAI,2022-04-29 09:00:00+00:00,0.999928,165625.80426
DAI,2022-04-29 10:00:00+00:00,0.99988,81508.11191
DAI,2022-04-29 11:00:00+00:00,0.999857,48170.53352
DAI,2022-04-29 12:00:00+00:00,0.999975,1271698.16655
DAI,2022-04-29 13:00:00+00:00,0.999969,123566.35202
DAI,2022-04-29 14:00:00+00:00,0.999909,82459.28466
DAI,2022-04-29 15:00:00+00:00,0.999994,115278.41304
DAI,2022-04-29 16:00:00+00:00,0.999895,110224.32355
DAI,2022-04-29 17:00:00+00:00,1.00003,589596.23196
DAI,2022-04-29 18:00:00+00:00,1.000003,114940.63558
DAI,2022-04-29 19:00:00+00:00,0.99996,201116.87591
DAI,2022-04-29 20:00:00+00:00,0.999914,184193.14958
DAI,2022-04-29 21:00:00+00:00,0.999999,1053024.12061
DAI,2022-04-29 22:00:00+00:00,0.999901,434052.0857
DAI,2022-04-29 23:00:00+00:00,0.999894,260263.23936
DAI,2022-04-30 00:00:00+00:00,0.99988,83465.78972
DAI,2022-04-30 01:00:00+00:00,0.999884,37248.44059
DAI,2022-04-30 02:00:00+00:00,0.999877,154425.9053
DAI,2022-04-30 03:00:00+00:00,0.999877,151897.15943
DAI,2022-04-30 04:00:00+00:00,0.99988,102705.71773
DAI,2022-04-30 05:00:00+00:00,0.999915,54930.18163
DAI,2022-04-30 06:00:00+00:00,0.999856,92399.64285
DAI,2022-04-30 07:00:00+00:00,0.999925,560298.73
DAI,2022-04-30 08:00:00+00:00,0.999969,56407.72181
DAI,2022-04-30 09:00:00+00:00,0.999944,297253.52471
DAI,2022-04-30 10:00:00+00:00,0.999951,88615.02254
DAI,2022-04-30 11:00:00+00:00,0.999981,138422.04407
DAI,2022-04-30 12:00:00+00:00,0.999987,136118.38494
DAI,2022-04-30 13:00:00+00:00,0.999986,379977.33448
DAI,2022-04-30 14:00:00+00:00,1.000125,585454.96224
DAI,2022-04-30 15:00:00+00:00,1.000142,622958.1732
DAI,2022-04-30 16:00:00+00:00,0.99997,293150.88551
DAI,2022-04-30 17:00:00+00:00,1.000009,75679.82448
DAI,2022-04-30 18:00:00+00:00,0.999951,201680.2044
DAI,2022-04-30 19:00:00+00:00,0.999952,79695.34758
DAI,2022-04-30 20:00:00+00:00,0.999982,103823.80525
DAI,2022-04-30 21:00:00+00:00,1.000078,191935.02839
DAI,2022-04-30 22:00:00+00:00,1.00013,148929.00835
DAI,2022-04-30 23:00:00+00:00,1.00006,315888.19843
DAI,2022-05-01 00:00:00+00:00,0.999958,257955.163
DAI,2022-05-01 01:00:00+00:00,1.000015,126636.92246
DAI,2022-05-01 02:00:00+00:00,1.00005,75781.27525
DAI,2022-05-01 03:00:00+00:00,1.000001,64030.02303
DAI,2022-05-01 04:00:00+00:00,1.000142,324200.8544
DAI,2022-05-01 05:00:00+00:00,1.000119,32352.86849
DAI,2022-05-01 06:00:00+00:00,1.000118,55716.34504
DAI,2022-05-01 07:00:00+00:00,1.000081,108316.18394
DAI,2022-05-01 08:00:00+00:00,1.000062,28035.6921
DAI,2022-05-01 09:00:00+00:00,0.999998,35922.2761
DAI,2022-05-01 10:00:00+00:00,0.999989,52478.57519
DAI,2022-05-01 11:00:00+00:00,0.999921,125782.13401
DAI,2022-05-01 12:00:00+00:00,1.000111,318954.09162
DAI,2022-05-01 13:00:00+00:00,1.000112,136565.67667
DAI,2022-05-01 14:00:00+00:00,1.000112,50330.21446
DAI,2022-05-01 15:00:00+00:00,1.000105,60234.05603
DAI,2022-05-01 16:00:00+00:00,1.0,168696.63333
DAI,2022-05-01 17:00:00+00:00,0.999928,167463.60168
DAI,2022-05-01 18:00:00+00:00,0.999929,136001.02666
DAI,2022-05-01 19:00:00+00:00,0.999895,190544.94164
DAI,2022-05-01 20:00:00+00:00,0.999894,111119.47689
DAI,2022-05-01 21:00:00+00:00,0.999888,150118.61013
DAI,2022-05-01 22:00:00+00:00,0.999869,152411.73664
DAI,2022-05-01 23:00:00+00:00,0.99993,183045.4798
DAI,2022-05-02 00:00:00+00:00,0.999975,134655.95163
DAI,2022-05-02 01:00:00+00:00,0.999921,48201.24501
DAI,2022-05-02 02:00:00+00:00,0.999869,64072.42106
DAI,2022-05-02 03:00:00+00:00,0.999899,46175.27546
DAI,2022-05-02 04:00:00+00:00,0.999896,25213.9457
DAI,2022-05-02 05:00:00+00:00,0.999869,33723.5522
DAI,2022-05-02 06:00:00+00:00,0.999892,36376.19106
DAI,2022-05-02 07:00:00+00:00,0.999891,61744.64963
DAI,2022-05-02 08:00:00+00:00,0.999898,89311.54576
DAI,2022-05-02 09:00:00+00:00,0.999898,32960.20874
DAI,2022-05-02 10:00:00+00:00,0.999869,113475.45855
DAI,2022-05-02 11:00:00+00:00,0.999868,43740.21718
DAI,2022-05-02 12:00:00+00:00,0.999853,81613.98078
DAI,2022-05-02 13:00:00+00:00,0.999974,184034.47768
DAI,2022-05-02 14:00:00+00:00,0.999822,677296.07606
DAI,2022-05-02 15:00:00+00:00,0.999831,119152.57565
DAI,2022-05-02 16:00:00+00:00,0.999844,223289.49771
DAI,2022-05-02 17:00:00+00:00,0.999896,270060.80908
DAI,2022-05-02 18:00:00+00:00,0.999879,118387.49341
DAI,2022-05-02 19:00:00+00:00,0.999846,147489.12639
DAI,2022-05-02 20:00:00+00:00,0.999788,139426.89088
DAI,2022-05-02 21:00:00+00:00,0.999947,127293.7324
DAI,2022-05-02 22:00:00+00:00,0.999975,435517.94544
DAI,2022-05-02 23:00:00+00:00,0.999976,81573.41208
DAI,2022-05-03 00:00:00+00:00,0.999973,61728.33277
DAI,2022-05-03 01:00:00+00:00,1.0,65601.8855
DAI,2022-05-03 02:00:00+00:00,1.000001,51712.86101
DAI,2022-05-03 03:00:00+00:00,0.999869,223042.30802
DAI,2022-05-03 04:00:00+00:00,0.999831,16529.64969
DAI,2022-05-03 05:00:00+00:00,0.999842,48796.15993
DAI,2022-05-03 06:00:00+00:00,0.999831,95286.45668
DAI,2022-05-03 07:00:00+00:00,0.999889,134097.72808
DAI,2022-05-03 08:00:00+00:00,0.999854,38951.99308
DAI,2022-05-03 09:00:00+00:00,0.999844,23737.10656
DAI,2022-05-03 10:00:00+00:00,0.999841,100230.46511
DAI,2022-05-03 11:00:00+00:00,0.999859,165150.63649
DAI,2022-05-03 12:00:00+00:00,0.999791,55953.8349
DAI,2022-05-03 13:00:00+00:00,0.99998,824350.58086
DAI,2022-05-03 14:00:00+00:00,0.999981,64127.81586
DAI,2022-05-03 15:00:00+00:00,0.999965,358189.86625
DAI,2022-05-03 16:00:00+00:00,0.999908,275523.20827
DAI,2022-05-03 17:00:00+00:00,0.999939,178860.03395
DAI,2022-05-03 18:00:00+00:00,0.999857,157055.28353
DAI,2022-05-03 19:00:00+00:00,0.999835,282148.86252
DAI,2022-05-03 20:00:00+00:00,0.999901,375547.98218
DAI,2022-05-03 21:00:00+00:00,0.999903,74458.49888
DAI,2022-05-03 22:00:00+00:00,0.999886,72763.00632
DAI,2022-05-03 23:00:00+00:00,0.999946,95322.19539
DAI,2022-05-04 00:00:00+00:00,0.999964,51341.95673
DAI,2022-05-04 01:00:00+00:00,0.999847,170167.32486
DAI,2022-05-04 02:00:00+00:00,0.999877,57460.99992
DAI,2022-05-04 03:00:00+00:00,0.999906,385548.93759
DAI,2022-05-04 04:00:00+00:00,0.99991,23820.73193
DAI,2022-05-04 05:00:00+00:00,0.999921,32596.23009
DAI,2022-05-04 06:00:00+00:00,0.999829,53596.25145
DAI,2022-05-04 07:00:00+00:00,0.999891,57893.43407
DAI,2022-05-04 08:00:00+00:00,0.999806,748926.26361
DAI,2022-05-04 09:00:00+00:00,0.999896,147009.651
DAI,2022-05-04 10:00:00+00:00,0.999881,436707.03605
DAI,2022-05-04 11:00:00+00:00,0.999881,1229914.65461
DAI,2022-05-04 12:00:00+00:00,0.99982,1462166.47234
DAI,2022-05-04 13:00:00+00:00,0.999895,422200.57375
DAI,2022-05-04 14:00:00+00:00,0.999907,81703.22742
DAI,2022-05-04 15:00:00+00:00,0.999836,309129.04369
DAI,2022-05-04 16:00:00+00:00,0.999886,213059.325
DAI,2022-05-04 17:00:00+00:00,0.999819,433677.66079
DAI,2022-05-04 18:00:00+00:00,0.999403,457846.00664
DAI,2022-05-04 19:00:00+00:00,0.999415,418831.04913
DAI,2022-05-04 20:00:00+00:00,0.999527,247561.07527
DAI,2022-05-04 21:00:00+00:00,0.999804,516811.29045
DAI,2022-05-04 22:00:00+00:00,0.999858,311009.06244
DAI,2022-05-04 23:00:00+00:00,0.999933,324961.54097
DAI,2022-05-05 00:00:00+00:00,0.999865,397622.71287
DAI,2022-05-05 01:00:00+00:00,0.999919,116678.29957
DAI,2022-05-05 02:00:00+00:00,0.999917,300499.2779
DAI,2022-05-05 03:00:00+00:00,0.999957,90126.04809
DAI,2022-05-05 04:00:00+00:00,0.999916,542272.9441
DAI,2022-05-05 05:00:00+00:00,0.999918,88488.87171
DAI,2022-05-05 06:00:00+00:00,0.999952,102440.53721
DAI,2022-05-05 07:00:00+00:00,0.999967,79930.17393
DAI,2022-05-05 08:00:00+00:00,1.000011,270143.27632
DAI,2022-05-05 09:00:00+00:00,1.000026,156449.80559
DAI,2022-05-05 10:00:00+00:00,0.999932,284826.94123
DAI,2022-05-05 11:00:00+00:00,0.99993,326032.9682
DAI,2022-05-05 12:00:00+00:00,0.999945,81060.15242
DAI,2022-05-05 13:00:00+00:00,0.999905,152300.01938
DAI,2022-05-05 14:00:00+00:00,0.999898,199788.05251
DAI,2022-05-05 15:00:00+00:00,0.999829,1061263.69966
DAI,2022-05-05 16:00:00+00:00,0.999884,331151.73577
DAI,2022-05-05 17:00:00+00:00,0.999884,362020.20976
DAI,2022-05-05 18:00:00+00:00,0.999983,480764.52938
DAI,2022-05-05 19:00:00+00:00,0.999924,302192.63289
DAI,2022-05-05 20:00:00+00:00,0.999847,194905.76037
DAI,2022-05-05 21:00:00+00:00,0.999814,110628.05903
DAI,2022-05-05 22:00:00+00:00,0.9998,58728.06653
DAI,2022-05-05 23:00:00+00:00,0.999977,105884.23081
DAI,2022-05-06 00:00:00+00:00,0.9992,65592.82232
DAI,2022-05-06 01:00:00+00:00,0.999,331359.76306
DAI,2022-05-06 02:00:00+00:00,0.999,30138.02882
DAI,2022-05-06 03:00:00+00:00,1.0,15933.73285
DAI,2022-05-06 04:00:00+00:00,0.999,35018.94758
DAI,2022-05-06 05:00:00+00:00,0.999,30034.38096
DAI,2022-05-06 06:00:00+00:00,0.999,11044.71292
DAI,2022-05-06 07:00:00+00:00,1.0,86272.30518
DAI,2022-05-06 08:00:00+00:00,0.999,77840.54938
DAI,2022-05-06 09:00:00+00:00,0.999,39312.34617
DAI,2022-05-06 10:00:00+00:00,1.0,27714.80147
DAI,2022-05-06 11:00:00+00:00,0.999,78475.91862
DAI,2022-05-06 12:00:00+00:00,0.999,75508.71219
DAI,2022-05-06 13:00:00+00:00,1.0,106506.34887
DAI,2022-05-06 14:00:00+00:00,0.999,60129.28929
DAI,2022-05-06 15:00:00+00:00,0.999,63924.10592
DAI,2022-05-06 16:00:00+00:00,1.0,263069.88655
DAI,2022-05-06 17:00:00+00:00,1.0,101223.19313
DAI,2022-05-06 18:00:00+00:00,0.999,120778.04525
DAI,2022-05-06 19:00:00+00:00,0.999,171611.63732
DAI,2022-05-06 20:00:00+00:00,0.999,63198.29465
DAI,2022-05-06 21:00:00+00:00,0.999,57607.31481
DAI,2022-05-06 22:00:00+00:00,0.999,46822.31502
DAI,2022-05-06 23:00:00+00:00,1.0,59317.91468
DAI,2022-05-07 00:00:00+00:00,1.0,16316.09935
DAI,2022-05-07 01:00:00+00:00,0.999,27816.52159
DAI,2022-05-07 02:00:00+00:00,1.0,238586.69332
DAI,2022-05-07 03:00:00+00:00,0.999,33239.81406
DAI,2022-05-07 04:00:00+00:00,0.999,98191.94887
DAI,2022-05-07 05:00:00+00:00,0.999,22824.06802
DAI,2022-05-07 06:00:00+00:00,0.999,37831.78756
DAI,2022-05-07 07:00:00+00:00,1.0,21632.07014
DAI,2022-05-07 08:00:00+00:00,1.0,42402.47897
DAI,2022-05-07 09:00:00+00:00,1.0,21902.54992
DAI,2022-05-07 10:00:00+00:00,0.999,19253.68902
DAI,2022-05-07 11:00:00+00:00,0.999,78511.74991
DAI,2022-05-07 12:00:00+00:00,1.0,25801.99994
DAI,2022-05-07 13:00:00+00:00,1.0,93862.40115
DAI,2022-05-07 14:00:00+00:00,0.999,100082.51887
DAI,2022-05-07 15:00:00+00:00,1.0,26630.92614
DAI,2022-05-07 16:00:00+00:00,0.999,32657.31325
DAI,2022-05-07 17:00:00+00:00,1.0,18848.03962
DAI,2022-05-07 18:00:00+00:00,0.999,48923.49771
DAI,2022-05-07 19:00:00+00:00,1.0,102204.78364
DAI,2022-05-07 20:00:00+00:00,1.0,134629.42658
DAI,2022-05-07 21:00:00+00:00,0.999,131877.58197
DAI,2022-05-07 22:00:00+00:00,0.999,367410.24558
DAI,2022-05-07 23:00:00+00:00,0.999,85198.80288
DAI,2022-05-08 00:00:00+00:00,0.999,32512.52391
DAI,2022-05-08 01:00:00+00:00,0.999,103710.90371
DAI,2022-05-08 02:00:00+00:00,0.999,223483.42051
DAI,2022-05-08 03:00:00+00:00,1.0,205841.03339
DAI,2022-05-08 04:00:00+00:00,1.0,42732.86032
DAI,2022-05-08 05:00:00+00:00,1.0,28820.18746
DAI,2022-05-08 06:00:00+00:00,1.0,46725.56995
DAI,2022-05-08 07:00:00+00:00,0.999,345262.57483
DAI,2022-05-08 08:00:00+00:00,0.999,37389.33323
DAI,2022-05-08 09:00:00+00:00,1.0,26599.86166
DAI,2022-05-08 10:00:00+00:00,0.999,35533.27269
DAI,2022-05-08 11:00:00+00:00,1.0,31840.43292
DAI,2022-05-08 12:00:00+00:00,0.999,22253.80156
DAI,2022-05-08 13:00:00+00:00,1.0,36451.20506
DAI,2022-05-08 14:00:00+00:00,1.0,283930.65721
DAI,2022-05-08 15:00:00+00:00,1.0,1358977.63656
DAI,2022-05-08 16:00:00+00:00,1.0,54537.67041
DAI,2022-05-08 17:00:00+00:00,0.999,232638.08954
DAI,2022-05-08 18:00:00+00:00,1.0,89165.50932
DAI,2022-05-08 19:00:00+00:00,0.999,79075.87845
DAI,2022-05-08 20:00:00+00:00,0.999,28915.69585
DAI,2022-05-08 21:00:00+00:00,0.999,74920.89639
DAI,2022-05-08 22:00:00+00:00,1.0,297889.74504
DAI,2022-05-08 23:00:00+00:00,1.0,268056.10631
DAI,2022-05-09 00:00:00+00:00,0.999,70724.03793
DAI,2022-05-09 01:00:00+00:00,1.0,36223.90104
DAI,2022-05-09 02:00:00+00:00,1.0,88984.77571
DAI,2022-05-09 03:00:00+00:00,0.999,733966.93961
DAI,2022-05-09 04:00:00+00:00,0.999,264591.90615
DAI,2022-05-09 05:00:00+00:00,1.0,62257.74157
DAI,2022-05-09 06:00:00+00:00,0.999,118198.6243
DAI,2022-05-09 07:00:00+00:00,0.999,38872.79376
DAI,2022-05-09 08:00:00+00:00,0.999,726667.61004
DAI,2022-05-09 09:00:00+00:00,0.999,80591.23073
DAI,2022-05-09 10:00:00+00:00,0.999,637156.03724
DAI,2022-05-09 11:00:00+00:00,0.999,264290.21716
DAI,2022-05-09 12:00:00+00:00,0.999,299507.89381
DAI,2022-05-09 13:00:00+00:00,1.001,284987.63488
DAI,2022-05-09 14:00:00+00:00,1.001,304368.46013
DAI,2022-05-09 15:00:00+00:00,1.0,411340.82019
DAI,2022-05-09 16:00:00+00:00,1.0,963873.32416
DAI,2022-05-09 17:00:00+00:00,1.0,633464.09423
DAI,2022-05-09 18:00:00+00:00,1.0,683202.41355
DAI,2022-05-09 19:00:00+00:00,1.001,942881.32826
DAI,2022-05-09 20:00:00+00:00,1.0,1454758.24707
DAI,2022-05-09 21:00:00+00:00,0.999,321999.29946
DAI,2022-05-09 22:00:00+00:00,0.999,276272.86569
DAI,2022-05-09 23:00:00+00:00,1.0,883212.64772
DAI,2022-05-10 00:00:00+00:00,0.999,595564.78205
DAI,2022-05-10 01:00:00+00:00,1.0,1116527.26174
DAI,2022-05-10 02:00:00+00:00,0.999,570054.36302
DAI,2022-05-10 03:00:00+00:00,0.999,102602.20818
DAI,2022-05-10 04:00:00+00:00,0.999,144034.51269
DAI,2022-05-10 05:00:00+00:00,1.0,228871.59496
DAI,2022-05-10 06:00:00+00:00,0.999,158535.59001
DAI,2022-05-10 07:00:00+00:00,1.0,146764.05024
DAI,2022-05-10 08:00:00+00:00,0.999,134884.78878
DAI,2022-05-10 09:00:00+00:00,0.999,59989.0681
DAI,2022-05-10 10:00:00+00:00,0.999,52572.33435
DAI,2022-05-10 11:00:00+00:00,1.0,137981.96822
DAI,2022-05-10 12:00:00+00:00,1.0,134847.7757
DAI,2022-05-10 13:00:00+00:00,1.0,745488.31829
DAI,2022-05-10 14:00:00+00:00,0.999,240033.36569
DAI,2022-05-10 15:00:00+00:00,0.999,281746.64025
DAI,2022-05-10 16:00:00+00:00,1.0,74688.67648
DAI,2022-05-10 17:00:00+00:00,0.999,229010.50343
DAI,2022-05-10 18:00:00+00:00,0.999,201821.78933
DAI,2022-05-10 19:00:00+00:00,0.999,119418.39013
DAI,2022-05-10 20:00:00+00:00,1.0,202987.71227
DAI,2022-05-10 21:00:00+00:00,0.999,720098.2271
DAI,2022-05-10 22:00:00+00:00,0.999,283720.8955
DAI,2022-05-10 23:00:00+00:00,1.0,155686.04171
DAI,2022-05-11 00:00:00+00:00,0.999,157396.94538
DAI,2022-05-11 01:00:00+00:00,1.0,156430.44079
DAI,2022-05-11 02:00:00+00:00,1.0,141627.84026
DAI,2022-05-11 03:00:00+00:00,0.999,111008.66362
DAI,2022-05-11 04:00:00+00:00,1.0,34392.6713
DAI,2022-05-11 05:00:00+00:00,1.0,182471.03081
DAI,2022-05-11 06:00:00+00:00,1.0,207959.04267
DAI,2022-05-11 07:00:00+00:00,0.999,354724.4658
DAI,2022-05-11 08:00:00+00:00,0.999,242638.84757
DAI,2022-05-11 09:00:00+00:00,0.999,163593.85107
DAI,2022-05-11 10:00:00+00:00,0.999,146945.36606
DAI,2022-05-11 11:00:00+00:00,1.0,249278.41305
DAI,2022-05-11 12:00:00+00:00,1.0,742999.72725
DAI,2022-05-11 13:00:00+00:00,1.0,380358.52579
DAI,2022-05-11 14:00:00+00:00,0.999,316616.96607
DAI,2022-05-11 15:00:00+00:00,1.0,576474.93867
DAI,2022-05-11 16:00:00+00:00,0.999,916944.81234
DAI,2022-05-11 17:00:00+00:00,0.999,512791.95995
DAI,2022-05-11 18:00:00+00:00,0.999,2918946.36353
DAI,2022-05-11 19:00:00+00:00,1.001,1494008.93019
DAI,2022-05-11 20:00:00+00:00,0.999,1938050.92514
DAI,2022-05-11 21:00:00+00:00,0.999,578115.85874
DAI,2022-05-11 22:00:00+00:00,0.999,411149.0138
DAI,2022-05-11 23:00:00+00:00,1.001,2053781.14786
DAI,2022-05-12 00:00:00+00:00,1.001,700839.61111
DAI,2022-05-12 01:00:00+00:00,1.0,233082.62324
DAI,2022-05-12 02:00:00+00:00,1.0,287884.19159
DAI,2022-05-12 03:00:00+00:00,1.0,532170.08388
DAI,2022-05-12 04:00:00+00:00,1.001,687283.75375
DAI,2022-05-12 05:00:00+00:00,1.0,1257716.21332
DAI,2022-05-12 06:00:00+00:00,1.0,1084358.06192
DAI,2022-05-12 07:00:00+00:00,1.0,839115.86321
DAI,2022-05-12 08:00:00+00:00,1.0,727906.19892
DAI,2022-05-12 09:00:00+00:00,0.999,3745842.2288
DAI,2022-05-12 10:00:00+00:00,1.0,3104162.96677
DAI,2022-05-12 11:00:00+00:00,0.999,424192.8312
DAI,2022-05-12 12:00:00+00:00,0.999,456993.77464
DAI,2022-05-12 13:00:00+00:00,1.0,672152.68879
DAI,2022-05-12 14:00:00+00:00,1.0,877614.68847
DAI,2022-05-12 15:00:00+00:00,0.999,555413.83618
DAI,2022-05-12 16:00:00+00:00,0.999,2102589.54729
DAI,2022-05-12 17:00:00+00:00,0.999,865250.34607
DAI,2022-05-12 18:00:00+00:00,0.999,345198.10459
DAI,2022-05-12 19:00:00+00:00,0.999,474945.35503
DAI,2022-05-12 20:00:00+00:00,1.0,582221.55076
DAI,2022-05-12 21:00:00+00:00,0.999,419063.7907
DAI,2022-05-12 22:00:00+00:00,0.999,585912.62631
DAI,2022-05-12 23:00:00+00:00,1.0,151499.94192
DAI,2022-05-13 00:00:00+00:00,0.999,461461.92644
DAI,2022-05-13 01:00:00+00:00,0.999,204464.89098
DAI,2022-05-13 02:00:00+00:00,0.999,341325.60476
DAI,2022-05-13 03:00:00+00:00,0.999,730458.07246
DAI,2022-05-13 04:00:00+00:00,1.0,235845.43577
DAI,2022-05-13 05:00:00+00:00,1.0,222902.03023
DAI,2022-05-13 06:00:00+00:00,0.999,224091.76972
DAI,2022-05-13 07:00:00+00:00,0.999,81222.68667
DAI,2022-05-13 08:00:00+00:00,1.0,68007.83784
DAI,2022-05-13 09:00:00+00:00,0.999,93107.53913
DAI,2022-05-13 10:00:00+00:00,0.999,165532.64969
DAI,2022-05-13 11:00:00+00:00,0.999,128330.8461
DAI,2022-05-13 12:00:00+00:00,0.999,442601.36613
DAI,2022-05-13 13:00:00+00:00,0.999,203677.32801
DAI,2022-05-13 14:00:00+00:00,0.999,420791.71532
DAI,2022-05-13 15:00:00+00:00,0.999,206873.84504
DAI,2022-05-13 16:00:00+00:00,1.0,324938.91089
DAI,2022-05-13 17:00:00+00:00,1.0,199530.22312
DAI,2022-05-13 18:00:00+00:00,0.999,172659.81378
DAI,2022-05-13 19:00:00+00:00,0.999,140082.99992
DAI,2022-05-13 20:00:00+00:00,1.0,197163.20738
DAI,2022-05-13 21:00:00+00:00,0.999,124308.81331
DAI,2022-05-13 22:00:00+00:00,1.0,440780.02152
DAI,2022-05-13 23:00:00+00:00,0.999,169094.59209
DAI,2022-05-14 00:00:00+00:00,0.999,121667.4633
DAI,2022-05-14 01:00:00+00:00,1.0,192169.7565
DAI,2022-05-14 02:00:00+00:00,0.999,181457.8052
DAI,2022-05-14 03:00:00+00:00,0.999,89438.0164
DAI,2022-05-14 04:00:00+00:00,1.0,44880.02697
DAI,2022-05-14 05:00:00+00:00,0.999,98352.76085
DAI,2022-05-14 06:00:00+00:00,0.999,53933.10776
DAI,2022-05-14 07:00:00+00:00,0.999,44387.55849
DAI,2022-05-14 08:00:00+00:00,0.999,68097.26536
DAI,2022-05-14 09:00:00+00:00,0.999,33125.62025
DAI,2022-05-14 10:00:00+00:00,1.0,116921.77897
DAI,2022-05-14 11:00:00+00:00,0.999,475945.07686
DAI,2022-05-14 12:00:00+00:00,0.999,170191.46923
DAI,2022-05-14 13:00:00+00:00,0.999,253896.81847
DAI,2022-05-14 14:00:00+00:00,1.0,204357.43665
DAI,2022-05-14 15:00:00+00:00,0.999,115332.58118
DAI,2022-05-14 16:00:00+00:00,0.999,155237.12311
DAI,2022-05-14 17:00:00+00:00,0.999,219408.50226
DAI,2022-05-14 18:00:00+00:00,1.0,101590.35177
DAI,2022-05-14 19:00:00+00:00,0.999,250833.11706
DAI,2022-05-14 20:00:00+00:00,0.999,134908.70902
DAI,2022-05-14 21:00:00+00:00,1.0,190365.58088
DAI,2022-05-14 22:00:00+00:00,0.999,140037.43132
DAI,2022-05-14 23:00:00+00:00,0.999,146439.14265
DAI,2022-05-15 00:00:00+00:00,0.999,98716.00808
DAI,2022-05-15 01:00:00+00:00,1.0,67830.82014
DAI,2022-05-15 02:00:00+00:00,1.0,19872.27811
DAI,2022-05-15 03:00:00+00:00,0.999,27051.96329
DAI,2022-05-15 04:00:00+00:00,0.999,44585.79899
DAI,2022-05-15 05:00:00+00:00,0.999,50129.3906
DAI,2022-05-15 06:00:00+00:00,0.999,931594.95293
DAI,2022-05-15 07:00:00+00:00,0.999,32157.77301
DAI,2022-05-15 08:00:00+00:00,1.0,55957.2087
DAI,2022-05-15 09:00:00+00:00,0.999,23613.41398
DAI,2022-05-15 10:00:00+00:00,0.999,13281.258
DAI,2022-05-15 11:00:00+00:00,0.999,67846.56153
DAI,2022-05-15 12:00:00+00:00,0.999,93244.67602
DAI,2022-05-15 13:00:00+00:00,0.999,104783.52107
DAI,2022-05-15 14:00:00+00:00,1.0,152908.33504
DAI,2022-05-15 15:00:00+00:00,0.999,80875.29396
DAI,2022-05-15 16:00:00+00:00,1.0,48598.51253
DAI,2022-05-15 17:00:00+00:00,0.999,202256.17882
DAI,2022-05-15 18:00:00+00:00,0.999,105989.23164
DAI,2022-05-15 19:00:00+00:00,0.999,132687.30586
DAI,2022-05-15 20:00:00+00:00,1.0,226884.91078
DAI,2022-05-15 21:00:00+00:00,0.999,236207.6222
DAI,2022-05-15 22:00:00+00:00,1.0,156973.65817
DAI,2022-05-15 23:00:00+00:00,0.999,66719.62307
DAI,2022-05-16 00:00:00+00:00,0.999,59233.476
DAI,2022-05-16 01:00:00+00:00,0.999,110302.67583
DAI,2022-05-16 02:00:00+00:00,0.999,102911.75752
DAI,2022-05-16 03:00:00+00:00,0.999,85978.83642
DAI,2022-05-16 04:00:00+00:00,0.999,82855.64254
DAI,2022-05-16 05:00:00+00:00,0.999,33858.85552
DAI,2022-05-16 06:00:00+00:00,0.999,134294.07569
DAI,2022-05-16 07:00:00+00:00,0.999,98825.71963
DAI,2022-05-16 08:00:00+00:00,1.0,69652.617
DAI,2022-05-16 09:00:00+00:00,1.0,47858.13265
DAI,2022-05-16 10:00:00+00:00,0.999,838118.42106
DAI,2022-05-16 11:00:00+00:00,1.0,87910.99811
DAI,2022-05-16 12:00:00+00:00,0.999,265844.83575
DAI,2022-05-16 13:00:00+00:00,1.0,97224.66052
DAI,2022-05-16 14:00:00+00:00,1.0,227016.23222
DAI,2022-05-16 15:00:00+00:00,0.999,160151.56531
DAI,2022-05-16 16:00:00+00:00,0.999,64204.50039
DAI,2022-05-16 17:00:00+00:00,0.999,148344.9463
DAI,2022-05-16 18:00:00+00:00,1.0,236842.1656
DAI,2022-05-16 19:00:00+00:00,0.999,91874.63528
DAI,2022-05-16 20:00:00+00:00,0.999,89912.25505
DAI,2022-05-16 21:00:00+00:00,0.999,297982.27954
DAI,2022-05-16 22:00:00+00:00,1.0,139097.72042
DAI,2022-05-16 23:00:00+00:00,1.0,97215.09326
DAI,2022-05-17 00:00:00+00:00,0.999,78605.72031
DAI,2022-05-17 01:00:00+00:00,1.0,64057.62858
DAI,2022-05-17 02:00:00+00:00,1.0,91429.73318
DAI,2022-05-17 03:00:00+00:00,0.999,64449.69085
DAI,2022-05-17 04:00:00+00:00,0.999,58049.40849
DAI,2022-05-17 05:00:00+00:00,0.999,32677.1254
DAI,2022-05-17 06:00:00+00:00,1.0,14742.03215
DAI,2022-05-17 07:00:00+00:00,1.0,24474.42043
DAI,2022-05-17 08:00:00+00:00,0.999,24237.43248
DAI,2022-05-17 09:00:00+00:00,1.0,27156.39107
DAI,2022-05-17 10:00:00+00:00,1.0,71078.08102
DAI,2022-05-17 11:00:00+00:00,1.0,87465.49049
DAI,2022-05-17 12:00:00+00:00,0.999,141500.68944
DAI,2022-05-17 13:00:00+00:00,1.0,193880.49617
DAI,2022-05-17 14:00:00+00:00,0.999,178197.02672
DAI,2022-05-17 15:00:00+00:00,0.999,212265.25484
DAI,2022-05-17 16:00:00+00:00,1.0,86871.22756
DAI,2022-05-17 17:00:00+00:00,1.0,91726.88028
DAI,2022-05-17 18:00:00+00:00,0.999,62304.29853
DAI,2022-05-17 19:00:00+00:00,0.999,188596.62466
DAI,2022-05-17 20:00:00+00:00,0.999,75096.05932
DAI,2022-05-17 21:00:00+00:00,0.999,77070.91218
DAI,2022-05-17 22:00:00+00:00,1.0,173981.43016
DAI,2022-05-17 23:00:00+00:00,0.999,143545.98444
DAI,2022-05-18 00:00:00+00:00,1.0,134822.59733
DAI,2022-05-18 01:00:00+00:00,0.999,23473.37691
DAI,2022-05-18 02:00:00+00:00,1.0,59342.76499
DAI,2022-05-18 03:00:00+00:00,0.999,65506.48904
DAI,2022-05-18 04:00:00+00:00,1.0,35213.12316
DAI,2022-05-18 05:00:00+00:00,0.999,120602.38451
DAI,2022-05-18 06:00:00+00:00,0.999,28949.84905
DAI,2022-05-18 07:00:00+00:00,1.0,32601.26089
DAI,2022-05-18 08:00:00+00:00,0.999,60292.4763
DAI,2022-05-18 09:00:00+00:00,0.999,8392.41951
DAI,2022-05-18 10:00:00+00:00,1.0,45186.24021
DAI,2022-05-18 11:00:00+00:00,0.999,74312.33911
DAI,2022-05-18 12:00:00+00:00,1.0,57793.89426
DAI,2022-05-18 13:00:00+00:00,0.999,113535.45157
DAI,2022-05-18 14:00:00+00:00,0.999,261931.08236
DAI,2022-05-18 15:00:00+00:00,1.0,135930.43104
DAI,2022-05-18 16:00:00+00:00,0.999,153992.74171
DAI,2022-05-18 17:00:00+00:00,0.999,145651.55667
DAI,2022-05-18 18:00:00+00:00,0.999,261482.65641
DAI,2022-05-18 19:00:00+00:00,1.0,96755.92536
DAI,2022-05-18 20:00:00+00:00,0.999,178759.25713
DAI,2022-05-18 21:00:00+00:00,0.999,65385.70656
DAI,2022-05-18 22:00:00+00:00,0.999,353474.57603
DAI,2022-05-18 23:00:00+00:00,0.999,142937.76272
DAI,2022-05-19 00:00:00+00:00,1.0,55407.53741
DAI,2022-05-19 01:00:00+00:00,1.0,183976.58518
DAI,2022-05-19 02:00:00+00:00,0.999,284716.37412
DAI,2022-05-19 03:00:00+00:00,0.999,76486.71831
DAI,2022-05-19 04:00:00+00:00,1.0,114008.32496
DAI,2022-05-19 05:00:00+00:00,0.999,13768.40475
DAI,2022-05-19 06:00:00+00:00,0.999,279237.87705
DAI,2022-05-19 07:00:00+00:00,1.0,500941.61979
DAI,2022-05-19 08:00:00+00:00,1.0,30471.22422
DAI,2022-05-19 09:00:00+00:00,1.001,66294.82695
DAI,2022-05-19 10:00:00+00:00,1.0,67930.45314
DAI,2022-05-19 11:00:00+00:00,1.0,54137.74487
DAI,2022-05-19 12:00:00+00:00,1.0,40720.03792
DAI,2022-05-19 13:00:00+00:00,1.001,75047.55602
DAI,2022-05-19 14:00:00+00:00,1.001,228600.53384
DAI,2022-05-19 15:00:00+00:00,0.999,1653537.85333
DAI,2022-05-19 16:00:00+00:00,0.999,83298.83876
DAI,2022-05-19 17:00:00+00:00,0.999,551842.98315
DAI,2022-05-19 18:00:00+00:00,0.9994,438197.8189
DAI,2022-05-19 19:00:00+00:00,0.9999,703552.72524
DAI,2022-05-19 20:00:00+00:00,1.0004,226561.36879
DAI,2022-05-19 21:00:00+00:00,1.0001,112886.94469
DAI,2022-05-19 22:00:00+00:00,1.0,35988.29271
DAI,2022-05-19 23:00:00+00:00,1.0,26529.22691
DAI,2022-05-20 00:00:00+00:00,1.0,79013.67347
DAI,2022-05-20 01:00:00+00:00,1.0,24794.71889
DAI,2022-05-20 02:00:00+00:00,1.0001,104451.38748
DAI,2022-05-20 03:00:00+00:00,1.0001,84546.57951
DAI,2022-05-20 04:00:00+00:00,1.0001,22397.00946
DAI,2022-05-20 05:00:00+00:00,1.0,44536.87443
DAI,2022-05-20 06:00:00+00:00,1.0001,32378.887
DAI,2022-05-20 07:00:00+00:00,1.0001,19074.12427
DAI,2022-05-20 08:00:00+00:00,1.0,22775.23712
DAI,2022-05-20 09:00:00+00:00,1.0,14120.89161
DAI,2022-05-20 10:00:00+00:00,1.0,176127.53649
DAI,2022-05-20 11:00:00+00:00,1.0001,126488.38086
DAI,2022-05-20 12:00:00+00:00,0.9997,1540831.83942
DAI,2022-05-20 13:00:00+00:00,0.9997,78243.97694
DAI,2022-05-20 14:00:00+00:00,0.9998,45910.81146
DAI,2022-05-20 15:00:00+00:00,0.9998,63734.12864
DAI,2022-05-20 16:00:00+00:00,0.9997,87673.09126
DAI,2022-05-20 17:00:00+00:00,1.0,359122.84073
DAI,2022-05-20 18:00:00+00:00,0.9999,289175.02346
DAI,2022-05-20 19:00:00+00:00,0.9998,34076.31207
DAI,2022-05-20 20:00:00+00:00,0.9998,56455.69777
DAI,2022-05-20 21:00:00+00:00,0.9998,57631.62085
DAI,2022-05-20 22:00:00+00:00,0.9998,76182.80027
DAI,2022-05-20 23:00:00+00:00,0.9997,15722.69143
DAI,2022-05-21 00:00:00+00:00,0.9998,27461.38683
DAI,2022-05-21 01:00:00+00:00,0.9998,54678.63856
DAI,2022-05-21 02:00:00+00:00,0.9998,16651.95408
DAI,2022-05-21 03:00:00+00:00,0.9998,146562.66695
DAI,2022-05-21 04:00:00+00:00,0.9999,33554.17448
DAI,2022-05-21 05:00:00+00:00,0.9997,40692.15255
DAI,2022-05-21 06:00:00+00:00,0.9998,17015.47635
DAI,2022-05-21 07:00:00+00:00,0.9999,10993.99185
DAI,2022-05-21 08:00:00+00:00,0.9998,18904.17695
DAI,2022-05-21 09:00:00+00:00,0.9998,35948.49238
DAI,2022-05-21 10:00:00+00:00,0.9997,45814.89108
DAI,2022-05-21 11:00:00+00:00,0.9998,44164.94189
DAI,2022-05-21 12:00:00+00:00,0.9997,25532.34789
DAI,2022-05-21 13:00:00+00:00,0.9998,55106.95597
DAI,2022-05-21 14:00:00+00:00,0.9997,93396.74402
DAI,2022-05-21 15:00:00+00:00,0.9998,100011.62362
DAI,2022-05-21 16:00:00+00:00,0.9998,141773.73907
DAI,2022-05-21 17:00:00+00:00,0.9999,37650.33427
DAI,2022-05-21 18:00:00+00:00,0.9998,51496.03786
DAI,2022-05-21 19:00:00+00:00,0.9999,58045.91193
DAI,2022-05-21 20:00:00+00:00,1.0001,161793.39773
DAI,2022-05-21 21:00:00+00:00,0.9998,32468.82413
DAI,2022-05-21 22:00:00+00:00,0.9998,27822.55175
DAI,2022-05-21 23:00:00+00:00,0.9999,44778.47259
DAI,2022-05-22 00:00:00+00:00,0.9998,24137.3834
DAI,2022-05-22 01:00:00+00:00,0.9999,18657.06842
DAI,2022-05-22 02:00:00+00:00,0.9998,19145.40492
DAI,2022-05-22 03:00:00+00:00,0.9998,18748.33388
DAI,2022-05-22 04:00:00+00:00,0.9999,56705.62699
DAI,2022-05-22 05:00:00+00:00,1.0,17002.92647
DAI,2022-05-22 06:00:00+00:00,0.9998,19393.76874
DAI,2022-05-22 07:00:00+00:00,1.0001,5616.74033
DAI,2022-05-22 08:00:00+00:00,1.0001,31680.11142
DAI,2022-05-22 09:00:00+00:00,1.0,30423.276
DAI,2022-05-22 10:00:00+00:00,0.9999,142064.04226
DAI,2022-05-22 11:00:00+00:00,1.0,102382.08656
DAI,2022-05-22 12:00:00+00:00,1.0,74861.8969
DAI,2022-05-22 13:00:00+00:00,1.0004,304221.18741
DAI,2022-05-22 14:00:00+00:00,1.0001,110533.24619
DAI,2022-05-22 15:00:00+00:00,1.0003,130690.69334
DAI,2022-05-22 16:00:00+00:00,0.9998,33634.81145
DAI,2022-05-22 17:00:00+00:00,1.0002,32526.82967
DAI,2022-05-22 18:00:00+00:00,0.9999,35440.757
DAI,2022-05-22 19:00:00+00:00,0.9998,30706.18916
DAI,2022-05-22 20:00:00+00:00,1.0,28250.22264
DAI,2022-05-22 21:00:00+00:00,0.9999,41447.76466
DAI,2022-05-22 22:00:00+00:00,0.9999,44138.79698
DAI,2022-05-22 23:00:00+00:00,1.0001,62359.13588
DAI,2022-05-23 00:00:00+00:00,1.0001,38332.19111
DAI,2022-05-23 01:00:00+00:00,1.0001,86712.65877
DAI,2022-05-23 02:00:00+00:00,1.0001,74952.26904
DAI,2022-05-23 03:00:00+00:00,1.0,75034.40714
DAI,2022-05-23 04:00:00+00:00,1.0001,27555.68763
DAI,2022-05-23 05:00:00+00:00,0.9999,8823.96621
DAI,2022-05-23 06:00:00+00:00,0.9998,26204.74274
DAI,2022-05-23 07:00:00+00:00,0.9999,67197.14957
DAI,2022-05-23 08:00:00+00:00,1.0001,38673.22827
DAI,2022-05-23 09:00:00+00:00,1.0,53766.05095
DAI,2022-05-23 10:00:00+00:00,1.0001,127460.44138
DAI,2022-05-23 11:00:00+00:00,1.0001,82849.41867
DAI,2022-05-23 12:00:00+00:00,1.0001,50769.69699
DAI,2022-05-23 13:00:00+00:00,1.0,74360.59256
DAI,2022-05-23 14:00:00+00:00,0.9999,91557.58979
DAI,2022-05-23 15:00:00+00:00,0.9998,79450.18475
DAI,2022-05-23 16:00:00+00:00,0.9999,81817.18456
DAI,2022-05-23 17:00:00+00:00,0.9999,81260.85313
DAI,2022-05-23 18:00:00+00:00,0.9998,201071.492
DAI,2022-05-23 19:00:00+00:00,1.0001,224069.35288
DAI,2022-05-23 20:00:00+00:00,0.9999,116185.76343
DAI,2022-05-23 21:00:00+00:00,0.9999,26263.77169
DAI,2022-05-23 22:00:00+00:00,1.0001,1638585.99855
DAI,2022-05-23 23:00:00+00:00,1.0001,88501.42453
DAI,2022-05-24 00:00:00+00:00,1.0,68834.48509
DAI,2022-05-24 01:00:00+00:00,1.0,32386.85754
DAI,2022-05-24 02:00:00+00:00,0.9999,33179.02816
DAI,2022-05-24 03:00:00+00:00,0.9999,46793.10675
DAI,2022-05-24 04:00:00+00:00,1.0,15070.26164
DAI,2022-05-24 05:00:00+00:00,0.9999,46520.94413
DAI,2022-05-24 06:00:00+00:00,1.0,90852.18395
DAI,2022-05-24 07:00:00+00:00,1.0,21902.5105
DAI,2022-05-24 08:00:00+00:00,0.9998,27785.76489
DAI,2022-05-24 09:00:00+00:00,0.9998,33882.97701
DAI,2022-05-24 10:00:00+00:00,0.9998,65049.36071
DAI,2022-05-24 11:00:00+00:00,0.9998,99974.2622
DAI,2022-05-24 12:00:00+00:00,0.9998,165611.25669
DAI,2022-05-24 13:00:00+00:00,0.9998,65807.5842
DAI,2022-05-24 14:00:00+00:00,1.0,260454.22586
DAI,2022-05-24 15:00:00+00:00,1.0001,67199.08352
DAI,2022-05-24 16:00:00+00:00,1.0001,144645.24659
DAI,2022-05-24 17:00:00+00:00,0.9999,109855.74092
DAI,2022-05-24 18:00:00+00:00,0.9999,81389.01767
DAI,2022-05-24 19:00:00+00:00,0.9999,24431.90538
DAI,2022-05-24 20:00:00+00:00,1.0,108850.8185
DAI,2022-05-24 21:00:00+00:00,0.9999,49874.30151
DAI,2022-05-24 22:00:00+00:00,0.9998,33853.42464
DAI,2022-05-24 23:00:00+00:00,0.9999,51299.47517
DAI,2022-05-25 00:00:00+00:00,1.0,18838.1658
DAI,2022-05-25 01:00:00+00:00,0.9999,61362.00154
DAI,2022-05-25 02:00:00+00:00,0.9999,16791.88312
DAI,2022-05-25 03:00:00+00:00,0.9998,62186.23757
DAI,2022-05-25 04:00:00+00:00,0.9999,17555.23581
DAI,2022-05-25 05:00:00+00:00,0.9998,22176.29529
DAI,2022-05-25 06:00:00+00:00,0.9999,61250.00587
DAI,2022-05-25 07:00:00+00:00,0.9999,35032.81053
DAI,2022-05-25 08:00:00+00:00,0.9998,24752.40563
DAI,2022-05-25 09:00:00+00:00,1.0,631343.60654
DAI,2022-05-25 10:00:00+00:00,0.9999,150841.01958
DAI,2022-05-25 11:00:00+00:00,0.9999,12831.87861
DAI,2022-05-25 12:00:00+00:00,1.0,26036.56758
DAI,2022-05-25 13:00:00+00:00,0.9998,93207.20357
DAI,2022-05-25 14:00:00+00:00,0.9997,43747.26833
DAI,2022-05-25 15:00:00+00:00,0.9999,203286.86258
DAI,2022-05-25 16:00:00+00:00,0.9999,47497.54563
DAI,2022-05-25 17:00:00+00:00,0.9997,178762.27535
DAI,2022-05-25 18:00:00+00:00,1.0,43008.8466
DAI,2022-05-25 19:00:00+00:00,0.9998,50645.93444
DAI,2022-05-25 20:00:00+00:00,0.9999,29434.37353
DAI,2022-05-25 21:00:00+00:00,0.9997,51068.04512
DAI,2022-05-25 22:00:00+00:00,0.9997,67407.76313
DAI,2022-05-25 23:00:00+00:00,0.9997,35771.35831
DAI,2022-05-26 00:00:00+00:00,0.9997,57143.31903
DAI,2022-05-26 01:00:00+00:00,0.9997,24008.13784
DAI,2022-05-26 02:00:00+00:00,0.9997,43055.25916
DAI,2022-05-26 03:00:00+00:00,0.9998,52431.35313
DAI,2022-05-26 04:00:00+00:00,0.9998,21968.9487
DAI,2022-05-26 05:00:00+00:00,0.9997,8231.19779
DAI,2022-05-26 06:00:00+00:00,0.9997,176839.25964
DAI,2022-05-26 07:00:00+00:00,0.9997,17048.3914
DAI,2022-05-26 08:00:00+00:00,0.9997,125502.43135
DAI,2022-05-26 09:00:00+00:00,0.9997,145577.49115
DAI,2022-05-26 10:00:00+00:00,0.9998,335002.89127
DAI,2022-05-26 11:00:00+00:00,0.9999,165457.49661
DAI,2022-05-26 12:00:00+00:00,0.9997,89742.40506
DAI,2022-05-26 13:00:00+00:00,1.0002,445400.74458
DAI,2022-05-26 14:00:00+00:00,1.0,325726.62603
DAI,2022-05-26 15:00:00+00:00,1.0,103513.96008
DAI,2022-05-26 16:00:00+00:00,0.9999,106366.37556
DAI,2022-05-26 17:00:00+00:00,1.0,73881.20336
DAI,2022-05-26 18:00:00+00:00,1.0,62251.27177
DAI,2022-05-26 19:00:00+00:00,0.9999,74877.66855
DAI,2022-05-26 20:00:00+00:00,1.0003,156812.77043
DAI,2022-05-26 21:00:00+00:00,1.0003,69110.93373
DAI,2022-05-26 22:00:00+00:00,1.0003,25594.74253
DAI,2022-05-26 23:00:00+00:00,1.0,157199.19461
DAI,2022-05-27 00:00:00+00:00,1.0002,197916.6902
DAI,2022-05-27 01:00:00+00:00,1.0003,756654.18012
DAI,2022-05-27 02:00:00+00:00,1.0003,49074.13827
DAI,2022-05-27 03:00:00+00:00,1.0002,524166.04101
DAI,2022-05-27 04:00:00+00:00,1.0003,44900.56937
DAI,2022-05-27 05:00:00+00:00,1.0002,41538.01355
DAI,2022-05-27 06:00:00+00:00,1.0002,37252.63029
DAI,2022-05-27 07:00:00+00:00,1.0003,52746.04361
DAI,2022-05-27 08:00:00+00:00,1.0003,84068.73387
DAI,2022-05-27 09:00:00+00:00,1.0002,16950.69676
DAI,2022-05-27 10:00:00+00:00,1.0001,60610.06756
DAI,2022-05-27 11:00:00+00:00,1.0001,57178.34943
DAI,2022-05-27 12:00:00+00:00,1.0001,148632.6186
DAI,2022-05-27 13:00:00+00:00,1.0001,49840.24679
DAI,2022-05-27 14:00:00+00:00,1.0001,450631.18261
DAI,2022-05-27 15:00:00+00:00,1.0002,259974.51743
DAI,2022-05-27 16:00:00+00:00,1.0003,113868.4191
DAI,2022-05-27 17:00:00+00:00,0.9999,240445.72591
DAI,2022-05-27 18:00:00+00:00,0.9999,94360.8971
DAI,2022-05-27 19:00:00+00:00,0.9998,143082.82962
DAI,2022-05-27 20:00:00+00:00,1.0,376538.37835
DAI,2022-05-27 21:00:00+00:00,0.9998,189883.24577
DAI,2022-05-27 22:00:00+00:00,0.9999,50116.34911
DAI,2022-05-27 23:00:00+00:00,1.0,180100.90329
DAI,2022-05-28 00:00:00+00:00,0.9999,15819.11912
DAI,2022-05-28 01:00:00+00:00,0.9999,60217.26359
DAI,2022-05-28 02:00:00+00:00,1.0,316533.10349
DAI,2022-05-28 03:00:00+00:00,1.0,303390.24209
DAI,2022-05-28 04:00:00+00:00,0.9999,23921.2217
DAI,2022-05-28 05:00:00+00:00,1.0,20559.84162
DAI,2022-05-28 06:00:00+00:00,1.0,37647.92569
DAI,2022-05-28 07:00:00+00:00,0.9999,16137.81621
DAI,2022-05-28 08:00:00+00:00,1.0,6978.37929
DAI,2022-05-28 09:00:00+00:00,0.9999,11295.91787
DAI,2022-05-28 10:00:00+00:00,1.0,83412.35018
DAI,2022-05-28 11:00:00+00:00,0.9999,79323.98614
DAI,2022-05-28 12:00:00+00:00,0.9999,53169.24219
DAI,2022-05-28 13:00:00+00:00,1.0,18546.19807
DAI,2022-05-28 14:00:00+00:00,1.0,42406.12056
DAI,2022-05-28 15:00:00+00:00,0.9999,124953.89773
DAI,2022-05-28 16:00:00+00:00,0.9996,634374.29682
DAI,2022-05-28 17:00:00+00:00,0.9997,74195.82324
DAI,2022-05-28 18:00:00+00:00,0.9997,71021.1426
DAI,2022-05-28 19:00:00+00:00,0.9997,20497.99642
DAI,2022-05-28 20:00:00+00:00,0.9997,87977.64767
DAI,2022-05-28 21:00:00+00:00,0.9998,17172.73849
DAI,2022-05-28 22:00:00+00:00,0.9997,20440.69458
DAI,2022-05-28 23:00:00+00:00,0.9998,33626.03296
DAI,2022-05-29 00:00:00+00:00,0.9998,11886.65166
DAI,2022-05-29 01:00:00+00:00,0.9997,29787.69805
DAI,2022-05-29 02:00:00+00:00,0.9997,57504.34174
DAI,2022-05-29 03:00:00+00:00,0.9997,62659.24663
DAI,2022-05-29 04:00:00+00:00,0.9997,11411.1714
DAI,2022-05-29 05:00:00+00:00,0.9997,8608.16883
DAI,2022-05-29 06:00:00+00:00,0.9998,9818.03096
DAI,2022-05-29 07:00:00+00:00,0.9997,14483.74082
DAI,2022-05-29 08:00:00+00:00,0.9997,10670.76567
DAI,2022-05-29 09:00:00+00:00,0.9997,22618.0282
DAI,2022-05-29 10:00:00+00:00,0.9997,16651.21379
DAI,2022-05-29 11:00:00+00:00,0.9997,10892.39232
DAI,2022-05-29 12:00:00+00:00,0.9997,85357.85357
DAI,2022-05-29 13:00:00+00:00,0.9998,33081.34581
DAI,2022-05-29 14:00:00+00:00,0.9997,60445.88906
DAI,2022-05-29 15:00:00+00:00,0.9997,52260.90646
DAI,2022-05-29 16:00:00+00:00,0.9997,30175.7814
DAI,2022-05-29 17:00:00+00:00,0.9997,38172.2479
DAI,2022-05-29 18:00:00+00:00,0.9997,39401.58362
DAI,2022-05-29 19:00:00+00:00,0.9998,86527.50814
DAI,2022-05-29 20:00:00+00:00,0.9998,36023.30609
DAI,2022-05-29 21:00:00+00:00,0.9996,24847.47536
DAI,2022-05-29 22:00:00+00:00,0.9996,23360.36647
DAI,2022-05-29 23:00:00+00:00,0.9998,35415.20416
DAI,2022-05-30 00:00:00+00:00,0.9996,69319.36512
DAI,2022-05-30 01:00:00+00:00,0.9996,41635.60181
DAI,2022-05-30 02:00:00+00:00,0.9998,92665.78868
DAI,2022-05-30 03:00:00+00:00,0.9998,51037.68143
DAI,2022-05-30 04:00:00+00:00,0.9998,92463.6972
DAI,2022-05-30 05:00:00+00:00,0.9997,45197.44087
DAI,2022-05-30 06:00:00+00:00,0.9997,64017.9926
DAI,2022-05-30 07:00:00+00:00,0.9997,58006.80663
DAI,2022-05-30 08:00:00+00:00,0.9998,69497.3107
DAI,2022-05-30 09:00:00+00:00,0.9998,61545.43166
DAI,2022-05-30 10:00:00+00:00,0.9997,90108.81006
DAI,2022-05-30 11:00:00+00:00,0.9998,38049.13136
DAI,2022-05-30 12:00:00+00:00,0.9997,60938.41082
DAI,2022-05-30 13:00:00+00:00,0.9997,40080.0286
DAI,2022-05-30 14:00:00+00:00,0.9997,76672.31495
DAI,2022-05-30 15:00:00+00:00,0.9997,286525.64799
DAI,2022-05-30 16:00:00+00:00,0.9997,114922.42106
DAI,2022-05-30 17:00:00+00:00,0.9997,185683.66117
DAI,2022-05-30 18:00:00+00:00,0.9998,35289.34763
DAI,2022-05-30 19:00:00+00:00,0.9998,30962.34421
DAI,2022-05-30 20:00:00+00:00,0.9998,229240.39219
DAI,2022-05-30 21:00:00+00:00,0.9998,194988.97649
DAI,2022-05-30 22:00:00+00:00,0.9998,126792.67182
DAI,2022-05-30 23:00:00+00:00,0.9998,514900.80277
DAI,2022-05-31 00:00:00+00:00,0.9999,128365.64864
DAI,2022-05-31 01:00:00+00:00,0.9999,152187.66312
DAI,2022-05-31 02:00:00+00:00,1.0,75851.3061
DAI,2022-05-31 03:00:00+00:00,0.9998,126840.48472
DAI,2022-05-31 04:00:00+00:00,0.9999,16703.1567
DAI,2022-05-31 05:00:00+00:00,0.9999,55804.18957
DAI,2022-05-31 06:00:00+00:00,0.9998,35369.47016
DAI,2022-05-31 07:00:00+00:00,0.9999,17264.49431
DAI,2022-05-31 08:00:00+00:00,0.9998,25429.94986
DAI,2022-05-31 09:00:00+00:00,0.9998,88934.91236
DAI,2022-05-31 10:00:00+00:00,0.9999,31376.15944
DAI,2022-05-31 11:00:00+00:00,0.9998,290548.92242
DAI,2022-05-31 12:00:00+00:00,0.9998,139208.96106
DAI,2022-05-31 13:00:00+00:00,0.9999,268517.63627
DAI,2022-05-31 14:00:00+00:00,1.0,164125.86472
DAI,2022-05-31 15:00:00+00:00,0.9999,109161.30239
DAI,2022-05-31 16:00:00+00:00,1.0,204331.61411
DAI,2022-05-31 17:00:00+00:00,0.9998,43786.30964
DAI,2022-05-31 18:00:00+00:00,0.9997,121514.18086
DAI,2022-05-31 19:00:00+00:00,0.9997,129246.63984
DAI,2022-05-31 20:00:00+00:00,0.9998,148508.28392
DAI,2022-05-31 21:00:00+00:00,0.9997,63055.56342
DAI,2022-05-31 22:00:00+00:00,0.9997,99025.85788
DAI,2022-05-31 23:00:00+00:00,0.9997,64596.71507
DAI,2022-06-01 00:00:00+00:00,0.9997,79144.59656
DAI,2022-06-01 01:00:00+00:00,0.9996,189317.32852
DAI,2022-06-01 02:00:00+00:00,0.9996,63386.15752
DAI,2022-06-01 03:00:00+00:00,0.9996,20690.38494
DAI,2022-06-01 04:00:00+00:00,0.9997,58204.5498
DAI,2022-06-01 05:00:00+00:00,0.9997,51201.97153
DAI,2022-06-01 06:00:00+00:00,0.9997,49457.63667
DAI,2022-06-01 07:00:00+00:00,0.9996,63234.38496
DAI,2022-06-01 08:00:00+00:00,0.9996,19954.31339
DAI,2022-06-01 09:00:00+00:00,0.9996,9639.39651
DAI,2022-06-01 10:00:00+00:00,0.9996,24823.677
DAI,2022-06-01 11:00:00+00:00,0.9996,155133.12233
DAI,2022-06-01 12:00:00+00:00,0.9996,24596.19148
DAI,2022-06-01 13:00:00+00:00,0.9997,64674.72532
DAI,2022-06-01 14:00:00+00:00,0.9997,186229.3526
DAI,2022-06-01 15:00:00+00:00,0.9999,341006.16499
DAI,2022-06-01 16:00:00+00:00,0.9998,130878.88121
DAI,2022-06-01 17:00:00+00:00,0.9998,235979.86029
DAI,2022-06-01 18:00:00+00:00,0.9998,201001.00982
DAI,2022-06-01 19:00:00+00:00,0.9996,186136.55309
DAI,2022-06-01 20:00:00+00:00,0.9996,244969.01644
DAI,2022-06-01 21:00:00+00:00,0.9996,82651.65136
DAI,2022-06-01 22:00:00+00:00,0.9997,124805.55738
DAI,2022-06-01 23:00:00+00:00,0.9997,50789.30425
DAI,2022-06-02 00:00:00+00:00,0.9997,20659.70288
DAI,2022-06-02 01:00:00+00:00,0.9996,22507.4132
DAI,2022-06-02 02:00:00+00:00,0.9996,62012.22262
DAI,2022-06-02 03:00:00+00:00,0.9998,219586.60652
DAI,2022-06-02 04:00:00+00:00,0.9998,74879.59332
DAI,2022-06-02 05:00:00+00:00,0.9998,66728.90762
DAI,2022-06-02 06:00:00+00:00,0.9997,35988.09539
DAI,2022-06-02 07:00:00+00:00,0.9997,21699.0515
DAI,2022-06-02 08:00:00+00:00,0.9998,22695.00123
DAI,2022-06-02 09:00:00+00:00,0.9998,55749.83538
DAI,2022-06-02 10:00:00+00:00,0.9998,59872.5566
DAI,2022-06-02 11:00:00+00:00,0.9997,31687.61396
DAI,2022-06-02 12:00:00+00:00,0.9997,61258.52172
DAI,2022-06-02 13:00:00+00:00,0.9998,251929.83102
DAI,2022-06-02 14:00:00+00:00,0.9998,47705.5269
DAI,2022-06-02 15:00:00+00:00,0.9996,433542.7011
DAI,2022-06-02 16:00:00+00:00,0.9996,77902.7776
DAI,2022-06-02 17:00:00+00:00,0.9997,140576.68339
DAI,2022-06-02 18:00:00+00:00,0.9996,402997.78369
DAI,2022-06-02 19:00:00+00:00,0.9997,50956.50605
DAI,2022-06-02 20:00:00+00:00,0.9996,80649.73815
DAI,2022-06-02 21:00:00+00:00,0.9996,26070.4198
DAI,2022-06-02 22:00:00+00:00,0.9997,637064.60306
DAI,2022-06-02 23:00:00+00:00,0.9998,59407.0987
DAI,2022-06-03 00:00:00+00:00,0.9997,60074.84678
DAI,2022-06-03 01:00:00+00:00,0.9997,154086.09352
DAI,2022-06-03 02:00:00+00:00,0.9996,83219.95027
DAI,2022-06-03 03:00:00+00:00,0.9997,13049.13089
DAI,2022-06-03 04:00:00+00:00,0.9997,100927.99652
DAI,2022-06-03 05:00:00+00:00,0.9997,19195.8692
DAI,2022-06-03 06:00:00+00:00,0.9998,24553.01484
DAI,2022-06-03 07:00:00+00:00,0.9997,13016.42371
DAI,2022-06-03 08:00:00+00:00,0.9996,10774.28081
DAI,2022-06-03 09:00:00+00:00,0.9996,5298.3399
DAI,2022-06-03 10:00:00+00:00,0.9997,46196.74691
DAI,2022-06-03 11:00:00+00:00,0.9996,41941.82395
DAI,2022-06-03 12:00:00+00:00,0.9996,332551.98115
DAI,2022-06-03 13:00:00+00:00,0.9997,148325.86899
DAI,2022-06-03 14:00:00+00:00,0.9996,112292.23336
DAI,2022-06-03 15:00:00+00:00,0.9997,221262.3953
DAI,2022-06-03 16:00:00+00:00,0.9996,395620.48206
DAI,2022-06-03 17:00:00+00:00,0.9997,36362.0546
DAI,2022-06-03 18:00:00+00:00,0.9997,84399.36138
DAI,2022-06-03 19:00:00+00:00,0.9996,64269.64335
DAI,2022-06-03 20:00:00+00:00,0.9995,321208.23573
DAI,2022-06-03 21:00:00+00:00,0.9996,150308.72507
DAI,2022-06-03 22:00:00+00:00,0.9995,33905.60512
DAI,2022-06-03 23:00:00+00:00,0.9997,37826.3621
DAI,2022-06-04 00:00:00+00:00,0.9996,28003.33662
DAI,2022-06-04 01:00:00+00:00,0.9995,32886.24652
DAI,2022-06-04 02:00:00+00:00,0.9995,55560.67729
DAI,2022-06-04 03:00:00+00:00,0.9995,20460.52888
DAI,2022-06-04 04:00:00+00:00,0.9995,15607.90657
DAI,2022-06-04 05:00:00+00:00,0.9995,131319.39922
DAI,2022-06-04 06:00:00+00:00,0.9996,35987.81444
DAI,2022-06-04 07:00:00+00:00,0.9996,273336.62176
DAI,2022-06-04 08:00:00+00:00,0.9997,15667.91732
DAI,2022-06-04 09:00:00+00:00,0.9996,22649.83428
DAI,2022-06-04 10:00:00+00:00,0.9997,6968.24495
DAI,2022-06-04 11:00:00+00:00,0.9996,50411.70042
DAI,2022-06-04 12:00:00+00:00,1.0,142516.70922
DAI,2022-06-04 13:00:00+00:00,0.9998,26685.29755
DAI,2022-06-04 14:00:00+00:00,0.9999,17374.05775
DAI,2022-06-04 15:00:00+00:00,0.9997,76122.01805
DAI,2022-06-04 16:00:00+00:00,0.9996,19429.32531
DAI,2022-06-04 17:00:00+00:00,0.9996,23629.46535
DAI,2022-06-04 18:00:00+00:00,0.9996,10739.77116
DAI,2022-06-04 19:00:00+00:00,0.9996,17942.22876
DAI,2022-06-04 20:00:00+00:00,0.9996,30260.527
DAI,2022-06-04 21:00:00+00:00,0.9995,17233.01407
DAI,2022-06-04 22:00:00+00:00,0.9995,52406.72021
DAI,2022-06-04 23:00:00+00:00,0.9995,9804.34574
DAI,2022-06-05 00:00:00+00:00,0.9996,14753.21962
DAI,2022-06-05 01:00:00+00:00,0.9996,36854.19969
DAI,2022-06-05 02:00:00+00:00,0.9996,20179.39692
DAI,2022-06-05 03:00:00+00:00,0.9996,5461.50982
DAI,2022-06-05 04:00:00+00:00,0.9995,11533.11893
DAI,2022-06-05 05:00:00+00:00,0.9996,6606.51198
DAI,2022-06-05 06:00:00+00:00,0.9995,16001.66708
DAI,2022-06-05 07:00:00+00:00,0.9995,3663.13197
DAI,2022-06-05 08:00:00+00:00,0.9995,18827.94961
DAI,2022-06-05 09:00:00+00:00,0.9996,15387.38376
DAI,2022-06-05 10:00:00+00:00,0.9996,7664.02583
DAI,2022-06-05 11:00:00+00:00,0.9996,23003.31852
DAI,2022-06-05 12:00:00+00:00,0.9996,24381.91458
DAI,2022-06-05 13:00:00+00:00,0.9996,70219.35965
DAI,2022-06-05 14:00:00+00:00,0.9996,10345.80813
DAI,2022-06-05 15:00:00+00:00,0.9997,19736.60012
DAI,2022-06-05 16:00:00+00:00,0.9996,20598.31472
DAI,2022-06-05 17:00:00+00:00,0.9996,94021.0506
DAI,2022-06-05 18:00:00+00:00,0.9996,29360.56733
DAI,2022-06-05 19:00:00+00:00,0.9996,31979.04486
DAI,2022-06-05 20:00:00+00:00,0.9997,19483.90426
DAI,2022-06-05 21:00:00+00:00,0.9996,17968.00424
DAI,2022-06-05 22:00:00+00:00,0.9996,38445.06304
DAI,2022-06-05 23:00:00+00:00,0.9995,44593.82604
DAI,2022-06-06 00:00:00+00:00,0.9995,15405.81188
DAI,2022-06-06 01:00:00+00:00,0.9997,218901.83123
DAI,2022-06-06 02:00:00+00:00,0.9998,43024.3793
DAI,2022-06-06 03:00:00+00:00,0.9997,58690.26739
DAI,2022-06-06 04:00:00+00:00,0.9998,53821.64561
DAI,2022-06-06 05:00:00+00:00,0.9998,13157.69729
DAI,2022-06-06 06:00:00+00:00,0.9999,367794.34465
DAI,2022-06-06 07:00:00+00:00,0.9999,125128.15599
DAI,2022-06-06 08:00:00+00:00,0.9998,24525.14386
DAI,2022-06-06 09:00:00+00:00,0.9999,28813.76879
DAI,2022-06-06 10:00:00+00:00,0.9998,258328.67309
DAI,2022-06-06 11:00:00+00:00,0.9996,83375.04476
DAI,2022-06-06 12:00:00+00:00,0.9997,73945.74024
DAI,2022-06-06 13:00:00+00:00,0.9996,104607.51169
DAI,2022-06-06 14:00:00+00:00,0.9996,150522.18978
DAI,2022-06-06 15:00:00+00:00,0.9997,69661.09862
DAI,2022-06-06 16:00:00+00:00,0.9999,96667.79111
DAI,2022-06-06 17:00:00+00:00,0.9997,108568.93381
DAI,2022-06-06 18:00:00+00:00,0.9997,63344.30458
DAI,2022-06-06 19:00:00+00:00,0.9997,99419.49876
DAI,2022-06-06 20:00:00+00:00,0.9997,230537.44152
DAI,2022-06-06 21:00:00+00:00,0.9997,53815.41447
DAI,2022-06-06 22:00:00+00:00,0.9995,29669.38493
DAI,2022-06-06 23:00:00+00:00,0.9997,60430.35512
DAI,2022-06-07 00:00:00+00:00,0.9997,178340.87952
DAI,2022-06-07 01:00:00+00:00,0.9997,156288.75822
DAI,2022-06-07 02:00:00+00:00,0.9997,128081.0673
DAI,2022-06-07 03:00:00+00:00,0.9997,37981.89711
DAI,2022-06-07 04:00:00+00:00,0.9999,253699.17405
DAI,2022-06-07 05:00:00+00:00,0.9997,57033.43622
DAI,2022-06-07 06:00:00+00:00,0.9996,41045.37108
DAI,2022-06-07 07:00:00+00:00,0.9998,31348.3664
DAI,2022-06-07 08:00:00+00:00,0.9997,8041.43456
DAI,2022-06-07 09:00:00+00:00,0.9997,30630.43191
DAI,2022-06-07 10:00:00+00:00,0.9996,83365.59709
DAI,2022-06-07 11:00:00+00:00,1.0,176053.31728
DAI,2022-06-07 12:00:00+00:00,0.9999,71029.64226
DAI,2022-06-07 13:00:00+00:00,0.9998,49812.81323
DAI,2022-06-07 14:00:00+00:00,0.9998,79914.83206
DAI,2022-06-07 15:00:00+00:00,0.9998,57784.11075
DAI,2022-06-07 16:00:00+00:00,0.9997,41840.61123
DAI,2022-06-07 17:00:00+00:00,0.9998,52882.69155
DAI,2022-06-07 18:00:00+00:00,0.9997,126069.37834
DAI,2022-06-07 19:00:00+00:00,0.9998,70835.58938
DAI,2022-06-07 20:00:00+00:00,0.9998,127566.95761
DAI,2022-06-07 21:00:00+00:00,0.9998,54310.56228
DAI,2022-06-07 22:00:00+00:00,1.0,353414.01087
DAI,2022-06-07 23:00:00+00:00,1.0,48447.28044
DAI,2022-06-08 00:00:00+00:00,0.9999,31317.40987
DAI,2022-06-08 01:00:00+00:00,0.9999,29989.83819
DAI,2022-06-08 02:00:00+00:00,0.9997,244820.97817
DAI,2022-06-08 03:00:00+00:00,0.9997,22535.89936
DAI,2022-06-08 04:00:00+00:00,0.9998,112836.01929
DAI,2022-06-08 05:00:00+00:00,0.9997,31407.49458
DAI,2022-06-08 06:00:00+00:00,0.9998,125038.85109
DAI,2022-06-08 07:00:00+00:00,0.9997,14219.1617
DAI,2022-06-08 08:00:00+00:00,0.9997,5720.24957
DAI,2022-06-08 09:00:00+00:00,0.9998,27682.65874
DAI,2022-06-08 10:00:00+00:00,0.9997,100175.26159
DAI,2022-06-08 11:00:00+00:00,0.9998,72622.13806
DAI,2022-06-08 12:00:00+00:00,0.9997,63764.16663
DAI,2022-06-08 13:00:00+00:00,0.9996,84739.51592
DAI,2022-06-08 14:00:00+00:00,0.9996,52299.72962
DAI,2022-06-08 15:00:00+00:00,0.9996,57592.76026
DAI,2022-06-08 16:00:00+00:00,0.9996,92660.70638
DAI,2022-06-08 17:00:00+00:00,0.9997,123299.82068
DAI,2022-06-08 18:00:00+00:00,0.9997,56998.44108
DAI,2022-06-08 19:00:00+00:00,0.9996,96628.31102
DAI,2022-06-08 20:00:00+00:00,0.9994,52000.8564
DAI,2022-06-08 21:00:00+00:00,0.9994,52010.93782
DAI,2022-06-08 22:00:00+00:00,0.9995,53059.11732
DAI,2022-06-08 23:00:00+00:00,0.9995,71140.25756
DAI,2022-06-09 00:00:00+00:00,0.9996,136804.73747
DAI,2022-06-09 01:00:00+00:00,0.9995,21768.60524
DAI,2022-06-09 02:00:00+00:00,0.9995,35227.69921
DAI,2022-06-09 03:00:00+00:00,0.9996,74215.47281
DAI,2022-06-09 04:00:00+00:00,0.9997,77473.81125
DAI,2022-06-09 05:00:00+00:00,0.9997,51774.20388
DAI,2022-06-09 06:00:00+00:00,1.0,28573.08842
DAI,2022-06-09 07:00:00+00:00,1.0,5205.22533
DAI,2022-06-09 08:00:00+00:00,0.9999,13735.71343
DAI,2022-06-09 09:00:00+00:00,0.9999,13192.73011
DAI,2022-06-09 10:00:00+00:00,0.9998,46605.91868
DAI,2022-06-09 11:00:00+00:00,0.9997,20683.14903
DAI,2022-06-09 12:00:00+00:00,0.9997,177917.44201
DAI,2022-06-09 13:00:00+00:00,0.9997,50989.55143
DAI,2022-06-09 14:00:00+00:00,1.0,86018.59291
DAI,2022-06-09 15:00:00+00:00,1.0,85590.17374
DAI,2022-06-09 16:00:00+00:00,1.0,113042.06668
DAI,2022-06-09 17:00:00+00:00,1.0,38459.40985
DAI,2022-06-09 18:00:00+00:00,0.9997,132831.95296
DAI,2022-06-09 19:00:00+00:00,0.9998,112891.01872
DAI,2022-06-09 20:00:00+00:00,0.9997,113015.20675
DAI,2022-06-09 21:00:00+00:00,0.9997,91096.54938
DAI,2022-06-09 22:00:00+00:00,0.9996,108889.72677
DAI,2022-06-09 23:00:00+00:00,0.9997,64058.62941
DAI,2022-06-10 00:00:00+00:00,0.9997,73325.02268
DAI,2022-06-10 01:00:00+00:00,0.9997,27502.67659
DAI,2022-06-10 02:00:00+00:00,0.9997,31288.89317
DAI,2022-06-10 03:00:00+00:00,0.9996,61445.45496
DAI,2022-06-10 04:00:00+00:00,0.9997,110960.92146
DAI,2022-06-10 05:00:00+00:00,0.9997,23223.03466
DAI,2022-06-10 06:00:00+00:00,0.9996,26990.42133
DAI,2022-06-10 07:00:00+00:00,0.9996,33300.32122
DAI,2022-06-10 08:00:00+00:00,0.9996,7213.86523
DAI,2022-06-10 09:00:00+00:00,0.9996,100504.77452
DAI,2022-06-10 10:00:00+00:00,0.9996,31056.6481
DAI,2022-06-10 11:00:00+00:00,0.9996,47502.55494
DAI,2022-06-10 12:00:00+00:00,0.9996,52875.03202
DAI,2022-06-10 13:00:00+00:00,0.9997,61731.69982
DAI,2022-06-10 14:00:00+00:00,0.9996,343808.7648
DAI,2022-06-10 15:00:00+00:00,0.9998,142025.74819
DAI,2022-06-10 16:00:00+00:00,0.9998,213331.86757
DAI,2022-06-10 17:00:00+00:00,0.9997,132530.71743
DAI,2022-06-10 18:00:00+00:00,1.0,764694.85747
DAI,2022-06-10 19:00:00+00:00,0.9997,149006.97089
DAI,2022-06-10 20:00:00+00:00,0.9998,131201.16194
DAI,2022-06-10 21:00:00+00:00,0.9997,78596.3073
DAI,2022-06-10 22:00:00+00:00,1.0,354153.66692
DAI,2022-06-10 23:00:00+00:00,1.0,70632.30696
DAI,2022-06-11 00:00:00+00:00,1.0,98451.70259
DAI,2022-06-11 01:00:00+00:00,1.0001,130119.41393
DAI,2022-06-11 02:00:00+00:00,1.0,18406.61683
DAI,2022-06-11 03:00:00+00:00,1.0001,51308.07999
DAI,2022-06-11 04:00:00+00:00,1.0001,70614.51839
DAI,2022-06-11 05:00:00+00:00,1.0,12520.59581
DAI,2022-06-11 06:00:00+00:00,1.0,10987.24652
DAI,2022-06-11 07:00:00+00:00,1.0,8291.83353
DAI,2022-06-11 08:00:00+00:00,1.0,7040.2873
DAI,2022-06-11 09:00:00+00:00,1.0,52165.12191
DAI,2022-06-11 10:00:00+00:00,1.0001,841586.28767
DAI,2022-06-11 11:00:00+00:00,1.0001,134871.37973
DAI,2022-06-11 12:00:00+00:00,1.0001,213037.4289
DAI,2022-06-11 13:00:00+00:00,1.0,297381.62768
DAI,2022-06-11 14:00:00+00:00,1.0,233754.62081
DAI,2022-06-11 15:00:00+00:00,1.0,455332.53369
DAI,2022-06-11 16:00:00+00:00,1.0003,932818.06676
DAI,2022-06-11 17:00:00+00:00,1.0002,246720.84842
DAI,2022-06-11 18:00:00+00:00,1.0003,94078.82805
DAI,2022-06-11 19:00:00+00:00,1.0001,88640.91508
DAI,2022-06-11 20:00:00+00:00,1.0,105626.82025
DAI,2022-06-11 21:00:00+00:00,1.0,138426.83202
DAI,2022-06-11 22:00:00+00:00,1.0,133019.9111
DAI,2022-06-11 23:00:00+00:00,1.0,20933.90584
DAI,2022-06-12 00:00:00+00:00,1.0,110599.97576
DAI,2022-06-12 01:00:00+00:00,1.0001,38863.17775
DAI,2022-06-12 02:00:00+00:00,1.0,245823.52342
DAI,2022-06-12 03:00:00+00:00,0.9998,1131865.24325
DAI,2022-06-12 04:00:00+00:00,0.9999,214658.835
DAI,2022-06-12 05:00:00+00:00,1.0,60633.01175
DAI,2022-06-12 06:00:00+00:00,0.9999,85302.00201
DAI,2022-06-12 07:00:00+00:00,1.0002,696186.07181
DAI,2022-06-12 08:00:00+00:00,1.0002,476184.53939
DAI,2022-06-12 09:00:00+00:00,1.0003,37412.75695
DAI,2022-06-12 10:00:00+00:00,1.0002,71226.00041
DAI,2022-06-12 11:00:00+00:00,1.0002,151830.38343
DAI,2022-06-12 12:00:00+00:00,1.0001,70696.15162
DAI,2022-06-12 13:00:00+00:00,1.0001,105458.84983
DAI,2022-06-12 14:00:00+00:00,1.0001,91965.50942
DAI,2022-06-12 15:00:00+00:00,1.0002,161062.14503
DAI,2022-06-12 16:00:00+00:00,1.0001,65649.86343
DAI,2022-06-12 17:00:00+00:00,1.0,75898.42385
DAI,2022-06-12 18:00:00+00:00,0.9999,25333.98103
DAI,2022-06-12 19:00:00+00:00,1.0,96538.18608
DAI,2022-06-12 20:00:00+00:00,0.9999,69433.65025
DAI,2022-06-12 21:00:00+00:00,1.0,16666.29962
DAI,2022-06-12 22:00:00+00:00,1.0,290177.02487
DAI,2022-06-12 23:00:00+00:00,0.9999,73914.87983
DAI,2022-06-13 00:00:00+00:00,0.9999,164040.92242
DAI,2022-06-13 01:00:00+00:00,1.0002,289787.35022
DAI,2022-06-13 02:00:00+00:00,1.0002,968289.82051
DAI,2022-06-13 03:00:00+00:00,1.0002,344170.94066
DAI,2022-06-13 04:00:00+00:00,1.0002,75184.46167
DAI,2022-06-13 05:00:00+00:00,1.0001,87729.4165
DAI,2022-06-13 06:00:00+00:00,1.0,108501.46228
DAI,2022-06-13 07:00:00+00:00,1.0002,287048.76711
DAI,2022-06-13 08:00:00+00:00,1.0003,492141.25199
DAI,2022-06-13 09:00:00+00:00,1.0005,362647.3697
DAI,2022-06-13 10:00:00+00:00,1.0,269375.92965
DAI,2022-06-13 11:00:00+00:00,1.0005,758927.41247
DAI,2022-06-13 12:00:00+00:00,1.0004,817031.23383
DAI,2022-06-13 13:00:00+00:00,1.0005,396149.09752
DAI,2022-06-13 14:00:00+00:00,1.0002,1093244.60429
DAI,2022-06-13 15:00:00+00:00,1.0004,649905.15391
DAI,2022-06-13 16:00:00+00:00,1.0006,1820516.00304
DAI,2022-06-13 17:00:00+00:00,1.0008,129135.43282
DAI,2022-06-13 18:00:00+00:00,1.0009,310162.80516
DAI,2022-06-13 19:00:00+00:00,1.0001,243983.33433
DAI,2022-06-13 20:00:00+00:00,1.0001,131850.34863
DAI,2022-06-13 21:00:00+00:00,0.9999,188221.58461
DAI,2022-06-13 22:00:00+00:00,1.0,139672.73271
DAI,2022-06-13 23:00:00+00:00,0.9999,201342.5028
DAI,2022-06-14 00:00:00+00:00,1.0003,311478.14
DAI,2022-06-14 01:00:00+00:00,1.0008,1234084.45919
DAI,2022-06-14 02:00:00+00:00,1.0003,421728.39227
DAI,2022-06-14 03:00:00+00:00,1.0004,404750.42384
DAI,2022-06-14 04:00:00+00:00,1.0003,261043.48288
DAI,2022-06-14 05:00:00+00:00,1.0001,168017.67379
DAI,2022-06-14 06:00:00+00:00,1.0001,64016.48346
DAI,2022-06-14 07:00:00+00:00,1.0002,66016.29155
DAI,2022-06-14 08:00:00+00:00,1.0002,55676.00202
DAI,2022-06-14 09:00:00+00:00,0.9999,200070.95836
DAI,2022-06-14 10:00:00+00:00,0.9999,112415.76039
DAI,2022-06-14 11:00:00+00:00,1.0,50816.62908
DAI,2022-06-14 12:00:00+00:00,1.0,145678.87634
DAI,2022-06-14 13:00:00+00:00,1.0,70345.06382
DAI,2022-06-14 14:00:00+00:00,1.0,100376.93316
DAI,2022-06-14 15:00:00+00:00,1.0,117335.6525
DAI,2022-06-14 16:00:00+00:00,0.9999,106081.29018
DAI,2022-06-14 17:00:00+00:00,0.9998,89413.54769
DAI,2022-06-14 18:00:00+00:00,0.9997,160471.55089
DAI,2022-06-14 19:00:00+00:00,0.9998,201007.92773
DAI,2022-06-14 20:00:00+00:00,0.9997,91611.60294
DAI,2022-06-14 21:00:00+00:00,0.9997,146719.74255
DAI,2022-06-14 22:00:00+00:00,0.9999,213717.52796
DAI,2022-06-14 23:00:00+00:00,0.9998,326575.6776
DAI,2022-06-15 00:00:00+00:00,0.9997,77268.32959
DAI,2022-06-15 01:00:00+00:00,0.9996,140493.8235
DAI,2022-06-15 02:00:00+00:00,0.9997,162103.59579
DAI,2022-06-15 03:00:00+00:00,0.9998,67717.48329
DAI,2022-06-15 04:00:00+00:00,0.9996,192435.51213
DAI,2022-06-15 05:00:00+00:00,0.9997,182909.79954
DAI,2022-06-15 06:00:00+00:00,0.9999,142605.99313
DAI,2022-06-15 07:00:00+00:00,1.0,385610.14125
DAI,2022-06-15 08:00:00+00:00,1.0,189821.33611
DAI,2022-06-15 09:00:00+00:00,1.0,259438.35971
DAI,2022-06-15 10:00:00+00:00,1.0,219797.32264
DAI,2022-06-15 11:00:00+00:00,0.9998,166874.82511
DAI,2022-06-15 12:00:00+00:00,0.9996,350497.15032
DAI,2022-06-15 13:00:00+00:00,0.9997,401121.8334
DAI,2022-06-15 14:00:00+00:00,0.9998,95805.31217
DAI,2022-06-15 15:00:00+00:00,0.9998,162292.84565
DAI,2022-06-15 16:00:00+00:00,0.9997,173306.83377
DAI,2022-06-15 17:00:00+00:00,0.9996,410880.23448
DAI,2022-06-15 18:00:00+00:00,0.9996,193094.64866
DAI,2022-06-15 19:00:00+00:00,0.9997,139976.73988
DAI,2022-06-15 20:00:00+00:00,0.9997,85633.73495
DAI,2022-06-15 21:00:00+00:00,0.9997,184737.40495
DAI,2022-06-15 22:00:00+00:00,0.9997,248976.61262
DAI,2022-06-15 23:00:00+00:00,0.9997,136637.02684
DAI,2022-06-16 00:00:00+00:00,0.9997,120413.18305
DAI,2022-06-16 01:00:00+00:00,0.9998,212848.07896
DAI,2022-06-16 02:00:00+00:00,0.9997,86216.96779
DAI,2022-06-16 03:00:00+00:00,0.9997,75484.67379
DAI,2022-06-16 04:00:00+00:00,0.9998,67189.46311
DAI,2022-06-16 05:00:00+00:00,0.9997,167603.76193
DAI,2022-06-16 06:00:00+00:00,0.9997,94222.14963
DAI,2022-06-16 07:00:00+00:00,0.9997,72851.16883
DAI,2022-06-16 08:00:00+00:00,0.9997,52174.82154
DAI,2022-06-16 09:00:00+00:00,0.9997,63946.88609
DAI,2022-06-16 10:00:00+00:00,0.9996,78395.44157
DAI,2022-06-16 11:00:00+00:00,0.9997,149711.47227
DAI,2022-06-16 12:00:00+00:00,0.9998,42406.80386
DAI,2022-06-16 13:00:00+00:00,0.9997,48793.19934
DAI,2022-06-16 14:00:00+00:00,0.9997,470170.55574
DAI,2022-06-16 15:00:00+00:00,0.9998,546935.21274
DAI,2022-06-16 16:00:00+00:00,0.9999,63066.08622
DAI,2022-06-16 17:00:00+00:00,0.9998,71600.01511
DAI,2022-06-16 18:00:00+00:00,0.9998,87078.95094
DAI,2022-06-16 19:00:00+00:00,0.9998,127562.62121
DAI,2022-06-16 20:00:00+00:00,0.9999,262956.82224
DAI,2022-06-16 21:00:00+00:00,0.9999,158364.44038
DAI,2022-06-16 22:00:00+00:00,0.9999,136716.60293
DAI,2022-06-16 23:00:00+00:00,1.0,605584.3378
DAI,2022-06-17 00:00:00+00:00,1.0,101298.8505
DAI,2022-06-17 01:00:00+00:00,1.0,183695.11868
DAI,2022-06-17 02:00:00+00:00,0.9999,38361.79527
DAI,2022-06-17 03:00:00+00:00,1.0,32492.83453
DAI,2022-06-17 04:00:00+00:00,0.9998,125609.56424
DAI,2022-06-17 05:00:00+00:00,0.9998,47243.58196
DAI,2022-06-17 06:00:00+00:00,0.9998,60682.9171
DAI,2022-06-17 07:00:00+00:00,1.0,252015.08123
DAI,2022-06-17 08:00:00+00:00,0.9999,14472.07383
DAI,2022-06-17 09:00:00+00:00,1.0,96277.1109
DAI,2022-06-17 10:00:00+00:00,1.0,76882.82779
DAI,2022-06-17 11:00:00+00:00,0.9999,55090.99045
DAI,2022-06-17 12:00:00+00:00,0.9999,39280.78164
DAI,2022-06-17 13:00:00+00:00,1.0,107730.38275
DAI,2022-06-17 14:00:00+00:00,0.9999,34915.40656
DAI,2022-06-17 15:00:00+00:00,1.0,97739.8506
DAI,2022-06-17 16:00:00+00:00,1.0,222597.8436
DAI,2022-06-17 17:00:00+00:00,1.0,106349.7009
DAI,2022-06-17 18:00:00+00:00,1.0,140432.92122
DAI,2022-06-17 19:00:00+00:00,1.0001,182961.71691
DAI,2022-06-17 20:00:00+00:00,1.0,39001.16607
DAI,2022-06-17 21:00:00+00:00,0.9999,101864.83536
DAI,2022-06-17 22:00:00+00:00,0.9997,130954.38694
DAI,2022-06-17 23:00:00+00:00,0.9997,44245.88016
DAI,2022-06-18 00:00:00+00:00,0.9998,82196.49292
DAI,2022-06-18 01:00:00+00:00,0.9998,173131.55544
DAI,2022-06-18 02:00:00+00:00,0.9998,31391.31185
DAI,2022-06-18 03:00:00+00:00,0.9998,56582.37178
DAI,2022-06-18 04:00:00+00:00,0.9998,26733.2614
DAI,2022-06-18 05:00:00+00:00,0.9998,24041.6861
DAI,2022-06-18 06:00:00+00:00,0.9998,20182.44634
DAI,2022-06-18 07:00:00+00:00,0.9997,204724.97149
DAI,2022-06-18 08:00:00+00:00,1.0001,244196.88136
DAI,2022-06-18 09:00:00+00:00,1.0,253086.90344
DAI,2022-06-18 10:00:00+00:00,1.0,65178.53708
DAI,2022-06-18 11:00:00+00:00,0.9999,150477.52099
DAI,2022-06-18 12:00:00+00:00,1.0,249829.85213
DAI,2022-06-18 13:00:00+00:00,0.9999,527917.33538
DAI,2022-06-18 14:00:00+00:00,1.0,166440.85954
DAI,2022-06-18 15:00:00+00:00,1.0,225442.74153
DAI,2022-06-18 16:00:00+00:00,0.9999,133554.49567
DAI,2022-06-18 17:00:00+00:00,1.0001,373702.5823
DAI,2022-06-18 18:00:00+00:00,1.0002,230418.33729
DAI,2022-06-18 19:00:00+00:00,1.0001,300834.93495
DAI,2022-06-18 20:00:00+00:00,1.0,454362.8699
DAI,2022-06-18 21:00:00+00:00,0.9999,487139.26049
DAI,2022-06-18 22:00:00+00:00,0.9999,240802.71577
DAI,2022-06-18 23:00:00+00:00,0.9998,90390.76884
DAI,2022-06-19 00:00:00+00:00,0.9996,286252.73035
DAI,2022-06-19 01:00:00+00:00,0.9997,161595.83383
DAI,2022-06-19 02:00:00+00:00,0.9997,30691.7012
DAI,2022-06-19 03:00:00+00:00,0.9999,71953.40104
DAI,2022-06-19 04:00:00+00:00,1.0,86199.65707
DAI,2022-06-19 05:00:00+00:00,1.0,591822.84485
DAI,2022-06-19 06:00:00+00:00,1.0001,77634.31537
DAI,2022-06-19 07:00:00+00:00,1.0001,33437.49285
DAI,2022-06-19 08:00:00+00:00,1.0001,86747.6393
DAI,2022-06-19 09:00:00+00:00,1.0001,43888.09451
DAI,2022-06-19 10:00:00+00:00,0.9997,158236.44886
DAI,2022-06-19 11:00:00+00:00,0.9998,196370.60346
DAI,2022-06-19 12:00:00+00:00,0.9998,122946.07694
DAI,2022-06-19 13:00:00+00:00,0.9996,75139.23042
DAI,2022-06-19 14:00:00+00:00,0.9998,125683.75949
DAI,2022-06-19 15:00:00+00:00,0.9998,61919.95938
DAI,2022-06-19 16:00:00+00:00,0.9996,26310.05512
DAI,2022-06-19 17:00:00+00:00,0.9998,127078.02896
DAI,2022-06-19 18:00:00+00:00,0.9998,89790.21045
DAI,2022-06-19 19:00:00+00:00,0.9997,152807.98251
DAI,2022-06-19 20:00:00+00:00,0.9998,197386.67111
DAI,2022-06-19 21:00:00+00:00,0.9997,323776.27362
DAI,2022-06-19 22:00:00+00:00,0.9998,213069.98215
DAI,2022-06-19 23:00:00+00:00,0.9997,139793.55146
DAI,2022-06-20 00:00:00+00:00,0.9998,96269.90341
DAI,2022-06-20 01:00:00+00:00,0.9998,96912.63084
DAI,2022-06-20 02:00:00+00:00,0.9997,56137.99962
DAI,2022-06-20 03:00:00+00:00,0.9998,38854.28522
DAI,2022-06-20 04:00:00+00:00,0.9997,59459.51278
DAI,2022-06-20 05:00:00+00:00,0.9997,26275.02778
DAI,2022-06-20 06:00:00+00:00,0.9997,89370.27861
DAI,2022-06-20 07:00:00+00:00,0.9997,18562.24766
DAI,2022-06-20 08:00:00+00:00,0.9998,42667.45793
DAI,2022-06-20 09:00:00+00:00,0.9999,140656.93843
DAI,2022-06-20 10:00:00+00:00,0.9999,100929.0449
DAI,2022-06-20 11:00:00+00:00,0.9999,74735.20622
DAI,2022-06-20 12:00:00+00:00,0.9999,33176.688
DAI,2022-06-20 13:00:00+00:00,0.9998,59516.71234
DAI,2022-06-20 14:00:00+00:00,0.9998,98926.64299
DAI,2022-06-20 15:00:00+00:00,0.9998,79466.33704
DAI,2022-06-20 16:00:00+00:00,0.9999,64359.07396
DAI,2022-06-20 17:00:00+00:00,0.9997,173965.13852
DAI,2022-06-20 18:00:00+00:00,0.9994,172317.19746
DAI,2022-06-20 19:00:00+00:00,0.9998,357945.16439
DAI,2022-06-20 20:00:00+00:00,0.9998,75264.5196
DAI,2022-06-20 21:00:00+00:00,0.9998,103393.24561
DAI,2022-06-20 22:00:00+00:00,0.9999,108927.59073
DAI,2022-06-20 23:00:00+00:00,0.9999,25946.39169
DAI,2022-06-21 00:00:00+00:00,0.9999,22401.85334
DAI,2022-06-21 01:00:00+00:00,0.9998,44853.4178
DAI,2022-06-21 02:00:00+00:00,0.9998,34201.21343
DAI,2022-06-21 03:00:00+00:00,0.9998,58107.96818
DAI,2022-06-21 04:00:00+00:00,0.9999,24563.684
DAI,2022-06-21 05:00:00+00:00,0.9998,22779.5823
DAI,2022-06-21 06:00:00+00:00,0.9997,98310.34503
DAI,2022-06-21 07:00:00+00:00,0.9998,48275.99929
DAI,2022-06-21 08:00:00+00:00,0.9998,106229.81268
DAI,2022-06-21 09:00:00+00:00,0.9998,137227.02948
DAI,2022-06-21 10:00:00+00:00,0.9997,62360.31024
DAI,2022-06-21 11:00:00+00:00,0.9998,87076.67666
DAI,2022-06-21 12:00:00+00:00,0.9998,140477.21434
DAI,2022-06-21 13:00:00+00:00,0.9998,119938.38724
DAI,2022-06-21 14:00:00+00:00,0.9997,130556.58587
DAI,2022-06-21 15:00:00+00:00,0.9998,342815.53243
DAI,2022-06-21 16:00:00+00:00,0.9998,55736.90408
DAI,2022-06-21 17:00:00+00:00,0.9998,57755.31522
DAI,2022-06-21 18:00:00+00:00,0.9997,83352.93559
DAI,2022-06-21 19:00:00+00:00,0.9998,55647.38015
DAI,2022-06-21 20:00:00+00:00,0.9999,600245.3357
DAI,2022-06-21 21:00:00+00:00,1.0,41805.4583
DAI,2022-06-21 22:00:00+00:00,0.9999,59316.66665
DAI,2022-06-21 23:00:00+00:00,0.9999,53196.2179
DAI,2022-06-22 00:00:00+00:00,0.9999,126545.89819
DAI,2022-06-22 01:00:00+00:00,0.9999,30972.86789
DAI,2022-06-22 02:00:00+00:00,0.9999,118715.83728
DAI,2022-06-22 03:00:00+00:00,1.0,98645.47423
DAI,2022-06-22 04:00:00+00:00,0.9999,25340.97072
DAI,2022-06-22 05:00:00+00:00,0.9998,25396.40315
DAI,2022-06-22 06:00:00+00:00,0.9998,18408.37046
DAI,2022-06-22 07:00:00+00:00,0.9998,16620.04106
DAI,2022-06-22 08:00:00+00:00,0.9998,17841.80395
DAI,2022-06-22 09:00:00+00:00,0.9997,116292.02191
DAI,2022-06-22 10:00:00+00:00,0.9997,23393.75411
DAI,2022-06-22 11:00:00+00:00,0.9997,22427.04582
DAI,2022-06-22 12:00:00+00:00,0.9998,35675.5562
DAI,2022-06-22 13:00:00+00:00,0.9997,26535.7799
DAI,2022-06-22 14:00:00+00:00,0.9997,27023.09501
DAI,2022-06-22 15:00:00+00:00,0.9998,110101.12791
DAI,2022-06-22 16:00:00+00:00,0.9997,79191.22286
DAI,2022-06-22 17:00:00+00:00,0.9997,75463.62262
DAI,2022-06-22 18:00:00+00:00,0.9997,97949.17748
DAI,2022-06-22 19:00:00+00:00,0.9997,100480.07333
DAI,2022-06-22 20:00:00+00:00,0.9998,29644.64131
DAI,2022-06-22 21:00:00+00:00,0.9998,34516.43939
DAI,2022-06-22 22:00:00+00:00,0.9998,33755.98196
DAI,2022-06-22 23:00:00+00:00,0.9996,237350.34269
DAI,2022-06-23 00:00:00+00:00,0.9997,242821.51052
DAI,2022-06-23 01:00:00+00:00,0.9998,20292.73153
DAI,2022-06-23 02:00:00+00:00,0.9998,107348.46674
DAI,2022-06-23 03:00:00+00:00,0.9998,32839.71236
DAI,2022-06-23 04:00:00+00:00,0.9997,35831.19538
DAI,2022-06-23 05:00:00+00:00,0.9998,34221.12744
DAI,2022-06-23 06:00:00+00:00,0.9998,179338.70176
DAI,2022-06-23 07:00:00+00:00,0.9997,7579.6016
DAI,2022-06-23 08:00:00+00:00,0.9997,50193.49994
DAI,2022-06-23 09:00:00+00:00,0.9998,13158.92131
DAI,2022-06-23 10:00:00+00:00,0.9997,135269.91819
DAI,2022-06-23 11:00:00+00:00,0.9997,28237.75076
DAI,2022-06-23 12:00:00+00:00,0.9997,19279.10284
DAI,2022-06-23 13:00:00+00:00,0.9995,147230.33091
DAI,2022-06-23 14:00:00+00:00,0.9994,91534.1104
DAI,2022-06-23 15:00:00+00:00,0.9993,77635.05999
DAI,2022-06-23 16:00:00+00:00,0.9997,75505.67967
DAI,2022-06-23 17:00:00+00:00,0.9997,44819.02554
DAI,2022-06-23 18:00:00+00:00,0.9991,32279.41029
DAI,2022-06-23 19:00:00+00:00,0.9995,69489.70752
DAI,2022-06-23 20:00:00+00:00,0.9997,337709.25142
DAI,2022-06-23 21:00:00+00:00,0.9996,65944.48974
DAI,2022-06-23 22:00:00+00:00,0.9997,168837.29645
DAI,2022-06-23 23:00:00+00:00,0.9997,76047.96264
DAI,2022-06-24 00:00:00+00:00,0.9997,39456.31552
DAI,2022-06-24 01:00:00+00:00,0.9998,24527.66181
DAI,2022-06-24 02:00:00+00:00,0.9997,29115.31245
DAI,2022-06-24 03:00:00+00:00,0.9997,100964.00154
DAI,2022-06-24 04:00:00+00:00,0.9998,40217.99819
DAI,2022-06-24 05:00:00+00:00,0.9997,25270.35501
DAI,2022-06-24 06:00:00+00:00,0.9997,19063.21539
DAI,2022-06-24 07:00:00+00:00,0.9998,116443.88207
DAI,2022-06-24 08:00:00+00:00,0.9997,33863.0366
DAI,2022-06-24 09:00:00+00:00,0.9997,32013.90322
DAI,2022-06-24 10:00:00+00:00,0.9997,34819.66894
DAI,2022-06-24 11:00:00+00:00,0.9998,71559.53037
DAI,2022-06-24 12:00:00+00:00,0.9996,430819.17454
DAI,2022-06-24 13:00:00+00:00,0.9993,174128.3038
DAI,2022-06-24 14:00:00+00:00,0.9996,132234.23084
DAI,2022-06-24 15:00:00+00:00,0.9997,206067.6127
DAI,2022-06-24 16:00:00+00:00,0.9996,44214.75042
DAI,2022-06-24 17:00:00+00:00,0.9996,42125.07696
DAI,2022-06-24 18:00:00+00:00,0.9997,76026.6411
DAI,2022-06-24 19:00:00+00:00,0.9996,62341.83094
DAI,2022-06-24 20:00:00+00:00,0.9996,143434.54521
DAI,2022-06-24 21:00:00+00:00,0.9997,67141.74063
DAI,2022-06-24 22:00:00+00:00,0.9998,226003.62996
DAI,2022-06-24 23:00:00+00:00,0.9997,44679.74836
DAI,2022-06-25 00:00:00+00:00,0.9997,93095.6055
DAI,2022-06-25 01:00:00+00:00,0.9996,47319.62118
DAI,2022-06-25 02:00:00+00:00,0.9996,117931.86202
DAI,2022-06-25 03:00:00+00:00,0.9996,16662.13006
DAI,2022-06-25 04:00:00+00:00,0.9997,29940.0938
DAI,2022-06-25 05:00:00+00:00,0.9997,23937.46112
DAI,2022-06-25 06:00:00+00:00,0.9996,13283.28058
DAI,2022-06-25 07:00:00+00:00,0.9997,38137.22197
DAI,2022-06-25 08:00:00+00:00,0.9996,20803.72852
DAI,2022-06-25 09:00:00+00:00,0.9996,81395.85566
DAI,2022-06-25 10:00:00+00:00,0.9996,67556.95172
DAI,2022-06-25 11:00:00+00:00,0.9996,29215.43952
DAI,2022-06-25 12:00:00+00:00,0.9996,38823.49205
DAI,2022-06-25 13:00:00+00:00,0.9997,135788.63225
DAI,2022-06-25 14:00:00+00:00,0.9997,22716.18739
DAI,2022-06-25 15:00:00+00:00,0.9997,17636.46471
DAI,2022-06-25 16:00:00+00:00,0.9996,57982.49659
DAI,2022-06-25 17:00:00+00:00,0.9997,32648.36713
DAI,2022-06-25 18:00:00+00:00,0.9997,82456.99043
DAI,2022-06-25 19:00:00+00:00,0.9997,36056.06046
DAI,2022-06-25 20:00:00+00:00,0.9996,31036.65034
DAI,2022-06-25 21:00:00+00:00,0.9996,62295.73243
DAI,2022-06-25 22:00:00+00:00,0.9997,77400.68881
DAI,2022-06-25 23:00:00+00:00,0.9996,25873.38125
DAI,2022-06-26 00:00:00+00:00,0.9996,39701.28972
DAI,2022-06-26 01:00:00+00:00,0.9996,44159.92428
DAI,2022-06-26 02:00:00+00:00,0.9997,12545.17665
DAI,2022-06-26 03:00:00+00:00,0.9996,24204.40363
DAI,2022-06-26 04:00:00+00:00,0.9996,19239.3724
DAI,2022-06-26 05:00:00+00:00,0.9996,12047.79777
DAI,2022-06-26 06:00:00+00:00,0.9997,13281.29492
DAI,2022-06-26 07:00:00+00:00,0.9997,19211.47702
DAI,2022-06-26 08:00:00+00:00,0.9996,135363.41876
DAI,2022-06-26 09:00:00+00:00,0.9997,187804.14238
DAI,2022-06-26 10:00:00+00:00,0.9998,34658.59578
DAI,2022-06-26 11:00:00+00:00,0.9997,59354.95448
DAI,2022-06-26 12:00:00+00:00,0.9997,297299.43897
DAI,2022-06-26 13:00:00+00:00,0.9992,175039.58476
DAI,2022-06-26 14:00:00+00:00,0.9996,149889.51749
DAI,2022-06-26 15:00:00+00:00,0.9997,66469.06032
DAI,2022-06-26 16:00:00+00:00,0.9997,39023.52809
DAI,2022-06-26 17:00:00+00:00,0.9997,195107.83239
DAI,2022-06-26 18:00:00+00:00,0.9996,104565.07292
DAI,2022-06-26 19:00:00+00:00,0.9996,42935.83778
DAI,2022-06-26 20:00:00+00:00,0.9996,95745.42587
DAI,2022-06-26 21:00:00+00:00,0.9998,18820.17709
DAI,2022-06-26 22:00:00+00:00,0.9997,132737.78059
DAI,2022-06-26 23:00:00+00:00,0.9998,48761.96021
DAI,2022-06-27 00:00:00+00:00,0.9999,111211.53045
DAI,2022-06-27 01:00:00+00:00,0.9998,46437.10588
DAI,2022-06-27 02:00:00+00:00,0.9999,129378.42154
DAI,2022-06-27 03:00:00+00:00,0.9998,29698.01011
DAI,2022-06-27 04:00:00+00:00,0.9999,27615.20224
DAI,2022-06-27 05:00:00+00:00,0.9998,20265.28133
DAI,2022-06-27 06:00:00+00:00,0.9998,36122.21894
DAI,2022-06-27 07:00:00+00:00,0.9998,7425.34651
DAI,2022-06-27 08:00:00+00:00,0.9998,7068.62429
DAI,2022-06-27 09:00:00+00:00,0.9999,41288.77651
DAI,2022-06-27 10:00:00+00:00,0.9997,35511.92179
DAI,2022-06-27 11:00:00+00:00,0.9994,291839.93733
DAI,2022-06-27 12:00:00+00:00,0.9995,90087.26476
DAI,2022-06-27 13:00:00+00:00,0.9993,140653.65071
DAI,2022-06-27 14:00:00+00:00,0.9995,127012.81572
DAI,2022-06-27 15:00:00+00:00,0.9995,85470.23641
DAI,2022-06-27 16:00:00+00:00,0.9996,25950.32869
DAI,2022-06-27 17:00:00+00:00,0.9994,52612.96399
DAI,2022-06-27 18:00:00+00:00,0.9994,68309.35195
DAI,2022-06-27 19:00:00+00:00,0.9993,48569.20956
DAI,2022-06-27 20:00:00+00:00,0.9994,75196.72703
DAI,2022-06-27 21:00:00+00:00,0.9994,99404.08454
DAI,2022-06-27 22:00:00+00:00,0.9994,50491.69354
DAI,2022-06-27 23:00:00+00:00,0.9994,72517.11285
DAI,2022-06-28 00:00:00+00:00,0.9995,88418.93903
DAI,2022-06-28 01:00:00+00:00,0.9995,47284.78575
DAI,2022-06-28 02:00:00+00:00,0.9994,56859.13991
DAI,2022-06-28 03:00:00+00:00,0.9994,28046.54925
DAI,2022-06-28 04:00:00+00:00,0.9995,87995.19813
DAI,2022-06-28 05:00:00+00:00,0.9995,489236.02906
DAI,2022-06-28 06:00:00+00:00,0.9996,22387.00613
DAI,2022-06-28 07:00:00+00:00,0.9995,73907.15081
DAI,2022-06-28 08:00:00+00:00,0.9996,14491.75848
DAI,2022-06-28 09:00:00+00:00,0.9995,28107.74963
DAI,2022-06-28 10:00:00+00:00,0.9995,26656.90843
DAI,2022-06-28 11:00:00+00:00,0.9999,773005.89374
DAI,2022-06-28 12:00:00+00:00,1.0004,1367247.05475
DAI,2022-06-28 13:00:00+00:00,1.0002,140453.79566
DAI,2022-06-28 14:00:00+00:00,1.0002,449281.46405
DAI,2022-06-28 15:00:00+00:00,1.0003,167464.26326
DAI,2022-06-28 16:00:00+00:00,1.0003,336257.54095
DAI,2022-06-28 17:00:00+00:00,1.0,497733.3712
DAI,2022-06-28 18:00:00+00:00,1.0002,164915.479
DAI,2022-06-28 19:00:00+00:00,1.0002,50005.76818
DAI,2022-06-28 20:00:00+00:00,1.0001,60346.63705
DAI,2022-06-28 21:00:00+00:00,1.0001,57562.63409
DAI,2022-06-28 22:00:00+00:00,1.0001,234917.33399
DAI,2022-06-28 23:00:00+00:00,1.0001,29463.95969
DAI,2022-06-29 00:00:00+00:00,1.0004,100854.57342
DAI,2022-06-29 01:00:00+00:00,1.0004,26182.59768
DAI,2022-06-29 02:00:00+00:00,1.0004,37712.29756
DAI,2022-06-29 03:00:00+00:00,1.0004,28162.47255
DAI,2022-06-29 04:00:00+00:00,1.0004,21042.39673
DAI,2022-06-29 05:00:00+00:00,1.0001,36998.44767
DAI,2022-06-29 06:00:00+00:00,1.0002,37249.7636
DAI,2022-06-29 07:00:00+00:00,1.0003,97035.35429
DAI,2022-06-29 08:00:00+00:00,1.0002,17725.65132
DAI,2022-06-29 09:00:00+00:00,1.0003,48622.92021
DAI,2022-06-29 10:00:00+00:00,1.0002,37450.45269
DAI,2022-06-29 11:00:00+00:00,1.0002,24147.90042
DAI,2022-06-29 12:00:00+00:00,1.0002,84362.94727
DAI,2022-06-29 13:00:00+00:00,1.0002,74452.31966
DAI,2022-06-29 14:00:00+00:00,1.0003,45404.3252
DAI,2022-06-29 15:00:00+00:00,0.9999,128641.96701
DAI,2022-06-29 16:00:00+00:00,0.9998,195857.00894
DAI,2022-06-29 17:00:00+00:00,0.9997,128634.21627
DAI,2022-06-29 18:00:00+00:00,0.9996,132912.09625
DAI,2022-06-29 19:00:00+00:00,0.9997,219765.78922
DAI,2022-06-29 20:00:00+00:00,0.9997,33156.80601
DAI,2022-06-29 21:00:00+00:00,0.9997,53087.01701
DAI,2022-06-29 22:00:00+00:00,0.9998,105630.87924
DAI,2022-06-29 23:00:00+00:00,0.9997,67569.22628
DAI,2022-06-30 00:00:00+00:00,0.9997,33574.39318
DAI,2022-06-30 01:00:00+00:00,0.9998,17656.1657
DAI,2022-06-30 02:00:00+00:00,0.9998,65858.59271
DAI,2022-06-30 03:00:00+00:00,0.9997,26584.65492
DAI,2022-06-30 04:00:00+00:00,0.9997,18560.72789
DAI,2022-06-30 05:00:00+00:00,0.9997,99259.01911
DAI,2022-06-30 06:00:00+00:00,0.9998,91267.39161
DAI,2022-06-30 07:00:00+00:00,0.9997,129914.0001
DAI,2022-06-30 08:00:00+00:00,0.9997,104967.05183
DAI,2022-06-30 09:00:00+00:00,0.9997,60153.71403
DAI,2022-06-30 10:00:00+00:00,0.9998,132044.18561
DAI,2022-06-30 11:00:00+00:00,0.9997,48791.65302
DAI,2022-06-30 12:00:00+00:00,0.9998,83606.83813
DAI,2022-06-30 13:00:00+00:00,0.9997,66752.12374
DAI,2022-06-30 14:00:00+00:00,0.9997,55709.81234
DAI,2022-06-30 15:00:00+00:00,0.9998,43980.51328
DAI,2022-06-30 16:00:00+00:00,0.9998,71043.83823
DAI,2022-06-30 17:00:00+00:00,0.9997,44894.46957
DAI,2022-06-30 18:00:00+00:00,0.9997,92901.10059
DAI,2022-06-30 19:00:00+00:00,0.9998,55553.53626
DAI,2022-06-30 20:00:00+00:00,0.9997,62999.44693
DAI,2022-06-30 21:00:00+00:00,0.9997,60232.76566
DAI,2022-06-30 22:00:00+00:00,0.999,947820.88438
DAI,2022-06-30 23:00:00+00:00,0.9995,168208.17849
USDT,2022-04-01 00:00:00+00:00,1.0003,3240955.04
USDT,2022-04-01 01:00:00+00:00,1.0004,2363411.03
USDT,2022-04-01 02:00:00+00:00,1.0003,3764251.8
USDT,2022-04-01 03:00:00+00:00,1.0003,2901438.51
USDT,2022-04-01 04:00:00+00:00,1.0003,2290850.94
USDT,2022-04-01 05:00:00+00:00,1.0004,1621905.66
USDT,2022-04-01 06:00:00+00:00,1.0004,5007465.15
USDT,2022-04-01 07:00:00+00:00,1.0004,1488562.94
USDT,2022-04-01 08:00:00+00:00,1.0004,1372439.06
USDT,2022-04-01 09:00:00+00:00,1.0004,1356228.31
USDT,2022-04-01 10:00:00+00:00,1.0004,1446669.05
USDT,2022-04-01 11:00:00+00:00,1.0004,1850655.25
USDT,2022-04-01 12:00:00+00:00,1.0004,2571554.12
USDT,2022-04-01 13:00:00+00:00,1.0006,5359526.82
USDT,2022-04-01 14:00:00+00:00,1.0006,4932932.62
USDT,2022-04-01 15:00:00+00:00,1.0004,4035401.51
USDT,2022-04-01 16:00:00+00:00,1.0003,10783121.09
USDT,2022-04-01 17:00:00+00:00,1.0003,3294919.93
USDT,2022-04-01 18:00:00+00:00,1.0003,2632008.17
USDT,2022-04-01 19:00:00+00:00,1.0004,2742133.82
USDT,2022-04-01 20:00:00+00:00,1.0003,2870820.28
USDT,2022-04-01 21:00:00+00:00,1.0003,2055533.97
USDT,2022-04-01 22:00:00+00:00,1.0002,2402304.96
USDT,2022-04-01 23:00:00+00:00,1.0004,1870291.19
USDT,2022-04-02 00:00:00+00:00,1.0004,3591549.32
USDT,2022-04-02 01:00:00+00:00,1.0004,2768617.85
USDT,2022-04-02 02:00:00+00:00,1.0004,1895142.62
USDT,2022-04-02 03:00:00+00:00,1.0003,1538072.06
USDT,2022-04-02 04:00:00+00:00,1.0004,1111160.34
USDT,2022-04-02 05:00:00+00:00,1.0004,1202183.37
USDT,2022-04-02 06:00:00+00:00,1.0003,1212267.8
USDT,2022-04-02 07:00:00+00:00,1.0004,991110.89
USDT,2022-04-02 08:00:00+00:00,1.0004,946493.52
USDT,2022-04-02 09:00:00+00:00,1.0004,1287620.02
USDT,2022-04-02 10:00:00+00:00,1.0004,1228985.91
USDT,2022-04-02 11:00:00+00:00,1.0004,1783140.35
USDT,2022-04-02 12:00:00+00:00,1.0003,3002408.49
USDT,2022-04-02 13:00:00+00:00,1.0002,2266563.87
USDT,2022-04-02 14:00:00+00:00,1.0003,2668405.83
USDT,2022-04-02 15:00:00+00:00,1.0004,4989227.81
USDT,2022-04-02 16:00:00+00:00,1.0004,1818834.51
USDT,2022-04-02 17:00:00+00:00,1.0004,1657756.02
USDT,2022-04-02 18:00:00+00:00,1.0005,3746256.56
USDT,2022-04-02 19:00:00+00:00,1.0005,2350948.99
USDT,2022-04-02 20:00:00+00:00,1.0004,1835234.53
USDT,2022-04-02 21:00:00+00:00,1.0004,1585740.17
USDT,2022-04-02 22:00:00+00:00,1.0004,1335203.57
USDT,2022-04-02 23:00:00+00:00,1.0003,1943587.46
USDT,2022-04-03 00:00:00+00:00,1.0003,1563509.29
USDT,2022-04-03 01:00:00+00:00,1.0004,2146772.97
USDT,2022-04-03 02:00:00+00:00,1.0004,1058664.08
USDT,2022-04-03 03:00:00+00:00,1.0004,3154019.39
USDT,2022-04-03 04:00:00+00:00,1.0004,2444152.76
USDT,2022-04-03 05:00:00+00:00,1.0003,1731327.88
USDT,2022-04-03 06:00:00+00:00,1.0003,1439079.32
USDT,2022-04-03 07:00:00+00:00,1.0003,1205912.48
USDT,2022-04-03 08:00:00+00:00,1.0004,1205069.41
USDT,2022-04-03 09:00:00+00:00,1.0004,1047511.29
USDT,2022-04-03 10:00:00+00:00,1.0004,906349.37
USDT,2022-04-03 11:00:00+00:00,1.0003,1445760.01
USDT,2022-04-03 12:00:00+00:00,1.0003,1424609.99
USDT,2022-04-03 13:00:00+00:00,1.0003,1507906.85
USDT,2022-04-03 14:00:00+00:00,1.0003,1750062.0
USDT,2022-04-03 15:00:00+00:00,1.0003,1747360.26
USDT,2022-04-03 16:00:00+00:00,1.0002,2419253.6
USDT,2022-04-03 17:00:00+00:00,1.0003,1968035.37
USDT,2022-04-03 18:00:00+00:00,1.0003,1546306.2
USDT,2022-04-03 19:00:00+00:00,1.0005,3522165.66
USDT,2022-04-03 20:00:00+00:00,1.0004,2877858.77
USDT,2022-04-03 21:00:00+00:00,1.0004,1811116.28
USDT,2022-04-03 22:00:00+00:00,1.0003,2272520.6
USDT,2022-04-03 23:00:00+00:00,1.0003,2164355.88
USDT,2022-04-04 00:00:00+00:00,1.0004,4357993.69
USDT,2022-04-04 01:00:00+00:00,1.0002,2997467.5
USDT,2022-04-04 02:00:00+00:00,1.0002,1589307.64
USDT,2022-04-04 03:00:00+00:00,1.0002,2439006.64
USDT,2022-04-04 04:00:00+00:00,1.0002,1088281.74
USDT,2022-04-04 05:00:00+00:00,1.0002,994897.75
USDT,2022-04-04 06:00:00+00:00,1.0002,846073.38
USDT,2022-04-04 07:00:00+00:00,1.0003,837158.86
USDT,2022-04-04 08:00:00+00:00,1.0,4889932.98
USDT,2022-04-04 09:00:00+00:00,1.0002,2108732.71
USDT,2022-04-04 10:00:00+00:00,1.0003,1759509.0
USDT,2022-04-04 11:00:00+00:00,1.0002,5960577.53
USDT,2022-04-04 12:00:00+00:00,1.0003,1521797.47
USDT,2022-04-04 13:00:00+00:00,1.0003,1628849.52
USDT,2022-04-04 14:00:00+00:00,1.0002,2608868.69
USDT,2022-04-04 15:00:00+00:00,1.0003,3992635.67
USDT,2022-04-04 16:00:00+00:00,1.0003,3035780.34
USDT,2022-04-04 17:00:00+00:00,1.0002,6998871.86
USDT,2022-04-04 18:00:00+00:00,1.0002,3825598.63
USDT,2022-04-04 19:00:00+00:00,1.0002,3271590.68
USDT,2022-04-04 20:00:00+00:00,1.0002,5365185.93
USDT,2022-04-04 21:00:00+00:00,1.0002,2097213.76
USDT,2022-04-04 22:00:00+00:00,1.0002,2085052.1
USDT,2022-04-04 23:00:00+00:00,1.0002,4216174.67
USDT,2022-04-05 00:00:00+00:00,1.0002,1818874.61
USDT,2022-04-05 01:00:00+00:00,1.0002,1807369.3
USDT,2022-04-05 02:00:00+00:00,1.0002,3956731.15
USDT,2022-04-05 03:00:00+00:00,1.0003,1874543.63
USDT,2022-04-05 04:00:00+00:00,1.0003,2170816.25
USDT,2022-04-05 05:00:00+00:00,1.0003,1662652.8
USDT,2022-04-05 06:00:00+00:00,1.0002,1186766.92
USDT,2022-04-05 07:00:00+00:00,1.0003,1086481.18
USDT,2022-04-05 08:00:00+00:00,1.0003,1366646.99
USDT,2022-04-05 09:00:00+00:00,1.0003,1385783.89
USDT,2022-04-05 10:00:00+00:00,1.0002,1594764.17
USDT,2022-04-05 11:00:00+00:00,1.0001,3236397.78
USDT,2022-04-05 12:00:00+00:00,1.0001,2219951.59
USDT,2022-04-05 13:00:00+00:00,1.0002,3278286.26
USDT,2022-04-05 14:00:00+00:00,1.0001,6132015.43
USDT,2022-04-05 15:00:00+00:00,1.0001,2367211.41
USDT,2022-04-05 16:00:00+00:00,1.0001,4932625.49
USDT,2022-04-05 17:00:00+00:00,1.0001,4025873.13
USDT,2022-04-05 18:00:00+00:00,1.0001,5502924.14
USDT,2022-04-05 19:00:00+00:00,1.0001,2881781.17
USDT,2022-04-05 20:00:00+00:00,1.0001,2572195.26
USDT,2022-04-05 21:00:00+00:00,1.0002,2323498.66
USDT,2022-04-05 22:00:00+00:00,1.0002,2042474.36
USDT,2022-04-05 23:00:00+00:00,1.0002,1709302.6
USDT,2022-04-06 00:00:00+00:00,1.0001,6721502.07
USDT,2022-04-06 01:00:00+00:00,1.0002,2299175.41
USDT,2022-04-06 02:00:00+00:00,1.0002,1845574.22
USDT,2022-04-06 03:00:00+00:00,1.0001,2527905.78
USDT,2022-04-06 04:00:00+00:00,1.0002,1560648.76
USDT,2022-04-06 05:00:00+00:00,1.0002,1674767.7
USDT,2022-04-06 06:00:00+00:00,1.0002,1529912.59
USDT,2022-04-06 07:00:00+00:00,1.0002,2308739.25
USDT,2022-04-06 08:00:00+00:00,1.0002,2216289.8
USDT,2022-04-06 09:00:00+00:00,1.0001,1333790.73
USDT,2022-04-06 10:00:00+00:00,1.0002,1444205.49
USDT,2022-04-06 11:00:00+00:00,1.0002,2866150.02
USDT,2022-04-06 12:00:00+00:00,1.0002,1930006.5
USDT,2022-04-06 13:00:00+00:00,1.0002,4595477.54
USDT,2022-04-06 14:00:00+00:00,1.0002,4273780.62
USDT,2022-04-06 15:00:00+00:00,1.0,4860858.14
USDT,2022-04-06 16:00:00+00:00,1.0,4630402.52
USDT,2022-04-06 17:00:00+00:00,1.0,4477871.25
USDT,2022-04-06 18:00:00+00:00,1.0,6890865.67
USDT,2022-04-06 19:00:00+00:00,1.0001,3444354.86
USDT,2022-04-06 20:00:00+00:00,1.0,2541773.14
USDT,2022-04-06 21:00:00+00:00,1.0001,2071300.52
USDT,2022-04-06 22:00:00+00:00,1.0001,1843627.39
USDT,2022-04-06 23:00:00+00:00,1.0,2629167.29
USDT,2022-04-07 00:00:00+00:00,1.0,3792712.69
USDT,2022-04-07 01:00:00+00:00,1.0001,3247640.86
USDT,2022-04-07 02:00:00+00:00,1.0001,2374434.84
USDT,2022-04-07 03:00:00+00:00,1.0,1852794.18
USDT,2022-04-07 04:00:00+00:00,1.0,1351001.27
USDT,2022-04-07 05:00:00+00:00,1.0001,1315597.72
USDT,2022-04-07 06:00:00+00:00,1.0,1545568.8
USDT,2022-04-07 07:00:00+00:00,1.0,1412006.12
USDT,2022-04-07 08:00:00+00:00,1.0001,1873486.64
USDT,2022-04-07 09:00:00+00:00,1.0,1544908.87
USDT,2022-04-07 10:00:00+00:00,1.0,807337.25
USDT,2022-04-07 11:00:00+00:00,1.0001,1593394.36
USDT,2022-04-07 12:00:00+00:00,1.0,2385710.78
USDT,2022-04-07 13:00:00+00:00,1.0,2390077.41
USDT,2022-04-07 14:00:00+00:00,1.0,4318575.63
USDT,2022-04-07 15:00:00+00:00,0.9999,3719599.73
USDT,2022-04-07 16:00:00+00:00,1.0,2593413.64
USDT,2022-04-07 17:00:00+00:00,1.0,2729252.14
USDT,2022-04-07 18:00:00+00:00,1.0,2974720.55
USDT,2022-04-07 19:00:00+00:00,1.0001,2242458.67
USDT,2022-04-07 20:00:00+00:00,1.0001,2307914.45
USDT,2022-04-07 21:00:00+00:00,1.0,2887175.92
USDT,2022-04-07 22:00:00+00:00,1.0001,1497256.56
USDT,2022-04-07 23:00:00+00:00,1.0001,2310987.7
USDT,2022-04-08 00:00:00+00:00,1.0,1677718.79
USDT,2022-04-08 01:00:00+00:00,1.0001,2297552.2
USDT,2022-04-08 02:00:00+00:00,1.0001,1694224.58
USDT,2022-04-08 03:00:00+00:00,1.0001,1791871.27
USDT,2022-04-08 04:00:00+00:00,1.0,1755434.08
USDT,2022-04-08 05:00:00+00:00,1.0,762866.99
USDT,2022-04-08 06:00:00+00:00,1.0001,717416.43
USDT,2022-04-08 07:00:00+00:00,1.0001,8301774.42
USDT,2022-04-08 08:00:00+00:00,1.0001,936892.76
USDT,2022-04-08 09:00:00+00:00,1.0001,2005587.89
USDT,2022-04-08 10:00:00+00:00,1.0002,895214.14
USDT,2022-04-08 11:00:00+00:00,1.0001,1469186.76
USDT,2022-04-08 12:00:00+00:00,1.0001,1888258.43
USDT,2022-04-08 13:00:00+00:00,1.0002,2321238.2
USDT,2022-04-08 14:00:00+00:00,1.0001,2070686.02
USDT,2022-04-08 15:00:00+00:00,1.0002,2230748.12
USDT,2022-04-08 16:00:00+00:00,1.0001,2250884.31
USDT,2022-04-08 17:00:00+00:00,1.0002,2876539.22
USDT,2022-04-08 18:00:00+00:00,1.0001,3510116.67
USDT,2022-04-08 19:00:00+00:00,1.0001,2472710.42
USDT,2022-04-08 20:00:00+00:00,1.0001,2277810.2
USDT,2022-04-08 21:00:00+00:00,1.0001,2094168.4
USDT,2022-04-08 22:00:00+00:00,1.0001,2093545.1
USDT,2022-04-08 23:00:00+00:00,1.0002,2446884.81
USDT,2022-04-09 00:00:00+00:00,1.0002,1470905.58
USDT,2022-04-09 01:00:00+00:00,1.0001,1779354.28
USDT,2022-04-09 02:00:00+00:00,1.0002,1359226.33
USDT,2022-04-09 03:00:00+00:00,1.0002,1641543.19
USDT,2022-04-09 04:00:00+00:00,1.0001,898875.77
USDT,2022-04-09 05:00:00+00:00,1.0001,1082908.34
USDT,2022-04-09 06:00:00+00:00,1.0001,728273.74
USDT,2022-04-09 07:00:00+00:00,1.0002,861395.37
USDT,2022-04-09 08:00:00+00:00,1.0001,1108269.54
USDT,2022-04-09 09:00:00+00:00,1.0001,542439.67
USDT,2022-04-09 10:00:00+00:00,1.0002,595582.5
USDT,2022-04-09 11:00:00+00:00,1.0001,1274986.71
USDT,2022-04-09 12:00:00+00:00,1.0001,1152125.05
USDT,2022-04-09 13:00:00+00:00,1.0001,1490019.05
USDT,2022-04-09 14:00:00+00:00,1.0001,1717699.15
USDT,2022-04-09 15:00:00+00:00,1.0001,2086488.11
USDT,2022-04-09 16:00:00+00:00,1.0001,1340871.1
USDT,2022-04-09 17:00:00+00:00,1.0002,1008237.73
USDT,2022-04-09 18:00:00+00:00,1.0002,1008128.31
USDT,2022-04-09 19:00:00+00:00,1.0002,1157650.53
USDT,2022-04-09 20:00:00+00:00,1.0002,1656081.84
USDT,2022-04-09 21:00:00+00:00,1.0002,902963.16
USDT,2022-04-09 22:00:00+00:00,1.0001,1601871.5
USDT,2022-04-09 23:00:00+00:00,1.0001,1504374.32
USDT,2022-04-10 00:00:00+00:00,1.0001,3004653.96
USDT,2022-04-10 01:00:00+00:00,1.0002,912874.17
USDT,2022-04-10 02:00:00+00:00,1.0002,839056.19
USDT,2022-04-10 03:00:00+00:00,1.0002,916753.48
USDT,2022-04-10 04:00:00+00:00,1.0002,1576827.82
USDT,2022-04-10 05:00:00+00:00,1.0001,892384.28
USDT,2022-04-10 06:00:00+00:00,1.0001,784943.87
USDT,2022-04-10 07:00:00+00:00,1.0001,554867.39
USDT,2022-04-10 08:00:00+00:00,1.0001,672127.71
USDT,2022-04-10 09:00:00+00:00,1.0002,777786.46
USDT,2022-04-10 10:00:00+00:00,1.0002,715430.17
USDT,2022-04-10 11:00:00+00:00,1.0001,1751010.98
USDT,2022-04-10 12:00:00+00:00,1.0001,3056633.54
USDT,2022-04-10 13:00:00+00:00,1.0001,713691.74
USDT,2022-04-10 14:00:00+00:00,1.0001,1893811.82
USDT,2022-04-10 15:00:00+00:00,1.0002,1251584.05
USDT,2022-04-10 16:00:00+00:00,1.0002,2685699.8
USDT,2022-04-10 17:00:00+00:00,1.0002,6644481.85
USDT,2022-04-10 18:00:00+00:00,1.0001,1818268.78
USDT,2022-04-10 19:00:00+00:00,1.0001,1122240.28
USDT,2022-04-10 20:00:00+00:00,1.0001,1487998.36
USDT,2022-04-10 21:00:00+00:00,1.0002,1939707.95
USDT,2022-04-10 22:00:00+00:00,1.0002,2153177.91
USDT,2022-04-10 23:00:00+00:00,1.0002,1850090.34
USDT,2022-04-11 00:00:00+00:00,1.0002,2430667.77
USDT,2022-04-11 01:00:00+00:00,1.0001,1214794.03
USDT,2022-04-11 02:00:00+00:00,1.0002,2661468.01
USDT,2022-04-11 03:00:00+00:00,1.0002,1474142.52
USDT,2022-04-11 04:00:00+00:00,1.0002,1173274.86
USDT,2022-04-11 05:00:00+00:00,1.0001,1171962.39
USDT,2022-04-11 06:00:00+00:00,1.0002,1128122.18
USDT,2022-04-11 07:00:00+00:00,1.0001,595723.7
USDT,2022-04-11 08:00:00+00:00,1.0002,1255711.37
USDT,2022-04-11 09:00:00+00:00,1.0002,2321066.63
USDT,2022-04-11 10:00:00+00:00,1.0001,2582730.33
USDT,2022-04-11 11:00:00+00:00,1.0001,9785993.88
USDT,2022-04-11 12:00:00+00:00,1.0001,2115503.93
USDT,2022-04-11 13:00:00+00:00,1.0001,2537223.5
USDT,2022-04-11 14:00:00+00:00,1.0,3021814.26
USDT,2022-04-11 15:00:00+00:00,1.0001,2314494.32
USDT,2022-04-11 16:00:00+00:00,1.0,4404858.94
USDT,2022-04-11 17:00:00+00:00,1.0001,2689658.13
USDT,2022-04-11 18:00:00+00:00,1.0,2931960.94
USDT,2022-04-11 19:00:00+00:00,1.0,3342125.33
USDT,2022-04-11 20:00:00+00:00,1.0001,8389950.91
USDT,2022-04-11 21:00:00+00:00,1.0001,3512057.0
USDT,2022-04-11 22:00:00+00:00,1.0001,2646360.66
USDT,2022-04-11 23:00:00+00:00,1.0001,1572870.51
USDT,2022-04-12 00:00:00+00:00,1.0002,2219696.17
USDT,2022-04-12 01:00:00+00:00,1.0001,1982691.68
USDT,2022-04-12 02:00:00+00:00,1.0002,2967792.97
USDT,2022-04-12 03:00:00+00:00,1.0002,1896101.58
USDT,2022-04-12 04:00:00+00:00,1.0002,2150410.95
USDT,2022-04-12 05:00:00+00:00,1.0002,1740388.08
USDT,2022-04-12 06:00:00+00:00,1.0002,2059226.7
USDT,2022-04-12 07:00:00+00:00,1.0002,1184169.7
USDT,2022-04-12 08:00:00+00:00,1.0002,1036217.85
USDT,2022-04-12 09:00:00+00:00,1.0002,1511665.05
USDT,2022-04-12 10:00:00+00:00,1.0002,1482756.41
USDT,2022-04-12 11:00:00+00:00,1.0001,3438989.84
USDT,2022-04-12 12:00:00+00:00,1.0002,4299454.16
USDT,2022-04-12 13:00:00+00:00,1.0001,9134873.5
USDT,2022-04-12 14:00:00+00:00,1.0001,3319710.54
USDT,2022-04-12 15:00:00+00:00,1.0002,3987805.19
USDT,2022-04-12 16:00:00+00:00,1.0002,2929940.53
USDT,2022-04-12 17:00:00+00:00,1.0002,4323676.74
USDT,2022-04-12 18:00:00+00:00,1.0001,3083298.97
USDT,2022-04-12 19:00:00+00:00,1.0001,4907576.31
USDT,2022-04-12 20:00:00+00:00,1.0002,2143422.39
USDT,2022-04-12 21:00:00+00:00,1.0001,2244043.44
USDT,2022-04-12 22:00:00+00:00,1.0002,2074365.7
USDT,2022-04-12 23:00:00+00:00,1.0002,2231991.45
USDT,2022-04-13 00:00:00+00:00,1.0001,2156216.08
USDT,2022-04-13 01:00:00+00:00,1.0001,2640213.77
USDT,2022-04-13 02:00:00+00:00,1.0001,1467775.94
USDT,2022-04-13 03:00:00+00:00,1.0001,1589849.83
USDT,2022-04-13 04:00:00+00:00,1.0002,1720036.24
USDT,2022-04-13 05:00:00+00:00,1.0002,2539962.92
USDT,2022-04-13 06:00:00+00:00,1.0,1072631.29
USDT,2022-04-13 07:00:00+00:00,1.0001,1658480.46
USDT,2022-04-13 08:00:00+00:00,1.0001,1788920.27
USDT,2022-04-13 09:00:00+00:00,1.0001,1528765.81
USDT,2022-04-13 10:00:00+00:00,1.0001,1408738.67
USDT,2022-04-13 11:00:00+00:00,1.0002,1124446.74
USDT,2022-04-13 12:00:00+00:00,1.0001,1269995.33
USDT,2022-04-13 13:00:00+00:00,1.0,3168469.26
USDT,2022-04-13 14:00:00+00:00,1.0001,4912947.31
USDT,2022-04-13 15:00:00+00:00,1.0002,3645161.45
USDT,2022-04-13 16:00:00+00:00,1.0001,3868838.86
USDT,2022-04-13 17:00:00+00:00,1.0,3333637.57
USDT,2022-04-13 18:00:00+00:00,1.0,2319408.07
USDT,2022-04-13 19:00:00+00:00,1.0001,2870678.03
USDT,2022-04-13 20:00:00+00:00,1.0001,2163198.47
USDT,2022-04-13 21:00:00+00:00,1.0001,2462714.7
USDT,2022-04-13 22:00:00+00:00,1.0001,2118261.44
USDT,2022-04-13 23:00:00+00:00,1.0001,1976266.75
USDT,2022-04-14 00:00:00+00:00,1.0001,1692617.02
USDT,2022-04-14 01:00:00+00:00,1.0001,1340842.21
USDT,2022-04-14 02:00:00+00:00,1.0001,1555193.14
USDT,2022-04-14 03:00:00+00:00,1.0001,1229638.42
USDT,2022-04-14 04:00:00+00:00,1.0,1582374.67
USDT,2022-04-14 05:00:00+00:00,1.0,960173.71
USDT,2022-04-14 06:00:00+00:00,1.0001,752319.9
USDT,2022-04-14 07:00:00+00:00,1.0,991647.78
USDT,2022-04-14 08:00:00+00:00,1.0,1554830.79
USDT,2022-04-14 09:00:00+00:00,1.0,1846392.75
USDT,2022-04-14 10:00:00+00:00,1.0,1372316.7
USDT,2022-04-14 11:00:00+00:00,1.0,1582948.22
USDT,2022-04-14 12:00:00+00:00,1.0002,8110171.32
USDT,2022-04-14 13:00:00+00:00,1.0001,4866382.55
USDT,2022-04-14 14:00:00+00:00,1.0001,4128253.84
USDT,2022-04-14 15:00:00+00:00,1.0001,3202555.65
USDT,2022-04-14 16:00:00+00:00,1.0002,3400300.27
USDT,2022-04-14 17:00:00+00:00,1.0001,2347804.16
USDT,2022-04-14 18:00:00+00:00,1.0,2762856.3
USDT,2022-04-14 19:00:00+00:00,1.0002,2594291.58
USDT,2022-04-14 20:00:00+00:00,1.0,2453406.98
USDT,2022-04-14 21:00:00+00:00,1.0,1909020.64
USDT,2022-04-14 22:00:00+00:00,1.0001,1734285.73
USDT,2022-04-14 23:00:00+00:00,1.0,907087.36
USDT,2022-04-15 00:00:00+00:00,1.0001,1618666.69
USDT,2022-04-15 01:00:00+00:00,1.0001,1413964.74
USDT,2022-04-15 02:00:00+00:00,1.0001,1186739.47
USDT,2022-04-15 03:00:00+00:00,1.0001,2407933.92
USDT,2022-04-15 04:00:00+00:00,1.0001,880012.04
USDT,2022-04-15 05:00:00+00:00,1.0,943059.74
USDT,2022-04-15 06:00:00+00:00,1.0001,1056526.91
USDT,2022-04-15 07:00:00+00:00,1.0,1105170.38
USDT,2022-04-15 08:00:00+00:00,1.0,526883.77
USDT,2022-04-15 09:00:00+00:00,1.0,914498.89
USDT,2022-04-15 10:00:00+00:00,1.0,1859969.85
USDT,2022-04-15 11:00:00+00:00,1.0001,1160296.35
USDT,2022-04-15 12:00:00+00:00,1.0002,854119.2
USDT,2022-04-15 13:00:00+00:00,1.0,1365569.4
USDT,2022-04-15 14:00:00+00:00,1.0001,2395049.4
USDT,2022-04-15 15:00:00+00:00,1.0001,2005135.19
USDT,2022-04-15 16:00:00+00:00,1.0001,1958935.59
USDT,2022-04-15 17:00:00+00:00,1.0002,1992997.41
USDT,2022-04-15 18:00:00+00:00,1.0002,3838990.76
USDT,2022-04-15 19:00:00+00:00,1.0001,3879830.25
USDT,2022-04-15 20:00:00+00:00,1.0001,2177871.0
USDT,2022-04-15 21:00:00+00:00,1.0001,1375936.93
USDT,2022-04-15 22:00:00+00:00,1.0,1044402.4
USDT,2022-04-15 23:00:00+00:00,1.0001,1202155.62
USDT,2022-04-16 00:00:00+00:00,1.0001,923809.16
USDT,2022-04-16 01:00:00+00:00,1.0,1011328.34
USDT,2022-04-16 02:00:00+00:00,1.0002,2219026.51
USDT,2022-04-16 03:00:00+00:00,1.0001,772549.07
USDT,2022-04-16 04:00:00+00:00,1.0002,809899.23
USDT,2022-04-16 05:00:00+00:00,1.0002,489837.52
USDT,2022-04-16 06:00:00+00:00,1.0002,644989.58
USDT,2022-04-16 07:00:00+00:00,1.0002,541776.22
USDT,2022-04-16 08:00:00+00:00,1.0001,882308.76
USDT,2022-04-16 09:00:00+00:00,1.0001,442588.35
USDT,2022-04-16 10:00:00+00:00,1.0,675516.32
USDT,2022-04-16 11:00:00+00:00,1.0001,644402.05
USDT,2022-04-16 12:00:00+00:00,1.0,1295894.07
USDT,2022-04-16 13:00:00+00:00,1.0002,1402739.1
USDT,2022-04-16 14:00:00+00:00,1.0001,984188.07
USDT,2022-04-16 15:00:00+00:00,1.0002,1896049.24
USDT,2022-04-16 16:00:00+00:00,1.0002,1028138.97
USDT,2022-04-16 17:00:00+00:00,1.0001,847020.95
USDT,2022-04-16 18:00:00+00:00,1.0002,903576.73
USDT,2022-04-16 19:00:00+00:00,1.0,1650333.16
USDT,2022-04-16 20:00:00+00:00,1.0001,1030054.67
USDT,2022-04-16 21:00:00+00:00,1.0,909011.81
USDT,2022-04-16 22:00:00+00:00,1.0001,1410041.88
USDT,2022-04-16 23:00:00+00:00,1.0,693099.47
USDT,2022-04-17 00:00:00+00:00,1.0,735152.12
USDT,2022-04-17 01:00:00+00:00,1.0,590412.89
USDT,2022-04-17 02:00:00+00:00,1.0001,1426021.65
USDT,2022-04-17 03:00:00+00:00,1.0001,688113.28
USDT,2022-04-17 04:00:00+00:00,1.0001,600588.67
USDT,2022-04-17 05:00:00+00:00,1.0001,513799.18
USDT,2022-04-17 06:00:00+00:00,1.0,693407.68
USDT,2022-04-17 07:00:00+00:00,1.0,432337.78
USDT,2022-04-17 08:00:00+00:00,1.0001,1053312.75
USDT,2022-04-17 09:00:00+00:00,1.0,420570.3
USDT,2022-04-17 10:00:00+00:00,1.0001,336166.6
USDT,2022-04-17 11:00:00+00:00,1.0,712777.18
USDT,2022-04-17 12:00:00+00:00,1.0,915414.99
USDT,2022-04-17 13:00:00+00:00,1.0002,2393015.45
USDT,2022-04-17 14:00:00+00:00,1.0001,865388.99
USDT,2022-04-17 15:00:00+00:00,1.0002,939121.09
USDT,2022-04-17 16:00:00+00:00,1.0001,1134932.11
USDT,2022-04-17 17:00:00+00:00,1.0002,1066746.31
USDT,2022-04-17 18:00:00+00:00,1.0002,966797.9
USDT,2022-04-17 19:00:00+00:00,1.0002,856014.95
USDT,2022-04-17 20:00:00+00:00,1.0001,1015190.75
USDT,2022-04-17 21:00:00+00:00,1.0001,900714.68
USDT,2022-04-17 22:00:00+00:00,1.0001,1140480.24
USDT,2022-04-17 23:00:00+00:00,1.0002,2279268.59
USDT,2022-04-18 00:00:00+00:00,1.0002,1823002.15
USDT,2022-04-18 01:00:00+00:00,1.0002,870074.44
USDT,2022-04-18 02:00:00+00:00,1.0001,1300481.18
USDT,2022-04-18 03:00:00+00:00,1.0002,1297507.74
USDT,2022-04-18 04:00:00+00:00,1.0004,5750111.48
USDT,2022-04-18 05:00:00+00:00,1.0003,1941050.45
USDT,2022-04-18 06:00:00+00:00,1.0003,1883425.36
USDT,2022-04-18 07:00:00+00:00,1.0003,1223603.74
USDT,2022-04-18 08:00:00+00:00,1.0002,2593544.99
USDT,2022-04-18 09:00:00+00:00,1.0002,1069243.46
USDT,2022-04-18 10:00:00+00:00,1.0002,1319734.98
USDT,2022-04-18 11:00:00+00:00,1.0002,872536.48
USDT,2022-04-18 12:00:00+00:00,1.0003,1812109.16
USDT,2022-04-18 13:00:00+00:00,1.0002,2382472.3
USDT,2022-04-18 14:00:00+00:00,1.0003,2157821.04
USDT,2022-04-18 15:00:00+00:00,1.0002,2226706.18
USDT,2022-04-18 16:00:00+00:00,1.0003,2069316.78
USDT,2022-04-18 17:00:00+00:00,1.0001,4960150.66
USDT,2022-04-18 18:00:00+00:00,1.0,2913996.96
USDT,2022-04-18 19:00:00+00:00,1.0001,2385346.3
USDT,2022-04-18 20:00:00+00:00,1.0,3170690.9
USDT,2022-04-18 21:00:00+00:00,1.0,2019817.74
USDT,2022-04-18 22:00:00+00:00,1.0001,1292779.61
USDT,2022-04-18 23:00:00+00:00,1.0001,2376736.07
USDT,2022-04-19 00:00:00+00:00,1.0001,2133283.49
USDT,2022-04-19 01:00:00+00:00,1.0002,2700597.17
USDT,2022-04-19 02:00:00+00:00,1.0001,2739049.32
USDT,2022-04-19 03:00:00+00:00,1.0001,2544379.1
USDT,2022-04-19 04:00:00+00:00,1.0,1692714.86
USDT,2022-04-19 05:00:00+00:00,1.0001,1864829.76
USDT,2022-04-19 06:00:00+00:00,1.0001,1183972.95
USDT,2022-04-19 07:00:00+00:00,1.0001,1414595.84
USDT,2022-04-19 08:00:00+00:00,1.0001,2005952.69
USDT,2022-04-19 09:00:00+00:00,1.0002,2191435.7
USDT,2022-04-19 10:00:00+00:00,1.0001,1253779.95
USDT,2022-04-19 11:00:00+00:00,1.0002,1400692.72
USDT,2022-04-19 12:00:00+00:00,1.0001,1453166.89
USDT,2022-04-19 13:00:00+00:00,1.0001,4085331.27
USDT,2022-04-19 14:00:00+00:00,1.0001,3888465.43
USDT,2022-04-19 15:00:00+00:00,1.0002,2229619.44
USDT,2022-04-19 16:00:00+00:00,1.0002,4763719.15
USDT,2022-04-19 17:00:00+00:00,1.0001,3628647.2
USDT,2022-04-19 18:00:00+00:00,1.0001,2088387.67
USDT,2022-04-19 19:00:00+00:00,1.0002,2382321.7
USDT,2022-04-19 20:00:00+00:00,1.0001,2702253.4
USDT,2022-04-19 21:00:00+00:00,1.0002,3277049.78
USDT,2022-04-19 22:00:00+00:00,1.0002,1607585.43
USDT,2022-04-19 23:00:00+00:00,1.0002,2456846.71
USDT,2022-04-20 00:00:00+00:00,1.0002,1736087.86
USDT,2022-04-20 01:00:00+00:00,1.0001,1503602.93
USDT,2022-04-20 02:00:00+00:00,1.0001,1589146.88
USDT,2022-04-20 03:00:00+00:00,1.0002,2904154.55
USDT,2022-04-20 04:00:00+00:00,1.0002,2449084.52
USDT,2022-04-20 05:00:00+00:00,1.0003,2044617.25
USDT,2022-04-20 06:00:00+00:00,1.0002,960802.71
USDT,2022-04-20 07:00:00+00:00,1.0003,1453952.55
USDT,2022-04-20 08:00:00+00:00,1.0003,2361659.71
USDT,2022-04-20 09:00:00+00:00,1.0002,1683273.88
USDT,2022-04-20 10:00:00+00:00,1.0002,2833223.62
USDT,2022-04-20 11:00:00+00:00,1.0003,3350900.02
USDT,2022-04-20 12:00:00+00:00,1.0003,2174395.6
USDT,2022-04-20 13:00:00+00:00,1.0003,4490136.67
USDT,2022-04-20 14:00:00+00:00,1.0003,4484198.94
USDT,2022-04-20 15:00:00+00:00,1.0002,4877423.47
USDT,2022-04-20 16:00:00+00:00,1.0002,8075275.91
USDT,2022-04-20 17:00:00+00:00,1.0002,1810272.54
USDT,2022-04-20 18:00:00+00:00,1.0002,3488345.9
USDT,2022-04-20 19:00:00+00:00,1.0001,3266945.42
USDT,2022-04-20 20:00:00+00:00,1.0002,2302336.81
USDT,2022-04-20 21:00:00+00:00,1.0002,1807894.66
USDT,2022-04-20 22:00:00+00:00,1.0001,2563673.53
USDT,2022-04-20 23:00:00+00:00,1.0001,1519845.59
USDT,2022-04-21 00:00:00+00:00,1.0002,2382447.96
USDT,2022-04-21 01:00:00+00:00,1.0001,2343529.92
USDT,2022-04-21 02:00:00+00:00,1.0002,2947415.01
USDT,2022-04-21 03:00:00+00:00,1.0003,1944378.75
USDT,2022-04-21 04:00:00+00:00,1.0002,2210202.61
USDT,2022-04-21 05:00:00+00:00,1.0002,2784972.35
USDT,2022-04-21 06:00:00+00:00,1.0003,1550524.08
USDT,2022-04-21 07:00:00+00:00,1.0002,1260759.6
USDT,2022-04-21 08:00:00+00:00,1.0004,3645238.47
USDT,2022-04-21 09:00:00+00:00,1.0002,1968680.7
USDT,2022-04-21 10:00:00+00:00,1.0002,1595844.98
USDT,2022-04-21 11:00:00+00:00,1.0002,1949908.73
USDT,2022-04-21 12:00:00+00:00,1.0002,1953041.14
USDT,2022-04-21 13:00:00+00:00,1.0003,2512953.05
USDT,2022-04-21 14:00:00+00:00,1.0003,3203296.92
USDT,2022-04-21 15:00:00+00:00,1.0002,7478581.37
USDT,2022-04-21 16:00:00+00:00,1.0002,5259942.52
USDT,2022-04-21 17:00:00+00:00,1.0001,4016061.68
USDT,2022-04-21 18:00:00+00:00,1.0002,2074285.0
USDT,2022-04-21 19:00:00+00:00,1.0002,2779800.36
USDT,2022-04-21 20:00:00+00:00,1.0002,2709403.09
USDT,2022-04-21 21:00:00+00:00,1.0002,2243455.19
USDT,2022-04-21 22:00:00+00:00,1.0001,5596325.72
USDT,2022-04-21 23:00:00+00:00,1.0002,1654649.37
USDT,2022-04-22 00:00:00+00:00,1.0001,2127015.56
USDT,2022-04-22 01:00:00+00:00,1.0002,1963564.3
USDT,2022-04-22 02:00:00+00:00,1.0002,2369134.0
USDT,2022-04-22 03:00:00+00:00,1.0002,1571772.08
USDT,2022-04-22 04:00:00+00:00,1.0001,2605802.85
USDT,2022-04-22 05:00:00+00:00,1.0,1580623.3
USDT,2022-04-22 06:00:00+00:00,1.0,1026412.22
USDT,2022-04-22 07:00:00+00:00,1.0002,2639410.32
USDT,2022-04-22 08:00:00+00:00,1.0002,2212746.69
USDT,2022-04-22 09:00:00+00:00,1.0,1040317.47
USDT,2022-04-22 10:00:00+00:00,1.0002,5465508.85
USDT,2022-04-22 11:00:00+00:00,1.0001,2266620.14
USDT,2022-04-22 12:00:00+00:00,1.0002,2404659.75
USDT,2022-04-22 13:00:00+00:00,1.0001,2393103.46
USDT,2022-04-22 14:00:00+00:00,1.0002,1943120.05
USDT,2022-04-22 15:00:00+00:00,1.0,2236912.63
USDT,2022-04-22 16:00:00+00:00,1.0001,3955962.13
USDT,2022-04-22 17:00:00+00:00,1.0001,2509827.06
USDT,2022-04-22 18:00:00+00:00,1.0001,3847043.08
USDT,2022-04-22 19:00:00+00:00,1.0002,2736745.88
USDT,2022-04-22 20:00:00+00:00,1.0002,2421257.78
USDT,2022-04-22 21:00:00+00:00,1.0001,2929159.24
USDT,2022-04-22 22:00:00+00:00,1.0002,2915054.74
USDT,2022-04-22 23:00:00+00:00,1.0002,2440928.33
USDT,2022-04-23 00:00:00+00:00,1.0001,2059225.72
USDT,2022-04-23 01:00:00+00:00,1.0002,2977861.51
USDT,2022-04-23 02:00:00+00:00,1.0001,1660079.24
USDT,2022-04-23 03:00:00+00:00,1.0001,1642093.15
USDT,2022-04-23 04:00:00+00:00,1.0002,1341612.3
USDT,2022-04-23 05:00:00+00:00,1.0002,572970.14
USDT,2022-04-23 06:00:00+00:00,1.0002,1323632.06
USDT,2022-04-23 07:00:00+00:00,1.0001,1582254.73
USDT,2022-04-23 08:00:00+00:00,1.0001,1242662.32
USDT,2022-04-23 09:00:00+00:00,1.0002,528208.16
USDT,2022-04-23 10:00:00+00:00,1.0002,773611.22
USDT,2022-04-23 11:00:00+00:00,1.0002,1122182.64
USDT,2022-04-23 12:00:00+00:00,1.0002,762986.38
USDT,2022-04-23 13:00:00+00:00,1.0002,1346113.83
USDT,2022-04-23 14:00:00+00:00,1.0002,1931881.45
USDT,2022-04-23 15:00:00+00:00,1.0003,3436720.83
USDT,2022-04-23 16:00:00+00:00,1.0002,1220596.04
USDT,2022-04-23 17:00:00+00:00,1.0003,1578892.28
USDT,2022-04-23 18:00:00+00:00,1.0002,1470613.67
USDT,2022-04-23 19:00:00+00:00,1.0003,1251912.63
USDT,2022-04-23 20:00:00+00:00,1.0002,1288803.77
USDT,2022-04-23 21:00:00+00:00,1.0002,1374980.38
USDT,2022-04-23 22:00:00+00:00,1.0002,626295.9
USDT,2022-04-23 23:00:00+00:00,1.0001,1207994.22
USDT,2022-04-24 00:00:00+00:00,1.0001,1357604.81
USDT,2022-04-24 01:00:00+00:00,1.0001,1671571.47
USDT,2022-04-24 02:00:00+00:00,1.0001,1459591.54
USDT,2022-04-24 03:00:00+00:00,1.0002,900763.8
USDT,2022-04-24 04:00:00+00:00,1.0001,918460.1
USDT,2022-04-24 05:00:00+00:00,1.0002,1176806.85
USDT,2022-04-24 06:00:00+00:00,1.0002,284926.68
USDT,2022-04-24 07:00:00+00:00,1.0002,407342.06
USDT,2022-04-24 08:00:00+00:00,1.0002,346071.64
USDT,2022-04-24 09:00:00+00:00,1.0001,1040152.23
USDT,2022-04-24 10:00:00+00:00,1.0003,568015.17
USDT,2022-04-24 11:00:00+00:00,1.0003,761628.31
USDT,2022-04-24 12:00:00+00:00,1.0001,558451.0
USDT,2022-04-24 13:00:00+00:00,1.0002,1369921.28
USDT,2022-04-24 14:00:00+00:00,1.0002,2500557.67
USDT,2022-04-24 15:00:00+00:00,1.0002,1719604.8
USDT,2022-04-24 16:00:00+00:00,1.0002,2824706.62
USDT,2022-04-24 17:00:00+00:00,1.0002,1579984.36
USDT,2022-04-24 18:00:00+00:00,1.0002,1093831.68
USDT,2022-04-24 19:00:00+00:00,1.0003,1640214.83
USDT,2022-04-24 20:00:00+00:00,1.0002,1646719.92
USDT,2022-04-24 21:00:00+00:00,1.0002,1267012.0
USDT,2022-04-24 22:00:00+00:00,1.0002,785174.2
USDT,2022-04-24 23:00:00+00:00,1.0002,1265853.87
USDT,2022-04-25 00:00:00+00:00,1.0003,2856137.29
USDT,2022-04-25 01:00:00+00:00,1.0002,1773762.35
USDT,2022-04-25 02:00:00+00:00,1.0003,999663.99
USDT,2022-04-25 03:00:00+00:00,1.0002,1071838.1
USDT,2022-04-25 04:00:00+00:00,1.0003,563066.58
USDT,2022-04-25 05:00:00+00:00,1.0001,2196763.82
USDT,2022-04-25 06:00:00+00:00,1.0002,1781480.42
USDT,2022-04-25 07:00:00+00:00,1.0003,1168575.59
USDT,2022-04-25 08:00:00+00:00,1.0003,1134399.38
USDT,2022-04-25 09:00:00+00:00,1.0002,1116468.53
USDT,2022-04-25 10:00:00+00:00,1.0002,1362298.41
USDT,2022-04-25 11:00:00+00:00,1.0001,1789573.78
USDT,2022-04-25 12:00:00+00:00,1.0002,2224795.66
USDT,2022-04-25 13:00:00+00:00,1.0002,2371896.34
USDT,2022-04-25 14:00:00+00:00,1.0001,1988106.8
USDT,2022-04-25 15:00:00+00:00,1.0,3874909.29
USDT,2022-04-25 16:00:00+00:00,1.0001,4526393.15
USDT,2022-04-25 17:00:00+00:00,1.0002,3324560.75
USDT,2022-04-25 18:00:00+00:00,1.0002,3623365.27
USDT,2022-04-25 19:00:00+00:00,1.0001,8664961.58
USDT,2022-04-25 20:00:00+00:00,1.0001,3916095.48
USDT,2022-04-25 21:00:00+00:00,1.0,1476650.37
USDT,2022-04-25 22:00:00+00:00,1.0,2711958.15
USDT,2022-04-25 23:00:00+00:00,1.0001,2429300.3
USDT,2022-04-26 00:00:00+00:00,1.0,1781534.1
USDT,2022-04-26 01:00:00+00:00,1.0001,3626906.66
USDT,2022-04-26 02:00:00+00:00,1.0001,1413753.12
USDT,2022-04-26 03:00:00+00:00,1.0,1576813.39
USDT,2022-04-26 04:00:00+00:00,1.0,1715396.61
USDT,2022-04-26 05:00:00+00:00,1.0,1348796.42
USDT,2022-04-26 06:00:00+00:00,1.0001,968957.8
USDT,2022-04-26 07:00:00+00:00,1.0001,1056339.31
USDT,2022-04-26 08:00:00+00:00,1.0,1842734.28
USDT,2022-04-26 09:00:00+00:00,1.0001,951696.06
USDT,2022-04-26 10:00:00+00:00,1.0,824538.71
USDT,2022-04-26 11:00:00+00:00,1.0,963081.65
USDT,2022-04-26 12:00:00+00:00,1.0001,2149042.86
USDT,2022-04-26 13:00:00+00:00,1.0,1493602.19
USDT,2022-04-26 14:00:00+00:00,1.0,3788319.34
USDT,2022-04-26 15:00:00+00:00,0.9999,2379818.41
USDT,2022-04-26 16:00:00+00:00,1.0001,2972884.86
USDT,2022-04-26 17:00:00+00:00,1.0001,2790056.01
USDT,2022-04-26 18:00:00+00:00,1.0,2585084.05
USDT,2022-04-26 19:00:00+00:00,1.0001,5372513.64
USDT,2022-04-26 20:00:00+00:00,1.0001,6162698.04
USDT,2022-04-26 21:00:00+00:00,1.0001,2127351.91
USDT,2022-04-26 22:00:00+00:00,1.0001,1115477.93
USDT,2022-04-26 23:00:00+00:00,1.0,2604104.28
USDT,2022-04-27 00:00:00+00:00,1.0001,1641566.47
USDT,2022-04-27 01:00:00+00:00,1.0001,1140169.2
USDT,2022-04-27 02:00:00+00:00,1.0,2364764.06
USDT,2022-04-27 03:00:00+00:00,1.0001,1225493.95
USDT,2022-04-27 04:00:00+00:00,1.0001,901879.85
USDT,2022-04-27 05:00:00+00:00,1.0,612312.68
USDT,2022-04-27 06:00:00+00:00,1.0001,818514.82
USDT,2022-04-27 07:00:00+00:00,1.0,970398.6
USDT,2022-04-27 08:00:00+00:00,1.0,2572823.41
USDT,2022-04-27 09:00:00+00:00,1.0,1455228.15
USDT,2022-04-27 10:00:00+00:00,1.0,910981.56
USDT,2022-04-27 11:00:00+00:00,1.0,2627801.73
USDT,2022-04-27 12:00:00+00:00,1.0001,2658155.79
USDT,2022-04-27 13:00:00+00:00,1.0001,1614694.61
USDT,2022-04-27 14:00:00+00:00,1.0001,2014716.1
USDT,2022-04-27 15:00:00+00:00,1.0,1586541.87
USDT,2022-04-27 16:00:00+00:00,1.0001,2799208.69
USDT,2022-04-27 17:00:00+00:00,1.0001,2300318.22
USDT,2022-04-27 18:00:00+00:00,1.0,2371126.03
USDT,2022-04-27 19:00:00+00:00,1.0,1500507.91
USDT,2022-04-27 20:00:00+00:00,1.0,6097376.59
USDT,2022-04-27 21:00:00+00:00,1.0,4208820.45
USDT,2022-04-27 22:00:00+00:00,1.0001,1427660.24
USDT,2022-04-27 23:00:00+00:00,1.0,1690077.26
USDT,2022-04-28 00:00:00+00:00,1.0001,1253437.34
USDT,2022-04-28 01:00:00+00:00,1.0,1124703.38
USDT,2022-04-28 02:00:00+00:00,1.0001,1074225.87
USDT,2022-04-28 03:00:00+00:00,1.0001,1156222.58
USDT,2022-04-28 04:00:00+00:00,1.0001,675833.53
USDT,2022-04-28 05:00:00+00:00,1.0,691530.85
USDT,2022-04-28 06:00:00+00:00,1.0001,918468.5
USDT,2022-04-28 07:00:00+00:00,1.0001,1345973.94
USDT,2022-04-28 08:00:00+00:00,1.0001,1919722.35
USDT,2022-04-28 09:00:00+00:00,1.0001,1102312.84
USDT,2022-04-28 10:00:00+00:00,1.0,1281016.75
USDT,2022-04-28 11:00:00+00:00,1.0001,851281.78
USDT,2022-04-28 12:00:00+00:00,1.0001,1782386.74
USDT,2022-04-28 13:00:00+00:00,1.0001,2432447.57
USDT,2022-04-28 14:00:00+00:00,1.0001,8212889.15
USDT,2022-04-28 15:00:00+00:00,1.0001,3353628.3
USDT,2022-04-28 16:00:00+00:00,1.0001,3205484.26
USDT,2022-04-28 17:00:00+00:00,1.0,3031843.88
USDT,2022-04-28 18:00:00+00:00,1.0001,3478735.76
USDT,2022-04-28 19:00:00+00:00,1.0002,5250887.19
USDT,2022-04-28 20:00:00+00:00,1.0001,3247947.15
USDT,2022-04-28 21:00:00+00:00,1.0001,3280792.73
USDT,2022-04-28 22:00:00+00:00,1.0,2086460.54
USDT,2022-04-28 23:00:00+00:00,1.0001,1596874.53
USDT,2022-04-29 00:00:00+00:00,1.0001,2995345.69
USDT,2022-04-29 01:00:00+00:00,1.0,4508626.26
USDT,2022-04-29 02:00:00+00:00,0.9999,2351800.76
USDT,2022-04-29 03:00:00+00:00,1.0,3332086.62
USDT,2022-04-29 04:00:00+00:00,0.9999,1927845.37
USDT,2022-04-29 05:00:00+00:00,0.9999,1831571.39
USDT,2022-04-29 06:00:00+00:00,0.9999,1389991.37
USDT,2022-04-29 07:00:00+00:00,1.0,4137110.67
USDT,2022-04-29 08:00:00+00:00,0.9999,1118356.37
USDT,2022-04-29 09:00:00+00:00,1.0,1818890.25
USDT,2022-04-29 10:00:00+00:00,1.0,2909689.8
USDT,2022-04-29 11:00:00+00:00,1.0,1865418.79
USDT,2022-04-29 12:00:00+00:00,1.0001,2715693.8
USDT,2022-04-29 13:00:00+00:00,1.0,1753949.24
USDT,2022-04-29 14:00:00+00:00,1.0001,2456001.15
USDT,2022-04-29 15:00:00+00:00,1.0001,4745161.8
USDT,2022-04-29 16:00:00+00:00,0.9999,2828150.7
USDT,2022-04-29 17:00:00+00:00,1.0001,2736229.1
USDT,2022-04-29 18:00:00+00:00,1.0,3375295.84
USDT,2022-04-29 19:00:00+00:00,0.9999,4029147.68
USDT,2022-04-29 20:00:00+00:00,1.0,2656443.23
USDT,2022-04-29 21:00:00+00:00,1.0001,2544473.12
USDT,2022-04-29 22:00:00+00:00,1.0,2185130.18
USDT,2022-04-29 23:00:00+00:00,1.0,2107750.8
USDT,2022-04-30 00:00:00+00:00,1.0001,1616295.42
USDT,2022-04-30 01:00:00+00:00,1.0001,5228953.95
USDT,2022-04-30 02:00:00+00:00,1.0001,3425517.71
USDT,2022-04-30 03:00:00+00:00,1.0001,1705522.62
USDT,2022-04-30 04:00:00+00:00,1.0001,2100809.61
USDT,2022-04-30 05:00:00+00:00,1.0001,907216.05
USDT,2022-04-30 06:00:00+00:00,1.0001,1103241.71
USDT,2022-04-30 07:00:00+00:00,1.0002,1115211.89
USDT,2022-04-30 08:00:00+00:00,1.0001,1669518.69
USDT,2022-04-30 09:00:00+00:00,1.0001,645620.96
USDT,2022-04-30 10:00:00+00:00,1.0002,727428.13
USDT,2022-04-30 11:00:00+00:00,1.0002,689572.47
USDT,2022-04-30 12:00:00+00:00,1.0001,1329864.26
USDT,2022-04-30 13:00:00+00:00,1.0002,1041921.57
USDT,2022-04-30 14:00:00+00:00,1.0,3369424.0
USDT,2022-04-30 15:00:00+00:00,1.0001,1643015.78
USDT,2022-04-30 16:00:00+00:00,1.0,2071193.04
USDT,2022-04-30 17:00:00+00:00,1.0001,4037450.36
USDT,2022-04-30 18:00:00+00:00,1.0001,1307596.11
USDT,2022-04-30 19:00:00+00:00,1.0,1084390.78
USDT,2022-04-30 20:00:00+00:00,1.0001,1423698.03
USDT,2022-04-30 21:00:00+00:00,1.0001,1281186.2
USDT,2022-04-30 22:00:00+00:00,1.0,2155547.91
USDT,2022-04-30 23:00:00+00:00,1.0002,13925290.68
USDT,2022-05-01 00:00:00+00:00,1.0003,3117771.33
USDT,2022-05-01 01:00:00+00:00,1.0002,3574632.06
USDT,2022-05-01 02:00:00+00:00,1.0002,1198574.23
USDT,2022-05-01 03:00:00+00:00,1.0003,1285940.22
USDT,2022-05-01 04:00:00+00:00,1.0003,3253398.24
USDT,2022-05-01 05:00:00+00:00,1.0002,2540613.65
USDT,2022-05-01 06:00:00+00:00,1.0002,1060359.18
USDT,2022-05-01 07:00:00+00:00,1.0001,1092506.68
USDT,2022-05-01 08:00:00+00:00,1.0,2706539.14
USDT,2022-05-01 09:00:00+00:00,1.0001,711231.15
USDT,2022-05-01 10:00:00+00:00,1.0,923947.52
USDT,2022-05-01 11:00:00+00:00,1.0001,934902.99
USDT,2022-05-01 12:00:00+00:00,1.0001,1171948.67
USDT,2022-05-01 13:00:00+00:00,1.0001,1234724.02
USDT,2022-05-01 14:00:00+00:00,1.0001,1839310.44
USDT,2022-05-01 15:00:00+00:00,1.0,2200924.24
USDT,2022-05-01 16:00:00+00:00,1.0001,3112117.91
USDT,2022-05-01 17:00:00+00:00,1.0001,1278624.87
USDT,2022-05-01 18:00:00+00:00,1.0,1518706.83
USDT,2022-05-01 19:00:00+00:00,1.0,1531424.43
USDT,2022-05-01 20:00:00+00:00,1.0,1590145.11
USDT,2022-05-01 21:00:00+00:00,1.0,1366798.98
USDT,2022-05-01 22:00:00+00:00,1.0,2040046.31
USDT,2022-05-01 23:00:00+00:00,0.9999,1741719.19
USDT,2022-05-02 00:00:00+00:00,0.9999,2241480.24
USDT,2022-05-02 01:00:00+00:00,1.0,1495247.06
USDT,2022-05-02 02:00:00+00:00,0.9999,1106406.3
USDT,2022-05-02 03:00:00+00:00,0.9999,1017741.14
USDT,2022-05-02 04:00:00+00:00,1.0,1513864.48
USDT,2022-05-02 05:00:00+00:00,1.0,1135747.56
USDT,2022-05-02 06:00:00+00:00,1.0,1378191.7
USDT,2022-05-02 07:00:00+00:00,1.0,1394369.31
USDT,2022-05-02 08:00:00+00:00,0.9999,927903.49
USDT,2022-05-02 09:00:00+00:00,0.9999,903255.51
USDT,2022-05-02 10:00:00+00:00,1.0001,5974842.39
USDT,2022-05-02 11:00:00+00:00,0.9999,2443236.89
USDT,2022-05-02 12:00:00+00:00,1.0,1150320.45
USDT,2022-05-02 13:00:00+00:00,1.0,2513061.1
USDT,2022-05-02 14:00:00+00:00,0.9999,2148079.08
USDT,2022-05-02 15:00:00+00:00,1.0,2127989.9
USDT,2022-05-02 16:00:00+00:00,0.9999,2442076.43
USDT,2022-05-02 17:00:00+00:00,0.9999,3098218.07
USDT,2022-05-02 18:00:00+00:00,0.9999,2267622.7
USDT,2022-05-02 19:00:00+00:00,0.9999,1857173.92
USDT,2022-05-02 20:00:00+00:00,0.9999,5670158.16
USDT,2022-05-02 21:00:00+00:00,0.9998,2576583.98
USDT,2022-05-02 22:00:00+00:00,0.9998,1557301.21
USDT,2022-05-02 23:00:00+00:00,0.9999,1715222.4
USDT,2022-05-03 00:00:00+00:00,0.9999,1294001.43
USDT,2022-05-03 01:00:00+00:00,0.9998,1289954.16
USDT,2022-05-03 02:00:00+00:00,0.9999,1002767.15
USDT,2022-05-03 03:00:00+00:00,0.9998,1086414.08
USDT,2022-05-03 04:00:00+00:00,0.9999,2191763.46
USDT,2022-05-03 05:00:00+00:00,0.9998,1115597.99
USDT,2022-05-03 06:00:00+00:00,0.9999,772390.91
USDT,2022-05-03 07:00:00+00:00,0.9998,557725.86
USDT,2022-05-03 08:00:00+00:00,0.9998,518371.31
USDT,2022-05-03 09:00:00+00:00,0.9998,576097.63
USDT,2022-05-03 10:00:00+00:00,0.9999,572618.77
USDT,2022-05-03 11:00:00+00:00,0.9999,1019702.07
USDT,2022-05-03 12:00:00+00:00,0.9999,1073181.82
USDT,2022-05-03 13:00:00+00:00,0.9998,2170464.34
USDT,2022-05-03 14:00:00+00:00,0.9999,1485168.65
USDT,2022-05-03 15:00:00+00:00,0.9999,1687341.17
USDT,2022-05-03 16:00:00+00:00,1.0,3390469.72
USDT,2022-05-03 17:00:00+00:00,1.0,1555329.28
USDT,2022-05-03 18:00:00+00:00,1.0,2415984.67
USDT,2022-05-03 19:00:00+00:00,0.9999,3029373.17
USDT,2022-05-03 20:00:00+00:00,0.9999,4913600.32
USDT,2022-05-03 21:00:00+00:00,0.9998,1503444.08
USDT,2022-05-03 22:00:00+00:00,0.9998,1414003.01
USDT,2022-05-03 23:00:00+00:00,0.9998,1328319.71
USDT,2022-05-04 00:00:00+00:00,0.9997,1702118.39
USDT,2022-05-04 01:00:00+00:00,0.9998,1969272.92
USDT,2022-05-04 02:00:00+00:00,0.9997,1369871.86
USDT,2022-05-04 03:00:00+00:00,0.9997,1210075.36
USDT,2022-05-04 04:00:00+00:00,0.9998,1143676.64
USDT,2022-05-04 05:00:00+00:00,0.9997,560528.69
USDT,2022-05-04 06:00:00+00:00,0.9997,558186.27
USDT,2022-05-04 07:00:00+00:00,0.9998,1407493.5
USDT,2022-05-04 08:00:00+00:00,0.9998,1814176.61
USDT,2022-05-04 09:00:00+00:00,0.9998,1403632.4
USDT,2022-05-04 10:00:00+00:00,0.9998,1739544.01
USDT,2022-05-04 11:00:00+00:00,0.9998,2259243.08
USDT,2022-05-04 12:00:00+00:00,0.9997,2657301.2
USDT,2022-05-04 13:00:00+00:00,0.9998,2397451.59
USDT,2022-05-04 14:00:00+00:00,0.9999,2956622.25
USDT,2022-05-04 15:00:00+00:00,0.9999,2364486.51
USDT,2022-05-04 16:00:00+00:00,0.9999,2230561.64
USDT,2022-05-04 17:00:00+00:00,0.9999,2052107.19
USDT,2022-05-04 18:00:00+00:00,0.9999,6624333.25
USDT,2022-05-04 19:00:00+00:00,0.9997,6505737.98
USDT,2022-05-04 20:00:00+00:00,0.9998,3395570.45
USDT,2022-05-04 21:00:00+00:00,0.9998,2560635.35
USDT,2022-05-04 22:00:00+00:00,0.9997,1761240.69
USDT,2022-05-04 23:00:00+00:00,0.9998,1279809.41
USDT,2022-05-05 00:00:00+00:00,0.9998,1756846.36
USDT,2022-05-05 01:00:00+00:00,0.9997,1488984.49
USDT,2022-05-05 02:00:00+00:00,0.9998,1861894.43
USDT,2022-05-05 03:00:00+00:00,0.9999,1357439.23
USDT,2022-05-05 04:00:00+00:00,0.9999,1979761.92
USDT,2022-05-05 05:00:00+00:00,0.9997,1877565.36
USDT,2022-05-05 06:00:00+00:00,0.9997,768275.05
USDT,2022-05-05 07:00:00+00:00,0.9998,890917.06
USDT,2022-05-05 08:00:00+00:00,0.9998,844160.72
USDT,2022-05-05 09:00:00+00:00,0.9998,1272760.29
USDT,2022-05-05 10:00:00+00:00,0.9998,1740914.06
USDT,2022-05-05 11:00:00+00:00,0.9998,886955.64
USDT,2022-05-05 12:00:00+00:00,0.9999,1783365.46
USDT,2022-05-05 13:00:00+00:00,0.9999,2325438.11
USDT,2022-05-05 14:00:00+00:00,0.9998,3808775.38
USDT,2022-05-05 15:00:00+00:00,0.9998,7988047.2
USDT,2022-05-05 16:00:00+00:00,0.9999,4593645.94
USDT,2022-05-05 17:00:00+00:00,0.9999,2277056.07
USDT,2022-05-05 18:00:00+00:00,0.9999,6147166.3
USDT,2022-05-05 19:00:00+00:00,0.9997,7029261.87
USDT,2022-05-05 20:00:00+00:00,0.9998,2464603.3
USDT,2022-05-05 21:00:00+00:00,1.0,3744410.16
USDT,2022-05-05 22:00:00+00:00,1.0,2120041.23
USDT,2022-05-05 23:00:00+00:00,1.0,1459795.96
USDT,2022-05-06 00:00:00+00:00,1.0,913077.85
USDT,2022-05-06 01:00:00+00:00,1.0,664673.7
USDT,2022-05-06 02:00:00+00:00,1.0,1275321.29
USDT,2022-05-06 03:00:00+00:00,1.0,877426.72
USDT,2022-05-06 04:00:00+00:00,0.999,727551.52
USDT,2022-05-06 05:00:00+00:00,1.0,625030.75
USDT,2022-05-06 06:00:00+00:00,1.0,339734.88
USDT,2022-05-06 07:00:00+00:00,0.999,1241123.2
USDT,2022-05-06 08:00:00+00:00,1.0,4198673.08
USDT,2022-05-06 09:00:00+00:00,1.0,3745709.66
USDT,2022-05-06 10:00:00+00:00,1.0,578939.23
USDT,2022-05-06 11:00:00+00:00,0.999,1117825.94
USDT,2022-05-06 12:00:00+00:00,1.0,830255.91
USDT,2022-05-06 13:00:00+00:00,1.0,1849359.42
USDT,2022-05-06 14:00:00+00:00,1.0,4456950.58
USDT,2022-05-06 15:00:00+00:00,1.0,2186524.58
USDT,2022-05-06 16:00:00+00:00,0.999,2657060.89
USDT,2022-05-06 17:00:00+00:00,1.0,2329769.81
USDT,2022-05-06 18:00:00+00:00,1.0,2814835.7
USDT,2022-05-06 19:00:00+00:00,0.999,1700253.82
USDT,2022-05-06 20:00:00+00:00,1.0,1785460.95
USDT,2022-05-06 21:00:00+00:00,1.0,1023578.3
USDT,2022-05-06 22:00:00+00:00,0.999,792812.18
USDT,2022-05-06 23:00:00+00:00,0.999,629762.84
USDT,2022-05-07 00:00:00+00:00,0.999,916836.89
USDT,2022-05-07 01:00:00+00:00,0.999,790132.54
USDT,2022-05-07 02:00:00+00:00,1.0,653586.18
USDT,2022-05-07 03:00:00+00:00,1.0,580782.72
USDT,2022-05-07 04:00:00+00:00,0.999,909237.14
USDT,2022-05-07 05:00:00+00:00,1.0,598696.48
USDT,2022-05-07 06:00:00+00:00,0.999,358159.08
USDT,2022-05-07 07:00:00+00:00,1.0,360616.39
USDT,2022-05-07 08:00:00+00:00,1.0,394077.73
USDT,2022-05-07 09:00:00+00:00,1.0,369347.82
USDT,2022-05-07 10:00:00+00:00,1.0,224358.8
USDT,2022-05-07 11:00:00+00:00,0.999,474316.29
USDT,2022-05-07 12:00:00+00:00,0.999,386896.29
USDT,2022-05-07 13:00:00+00:00,1.0,592530.94
USDT,2022-05-07 14:00:00+00:00,1.0,668934.5
USDT,2022-05-07 15:00:00+00:00,1.0,6596498.06
USDT,2022-05-07 16:00:00+00:00,1.0,1266463.78
USDT,2022-05-07 17:00:00+00:00,0.999,2477610.84
USDT,2022-05-07 18:00:00+00:00,1.0,791035.71
USDT,2022-05-07 19:00:00+00:00,0.999,530975.05
USDT,2022-05-07 20:00:00+00:00,0.999,1173756.69
USDT,2022-05-07 21:00:00+00:00,0.999,685324.15
USDT,2022-05-07 22:00:00+00:00,1.0,1916662.92
USDT,2022-05-07 23:00:00+00:00,1.0,1107665.89
USDT,2022-05-08 00:00:00+00:00,1.0,699543.53
USDT,2022-05-08 01:00:00+00:00,1.0,820890.4
USDT,2022-05-08 02:00:00+00:00,0.999,3231979.69
USDT,2022-05-08 03:00:00+00:00,0.999,1049086.74
USDT,2022-05-08 04:00:00+00:00,1.0,546691.04
USDT,2022-05-08 05:00:00+00:00,1.0,451133.16
USDT,2022-05-08 06:00:00+00:00,0.999,358835.71
USDT,2022-05-08 07:00:00+00:00,1.0,339223.41
USDT,2022-05-08 08:00:00+00:00,0.999,404441.99
USDT,2022-05-08 09:00:00+00:00,1.0,474428.95
USDT,2022-05-08 10:00:00+00:00,0.999,398420.46
USDT,2022-05-08 11:00:00+00:00,1.0,767303.49
USDT,2022-05-08 12:00:00+00:00,1.0,922541.22
USDT,2022-05-08 13:00:00+00:00,1.0,921722.69
USDT,2022-05-08 14:00:00+00:00,0.999,1023987.68
USDT,2022-05-08 15:00:00+00:00,1.0,1082018.06
USDT,2022-05-08 16:00:00+00:00,1.0,793257.25
USDT,2022-05-08 17:00:00+00:00,1.0,1744269.19
USDT,2022-05-08 18:00:00+00:00,1.0,1376876.13
USDT,2022-05-08 19:00:00+00:00,0.999,711337.38
USDT,2022-05-08 20:00:00+00:00,0.999,742659.98
USDT,2022-05-08 21:00:00+00:00,1.0,720656.18
USDT,2022-05-08 22:00:00+00:00,1.0,684984.01
USDT,2022-05-08 23:00:00+00:00,0.999,2366155.85
USDT,2022-05-09 00:00:00+00:00,0.999,2952082.5
USDT,2022-05-09 01:00:00+00:00,0.999,701217.02
USDT,2022-05-09 02:00:00+00:00,0.999,3662932.88
USDT,2022-05-09 03:00:00+00:00,0.999,2784109.99
USDT,2022-05-09 04:00:00+00:00,0.999,747572.84
USDT,2022-05-09 05:00:00+00:00,1.0,792673.97
USDT,2022-05-09 06:00:00+00:00,1.0,708529.78
USDT,2022-05-09 07:00:00+00:00,0.999,1675758.28
USDT,2022-05-09 08:00:00+00:00,1.0,555115.14
USDT,2022-05-09 09:00:00+00:00,1.0,1372990.24
USDT,2022-05-09 10:00:00+00:00,1.0,1335148.55
USDT,2022-05-09 11:00:00+00:00,1.0,1673434.9
USDT,2022-05-09 12:00:00+00:00,0.999,1857049.3
USDT,2022-05-09 13:00:00+00:00,1.0,3053385.2
USDT,2022-05-09 14:00:00+00:00,1.0,6089226.03
USDT,2022-05-09 15:00:00+00:00,1.0,3760512.45
USDT,2022-05-09 16:00:00+00:00,0.999,3957801.2
USDT,2022-05-09 17:00:00+00:00,1.0,7519197.98
USDT,2022-05-09 18:00:00+00:00,1.0,6661176.34
USDT,2022-05-09 19:00:00+00:00,1.0,5036734.36
USDT,2022-05-09 20:00:00+00:00,1.0,9317918.07
USDT,2022-05-09 21:00:00+00:00,1.0,8315116.15
USDT,2022-05-09 22:00:00+00:00,1.0,4620629.07
USDT,2022-05-09 23:00:00+00:00,1.0,5001335.3
USDT,2022-05-10 00:00:00+00:00,0.999,7068857.37
USDT,2022-05-10 01:00:00+00:00,0.999,9656917.52
USDT,2022-05-10 02:00:00+00:00,0.999,3905417.68
USDT,2022-05-10 03:00:00+00:00,1.0,16150491.57
USDT,2022-05-10 04:00:00+00:00,0.999,2422723.61
USDT,2022-05-10 05:00:00+00:00,0.999,3106904.05
USDT,2022-05-10 06:00:00+00:00,1.0,2387964.96
USDT,2022-05-10 07:00:00+00:00,1.0,1484934.38
USDT,2022-05-10 08:00:00+00:00,0.999,1207715.97
USDT,2022-05-10 09:00:00+00:00,1.0,1915999.68
USDT,2022-05-10 10:00:00+00:00,1.0,1216623.56
USDT,2022-05-10 11:00:00+00:00,0.999,2570175.94
USDT,2022-05-10 12:00:00+00:00,1.0,4363012.51
USDT,2022-05-10 13:00:00+00:00,1.0,3894682.5
USDT,2022-05-10 14:00:00+00:00,0.999,3931777.63
USDT,2022-05-10 15:00:00+00:00,0.999,3110053.19
USDT,2022-05-10 16:00:00+00:00,0.999,2720085.82
USDT,2022-05-10 17:00:00+00:00,0.999,1908807.1
USDT,2022-05-10 18:00:00+00:00,1.0,2280205.8
USDT,2022-05-10 19:00:00+00:00,0.999,2976135.77
USDT,2022-05-10 20:00:00+00:00,1.0,3080447.37
USDT,2022-05-10 21:00:00+00:00,1.0,4077495.24
USDT,2022-05-10 22:00:00+00:00,1.0,4942997.6
USDT,2022-05-10 23:00:00+00:00,1.0,3168658.2
USDT,2022-05-11 00:00:00+00:00,0.999,2287625.09
USDT,2022-05-11 01:00:00+00:00,1.0,1787368.44
USDT,2022-05-11 02:00:00+00:00,0.999,3004428.02
USDT,2022-05-11 03:00:00+00:00,1.0,1883327.04
USDT,2022-05-11 04:00:00+00:00,1.0,1692734.77
USDT,2022-05-11 05:00:00+00:00,0.999,1768089.48
USDT,2022-05-11 06:00:00+00:00,1.0,1779717.76
USDT,2022-05-11 07:00:00+00:00,1.0,6006353.41
USDT,2022-05-11 08:00:00+00:00,0.999,3328013.76
USDT,2022-05-11 09:00:00+00:00,1.0,2613364.96
USDT,2022-05-11 10:00:00+00:00,0.999,2157387.76
USDT,2022-05-11 11:00:00+00:00,0.999,2998105.68
USDT,2022-05-11 12:00:00+00:00,0.999,13221320.18
USDT,2022-05-11 13:00:00+00:00,0.999,19823120.94
USDT,2022-05-11 14:00:00+00:00,0.999,9508697.95
USDT,2022-05-11 15:00:00+00:00,0.998,9273023.01
USDT,2022-05-11 16:00:00+00:00,0.998,6251642.79
USDT,2022-05-11 17:00:00+00:00,0.997,8197139.24
USDT,2022-05-11 18:00:00+00:00,0.998,7339187.44
USDT,2022-05-11 19:00:00+00:00,0.997,5913059.51
USDT,2022-05-11 20:00:00+00:00,0.996,13373984.27
USDT,2022-05-11 21:00:00+00:00,0.996,19143179.78
USDT,2022-05-11 22:00:00+00:00,0.996,13099020.12
USDT,2022-05-11 23:00:00+00:00,0.996,7301895.64
USDT,2022-05-12 00:00:00+00:00,0.996,19366390.79
USDT,2022-05-12 01:00:00+00:00,0.996,12755571.39
USDT,2022-05-12 02:00:00+00:00,0.996,26163333.73
USDT,2022-05-12 03:00:00+00:00,0.993,12624946.11
USDT,2022-05-12 04:00:00+00:00,0.994,19254842.04
USDT,2022-05-12 05:00:00+00:00,0.989,16751118.03
USDT,2022-05-12 06:00:00+00:00,0.972,29758340.6
USDT,2022-05-12 07:00:00+00:00,0.984,36307441.32
USDT,2022-05-12 08:00:00+00:00,0.983,12606472.22
USDT,2022-05-12 09:00:00+00:00,0.983,9086284.27
USDT,2022-05-12 10:00:00+00:00,0.984,9321176.21
USDT,2022-05-12 11:00:00+00:00,0.991,6553524.89
USDT,2022-05-12 12:00:00+00:00,0.994,6286829.23
USDT,2022-05-12 13:00:00+00:00,0.993,8728418.27
USDT,2022-05-12 14:00:00+00:00,0.995,23527755.7
USDT,2022-05-12 15:00:00+00:00,0.996,20594550.53
USDT,2022-05-12 16:00:00+00:00,0.998,12075876.44
USDT,2022-05-12 17:00:00+00:00,0.997,9168825.02
USDT,2022-05-12 18:00:00+00:00,0.997,5869117.47
USDT,2022-05-12 19:00:00+00:00,0.997,6470155.18
USDT,2022-05-12 20:00:00+00:00,0.997,7443567.04
USDT,2022-05-12 21:00:00+00:00,0.998,5489361.8
USDT,2022-05-12 22:00:00+00:00,0.998,5273499.45
USDT,2022-05-12 23:00:00+00:00,0.998,4892391.49
USDT,2022-05-13 00:00:00+00:00,0.998,3150404.58
USDT,2022-05-13 01:00:00+00:00,0.996,5201996.06
USDT,2022-05-13 02:00:00+00:00,0.996,2553003.8
USDT,2022-05-13 03:00:00+00:00,0.997,3996454.81
USDT,2022-05-13 04:00:00+00:00,0.998,2258996.94
USDT,2022-05-13 05:00:00+00:00,0.997,1702743.83
USDT,2022-05-13 06:00:00+00:00,0.998,1578351.53
USDT,2022-05-13 07:00:00+00:00,0.997,1917370.29
USDT,2022-05-13 08:00:00+00:00,0.998,17917014.29
USDT,2022-05-13 09:00:00+00:00,0.999,1381697.04
USDT,2022-05-13 10:00:00+00:00,0.999,2377629.23
USDT,2022-05-13 11:00:00+00:00,0.999,4946791.6
USDT,2022-05-13 12:00:00+00:00,0.999,8788251.81
USDT,2022-05-13 13:00:00+00:00,0.999,2399110.99
USDT,2022-05-13 14:00:00+00:00,0.999,3959122.19
USDT,2022-05-13 15:00:00+00:00,0.999,2986344.05
USDT,2022-05-13 16:00:00+00:00,0.999,3480824.11
USDT,2022-05-13 17:00:00+00:00,0.998,2187703.93
USDT,2022-05-13 18:00:00+00:00,0.999,2519966.67
USDT,2022-05-13 19:00:00+00:00,0.999,2270291.54
USDT,2022-05-13 20:00:00+00:00,0.998,2283778.92
USDT,2022-05-13 21:00:00+00:00,0.998,2032799.86
USDT,2022-05-13 22:00:00+00:00,0.998,1644847.87
USDT,2022-05-13 23:00:00+00:00,0.999,1714132.0
USDT,2022-05-14 00:00:00+00:00,0.999,1079374.06
USDT,2022-05-14 01:00:00+00:00,0.999,1390867.41
USDT,2022-05-14 02:00:00+00:00,0.999,1089576.57
USDT,2022-05-14 03:00:00+00:00,0.998,1575791.53
USDT,2022-05-14 04:00:00+00:00,0.999,1080455.45
USDT,2022-05-14 05:00:00+00:00,0.998,1432529.46
USDT,2022-05-14 06:00:00+00:00,0.998,1068399.88
USDT,2022-05-14 07:00:00+00:00,0.998,598564.82
USDT,2022-05-14 08:00:00+00:00,0.997,4478054.8
USDT,2022-05-14 09:00:00+00:00,0.997,1153091.46
USDT,2022-05-14 10:00:00+00:00,0.998,1105956.0
USDT,2022-05-14 11:00:00+00:00,0.998,1852851.46
USDT,2022-05-14 12:00:00+00:00,0.998,1742572.1
USDT,2022-05-14 13:00:00+00:00,0.998,2425828.4
USDT,2022-05-14 14:00:00+00:00,0.999,1907611.01
USDT,2022-05-14 15:00:00+00:00,0.998,2889619.28
USDT,2022-05-14 16:00:00+00:00,0.998,1636735.52
USDT,2022-05-14 17:00:00+00:00,0.998,1287180.9
USDT,2022-05-14 18:00:00+00:00,0.999,1325852.72
USDT,2022-05-14 19:00:00+00:00,0.999,1056972.72
USDT,2022-05-14 20:00:00+00:00,0.999,1018553.52
USDT,2022-05-14 21:00:00+00:00,0.998,997344.83
USDT,2022-05-14 22:00:00+00:00,0.999,1461818.02
USDT,2022-05-14 23:00:00+00:00,0.999,1079103.57
USDT,2022-05-15 00:00:00+00:00,0.998,941631.66
USDT,2022-05-15 01:00:00+00:00,0.998,1403151.49
USDT,2022-05-15 02:00:00+00:00,0.999,1518298.58
USDT,2022-05-15 03:00:00+00:00,0.999,1696984.6
USDT,2022-05-15 04:00:00+00:00,0.999,948330.33
USDT,2022-05-15 05:00:00+00:00,0.999,968108.07
USDT,2022-05-15 06:00:00+00:00,0.999,428515.39
USDT,2022-05-15 07:00:00+00:00,0.999,340803.46
USDT,2022-05-15 08:00:00+00:00,0.998,431406.98
USDT,2022-05-15 09:00:00+00:00,0.999,307699.4
USDT,2022-05-15 10:00:00+00:00,0.998,440933.17
USDT,2022-05-15 11:00:00+00:00,0.999,443967.08
USDT,2022-05-15 12:00:00+00:00,0.998,1542575.44
USDT,2022-05-15 13:00:00+00:00,0.998,659215.94
USDT,2022-05-15 14:00:00+00:00,0.999,1243827.94
USDT,2022-05-15 15:00:00+00:00,0.998,841626.55
USDT,2022-05-15 16:00:00+00:00,0.999,942561.57
USDT,2022-05-15 17:00:00+00:00,0.999,1178033.47
USDT,2022-05-15 18:00:00+00:00,0.998,1067950.36
USDT,2022-05-15 19:00:00+00:00,0.998,923299.5
USDT,2022-05-15 20:00:00+00:00,0.999,1114932.93
USDT,2022-05-15 21:00:00+00:00,0.999,1713928.33
USDT,2022-05-15 22:00:00+00:00,0.998,1251178.93
USDT,2022-05-15 23:00:00+00:00,0.999,830717.17
USDT,2022-05-16 00:00:00+00:00,0.998,1169310.2
USDT,2022-05-16 01:00:00+00:00,0.998,1073323.27
USDT,2022-05-16 02:00:00+00:00,0.998,901569.7
USDT,2022-05-16 03:00:00+00:00,0.999,929017.11
USDT,2022-05-16 04:00:00+00:00,0.998,524714.76
USDT,2022-05-16 05:00:00+00:00,0.999,331977.01
USDT,2022-05-16 06:00:00+00:00,0.999,692519.81
USDT,2022-05-16 07:00:00+00:00,0.999,528609.74
USDT,2022-05-16 08:00:00+00:00,0.999,450923.35
USDT,2022-05-16 09:00:00+00:00,0.999,468842.5
USDT,2022-05-16 10:00:00+00:00,0.998,1018403.93
USDT,2022-05-16 11:00:00+00:00,0.999,3424528.17
USDT,2022-05-16 12:00:00+00:00,0.998,881215.21
USDT,2022-05-16 13:00:00+00:00,0.998,1289983.55
USDT,2022-05-16 14:00:00+00:00,0.998,2779783.57
USDT,2022-05-16 15:00:00+00:00,0.999,2298331.94
USDT,2022-05-16 16:00:00+00:00,0.998,1934763.09
USDT,2022-05-16 17:00:00+00:00,0.998,2283332.62
USDT,2022-05-16 18:00:00+00:00,0.998,2625322.44
USDT,2022-05-16 19:00:00+00:00,0.998,1560810.56
USDT,2022-05-16 20:00:00+00:00,0.998,1655905.18
USDT,2022-05-16 21:00:00+00:00,0.999,1675800.09
USDT,2022-05-16 22:00:00+00:00,0.999,1525190.11
USDT,2022-05-16 23:00:00+00:00,0.999,1359389.76
USDT,2022-05-17 00:00:00+00:00,0.999,1996234.02
USDT,2022-05-17 01:00:00+00:00,0.999,1244151.25
USDT,2022-05-17 02:00:00+00:00,0.998,1059699.02
USDT,2022-05-17 03:00:00+00:00,0.999,1125426.83
USDT,2022-05-17 04:00:00+00:00,0.999,2180642.79
USDT,2022-05-17 05:00:00+00:00,0.999,483311.37
USDT,2022-05-17 06:00:00+00:00,0.998,790263.58
USDT,2022-05-17 07:00:00+00:00,0.999,344895.16
USDT,2022-05-17 08:00:00+00:00,0.998,880090.14
USDT,2022-05-17 09:00:00+00:00,0.999,507342.08
USDT,2022-05-17 10:00:00+00:00,0.999,1067772.73
USDT,2022-05-17 11:00:00+00:00,0.998,880051.65
USDT,2022-05-17 12:00:00+00:00,0.998,896712.43
USDT,2022-05-17 13:00:00+00:00,0.999,1340319.28
USDT,2022-05-17 14:00:00+00:00,0.999,1604499.07
USDT,2022-05-17 15:00:00+00:00,0.998,1245191.86
USDT,2022-05-17 16:00:00+00:00,0.999,2706839.14
USDT,2022-05-17 17:00:00+00:00,0.999,1811924.56
USDT,2022-05-17 18:00:00+00:00,0.999,1889830.6
USDT,2022-05-17 19:00:00+00:00,0.999,1576353.07
USDT,2022-05-17 20:00:00+00:00,0.998,1243852.22
USDT,2022-05-17 21:00:00+00:00,0.998,4389734.92
USDT,2022-05-17 22:00:00+00:00,0.999,906014.33
USDT,2022-05-17 23:00:00+00:00,0.999,859456.08
USDT,2022-05-18 00:00:00+00:00,0.999,915225.58
USDT,2022-05-18 01:00:00+00:00,0.999,684233.88
USDT,2022-05-18 02:00:00+00:00,0.999,659075.42
USDT,2022-05-18 03:00:00+00:00,0.999,874608.57
USDT,2022-05-18 04:00:00+00:00,0.998,534221.73
USDT,2022-05-18 05:00:00+00:00,0.998,408188.42
USDT,2022-05-18 06:00:00+00:00,0.999,635345.95
USDT,2022-05-18 07:00:00+00:00,0.999,3414166.41
USDT,2022-05-18 08:00:00+00:00,0.999,403023.12
USDT,2022-05-18 09:00:00+00:00,0.999,280921.55
USDT,2022-05-18 10:00:00+00:00,0.999,2654180.88
USDT,2022-05-18 11:00:00+00:00,0.999,925247.23
USDT,2022-05-18 12:00:00+00:00,0.999,888344.2
USDT,2022-05-18 13:00:00+00:00,0.999,2080867.24
USDT,2022-05-18 14:00:00+00:00,0.999,1515140.88
USDT,2022-05-18 15:00:00+00:00,0.999,2255047.07
USDT,2022-05-18 16:00:00+00:00,0.999,1752532.53
USDT,2022-05-18 17:00:00+00:00,0.999,1917439.57
USDT,2022-05-18 18:00:00+00:00,0.999,2033309.62
USDT,2022-05-18 19:00:00+00:00,0.998,1475608.11
USDT,2022-05-18 20:00:00+00:00,0.998,1446285.32
USDT,2022-05-18 21:00:00+00:00,0.998,1607207.91
USDT,2022-05-18 22:00:00+00:00,0.999,1252753.29
USDT,2022-05-18 23:00:00+00:00,0.998,1826455.78
USDT,2022-05-19 00:00:00+00:00,0.999,1772884.03
USDT,2022-05-19 01:00:00+00:00,0.999,1029792.27
USDT,2022-05-19 02:00:00+00:00,0.999,1153940.13
USDT,2022-05-19 03:00:00+00:00,0.998,902248.52
USDT,2022-05-19 04:00:00+00:00,0.999,574160.46
USDT,2022-05-19 05:00:00+00:00,0.999,6067417.42
USDT,2022-05-19 06:00:00+00:00,0.999,2931436.46
USDT,2022-05-19 07:00:00+00:00,0.999,4141534.1
USDT,2022-05-19 08:00:00+00:00,0.999,2627548.56
USDT,2022-05-19 09:00:00+00:00,0.998,2974489.79
USDT,2022-05-19 10:00:00+00:00,0.998,640706.37
USDT,2022-05-19 11:00:00+00:00,0.999,2244460.0
USDT,2022-05-19 12:00:00+00:00,0.999,3649807.77
USDT,2022-05-19 13:00:00+00:00,0.999,2715572.74
USDT,2022-05-19 14:00:00+00:00,0.999,4172063.69
USDT,2022-05-19 15:00:00+00:00,0.998,7200891.22
USDT,2022-05-19 16:00:00+00:00,0.999,4424092.1
USDT,2022-05-19 17:00:00+00:00,1.0,3823081.6
USDT,2022-05-19 18:00:00+00:00,0.99886,4324571.09
USDT,2022-05-19 19:00:00+00:00,0.999,4893680.57
USDT,2022-05-19 20:00:00+00:00,0.99891,3303658.97
USDT,2022-05-19 21:00:00+00:00,0.99894,4578978.62
USDT,2022-05-19 22:00:00+00:00,0.99879,2593574.51
USDT,2022-05-19 23:00:00+00:00,0.9988,1341203.14
USDT,2022-05-20 00:00:00+00:00,0.99886,2895229.85
USDT,2022-05-20 01:00:00+00:00,0.99874,4016510.23
USDT,2022-05-20 02:00:00+00:00,0.99894,1509788.96
USDT,2022-05-20 03:00:00+00:00,0.99884,960024.67
USDT,2022-05-20 04:00:00+00:00,0.99889,2466574.07
USDT,2022-05-20 05:00:00+00:00,0.9988,895800.17
USDT,2022-05-20 06:00:00+00:00,0.999,1510567.4
USDT,2022-05-20 07:00:00+00:00,0.999,2414581.07
USDT,2022-05-20 08:00:00+00:00,0.99911,716124.37
USDT,2022-05-20 09:00:00+00:00,0.99919,559633.25
USDT,2022-05-20 10:00:00+00:00,0.9992,929096.37
USDT,2022-05-20 11:00:00+00:00,0.99928,1956007.66
USDT,2022-05-20 12:00:00+00:00,0.99919,3899352.38
USDT,2022-05-20 13:00:00+00:00,0.9991,2187452.31
USDT,2022-05-20 14:00:00+00:00,0.99911,4421072.14
USDT,2022-05-20 15:00:00+00:00,0.99888,4741074.89
USDT,2022-05-20 16:00:00+00:00,0.99875,2429472.19
USDT,2022-05-20 17:00:00+00:00,0.99867,3978289.99
USDT,2022-05-20 18:00:00+00:00,0.99874,4569489.88
USDT,2022-05-20 19:00:00+00:00,0.99879,2691673.82
USDT,2022-05-20 20:00:00+00:00,0.99875,2417139.49
USDT,2022-05-20 21:00:00+00:00,0.99881,2244116.36
USDT,2022-05-20 22:00:00+00:00,0.99868,2516202.29
USDT,2022-05-20 23:00:00+00:00,0.99881,3047744.63
USDT,2022-05-21 00:00:00+00:00,0.9988,1309964.91
USDT,2022-05-21 01:00:00+00:00,0.99872,6592591.26
USDT,2022-05-21 02:00:00+00:00,0.99872,1009110.9
USDT,2022-05-21 03:00:00+00:00,0.99873,621275.61
USDT,2022-05-21 04:00:00+00:00,0.99872,481711.6
USDT,2022-05-21 05:00:00+00:00,0.99873,855362.27
USDT,2022-05-21 06:00:00+00:00,0.99876,1145890.87
USDT,2022-05-21 07:00:00+00:00,0.99873,525625.56
USDT,2022-05-21 08:00:00+00:00,0.99867,664404.96
USDT,2022-05-21 09:00:00+00:00,0.99863,847298.9
USDT,2022-05-21 10:00:00+00:00,0.99862,822764.91
USDT,2022-05-21 11:00:00+00:00,0.99865,445096.97
USDT,2022-05-21 12:00:00+00:00,0.99865,464551.11
USDT,2022-05-21 13:00:00+00:00,0.99863,829761.15
USDT,2022-05-21 14:00:00+00:00,0.9986,1897892.12
USDT,2022-05-21 15:00:00+00:00,0.99861,2618881.87
USDT,2022-05-21 16:00:00+00:00,0.99861,4045840.64
USDT,2022-05-21 17:00:00+00:00,0.9986,1828881.92
USDT,2022-05-21 18:00:00+00:00,0.99866,887640.1
USDT,2022-05-21 19:00:00+00:00,0.9986,994902.07
USDT,2022-05-21 20:00:00+00:00,0.9986,747873.83
USDT,2022-05-21 21:00:00+00:00,0.99866,846182.22
USDT,2022-05-21 22:00:00+00:00,0.99866,738992.02
USDT,2022-05-21 23:00:00+00:00,0.99863,642021.43
USDT,2022-05-22 00:00:00+00:00,0.99862,1031637.53
USDT,2022-05-22 01:00:00+00:00,0.99865,490453.15
USDT,2022-05-22 02:00:00+00:00,0.9987,578502.14
USDT,2022-05-22 03:00:00+00:00,0.99862,1252369.99
USDT,2022-05-22 04:00:00+00:00,0.99871,854127.85
USDT,2022-05-22 05:00:00+00:00,0.9986,762987.76
USDT,2022-05-22 06:00:00+00:00,0.99861,1014828.89
USDT,2022-05-22 07:00:00+00:00,0.99861,465036.37
USDT,2022-05-22 08:00:00+00:00,0.99865,525589.09
USDT,2022-05-22 09:00:00+00:00,0.99866,2014468.45
USDT,2022-05-22 10:00:00+00:00,0.99861,2966297.58
USDT,2022-05-22 11:00:00+00:00,0.99867,1654433.41
USDT,2022-05-22 12:00:00+00:00,0.99869,2970151.27
USDT,2022-05-22 13:00:00+00:00,0.9987,1269823.23
USDT,2022-05-22 14:00:00+00:00,0.99873,2571020.88
USDT,2022-05-22 15:00:00+00:00,0.99871,2534716.76
USDT,2022-05-22 16:00:00+00:00,0.99878,2103955.39
USDT,2022-05-22 17:00:00+00:00,0.99879,1489031.46
USDT,2022-05-22 18:00:00+00:00,0.99879,1399645.08
USDT,2022-05-22 19:00:00+00:00,0.99883,983170.05
USDT,2022-05-22 20:00:00+00:00,0.9988,1093492.29
USDT,2022-05-22 21:00:00+00:00,0.99885,1173544.86
USDT,2022-05-22 22:00:00+00:00,0.99888,2404735.94
USDT,2022-05-22 23:00:00+00:00,0.99898,1072083.51
USDT,2022-05-23 00:00:00+00:00,0.99902,1372784.62
USDT,2022-05-23 01:00:00+00:00,0.99897,1115246.41
USDT,2022-05-23 02:00:00+00:00,0.99895,1043851.42
USDT,2022-05-23 03:00:00+00:00,0.99892,1253049.68
USDT,2022-05-23 04:00:00+00:00,0.99906,755301.2
USDT,2022-05-23 05:00:00+00:00,0.99892,2577603.65
USDT,2022-05-23 06:00:00+00:00,0.99895,2343100.43
USDT,2022-05-23 07:00:00+00:00,0.99896,3196021.77
USDT,2022-05-23 08:00:00+00:00,0.99901,2265831.01
USDT,2022-05-23 09:00:00+00:00,0.99895,1215242.05
USDT,2022-05-23 10:00:00+00:00,0.99909,1185904.76
USDT,2022-05-23 11:00:00+00:00,0.99895,1457203.73
USDT,2022-05-23 12:00:00+00:00,0.99908,1851688.95
USDT,2022-05-23 13:00:00+00:00,0.99895,1848552.23
USDT,2022-05-23 14:00:00+00:00,0.99895,2910592.43
USDT,2022-05-23 15:00:00+00:00,0.99897,2711414.86
USDT,2022-05-23 16:00:00+00:00,0.99892,2023892.62
USDT,2022-05-23 17:00:00+00:00,0.99893,2128328.55
USDT,2022-05-23 18:00:00+00:00,0.99894,1771512.33
USDT,2022-05-23 19:00:00+00:00,0.99887,5556591.6
USDT,2022-05-23 20:00:00+00:00,0.99906,2889214.32
USDT,2022-05-23 21:00:00+00:00,0.99889,1516302.37
USDT,2022-05-23 22:00:00+00:00,0.99898,3202155.97
USDT,2022-05-23 23:00:00+00:00,0.99897,1518590.48
USDT,2022-05-24 00:00:00+00:00,0.99887,1326139.15
USDT,2022-05-24 01:00:00+00:00,0.99886,974936.37
USDT,2022-05-24 02:00:00+00:00,0.99894,1827820.66
USDT,2022-05-24 03:00:00+00:00,0.99894,933450.81
USDT,2022-05-24 04:00:00+00:00,0.99885,1027953.56
USDT,2022-05-24 05:00:00+00:00,0.99886,671231.91
USDT,2022-05-24 06:00:00+00:00,0.99886,772754.98
USDT,2022-05-24 07:00:00+00:00,0.99886,974962.27
USDT,2022-05-24 08:00:00+00:00,0.99885,1200421.19
USDT,2022-05-24 09:00:00+00:00,0.99885,1259621.04
USDT,2022-05-24 10:00:00+00:00,0.99885,1525326.53
USDT,2022-05-24 11:00:00+00:00,0.99885,1425159.45
USDT,2022-05-24 12:00:00+00:00,0.99886,1407360.74
USDT,2022-05-24 13:00:00+00:00,0.99885,1365438.66
USDT,2022-05-24 14:00:00+00:00,0.99882,2743197.37
USDT,2022-05-24 15:00:00+00:00,0.99893,2327265.1
USDT,2022-05-24 16:00:00+00:00,0.99891,2871051.56
USDT,2022-05-24 17:00:00+00:00,0.99902,2682802.74
USDT,2022-05-24 18:00:00+00:00,0.9988,2988326.05
USDT,2022-05-24 19:00:00+00:00,0.99892,1685907.14
USDT,2022-05-24 20:00:00+00:00,0.99892,1702642.69
USDT,2022-05-24 21:00:00+00:00,0.99893,1651991.89
USDT,2022-05-24 22:00:00+00:00,0.99896,1232994.88
USDT,2022-05-24 23:00:00+00:00,0.99891,1561999.74
USDT,2022-05-25 00:00:00+00:00,0.99892,1075504.46
USDT,2022-05-25 01:00:00+00:00,0.99889,1451341.31
USDT,2022-05-25 02:00:00+00:00,0.99879,2646990.54
USDT,2022-05-25 03:00:00+00:00,0.9989,1046746.43
USDT,2022-05-25 04:00:00+00:00,0.99884,816924.71
USDT,2022-05-25 05:00:00+00:00,0.99882,1343100.82
USDT,2022-05-25 06:00:00+00:00,0.99881,958836.59
USDT,2022-05-25 07:00:00+00:00,0.99881,773866.09
USDT,2022-05-25 08:00:00+00:00,0.99881,1519217.8
USDT,2022-05-25 09:00:00+00:00,0.99888,1589202.55
USDT,2022-05-25 10:00:00+00:00,0.99884,836139.4
USDT,2022-05-25 11:00:00+00:00,0.99889,1492695.49
USDT,2022-05-25 12:00:00+00:00,0.9989,1589618.53
USDT,2022-05-25 13:00:00+00:00,0.99881,1858835.62
USDT,2022-05-25 14:00:00+00:00,0.99887,3788785.0
USDT,2022-05-25 15:00:00+00:00,0.99895,2788530.94
USDT,2022-05-25 16:00:00+00:00,0.99895,3280377.17
USDT,2022-05-25 17:00:00+00:00,0.99897,2805703.26
USDT,2022-05-25 18:00:00+00:00,0.99895,2323919.79
USDT,2022-05-25 19:00:00+00:00,0.99893,2671837.92
USDT,2022-05-25 20:00:00+00:00,0.99899,1869835.28
USDT,2022-05-25 21:00:00+00:00,0.99897,2097668.82
USDT,2022-05-25 22:00:00+00:00,0.99889,3455928.73
USDT,2022-05-25 23:00:00+00:00,0.99888,4565220.22
USDT,2022-05-26 00:00:00+00:00,0.99896,1238520.47
USDT,2022-05-26 01:00:00+00:00,0.9989,2797286.07
USDT,2022-05-26 02:00:00+00:00,0.99889,1345602.95
USDT,2022-05-26 03:00:00+00:00,0.99891,834588.61
USDT,2022-05-26 04:00:00+00:00,0.99887,1351675.49
USDT,2022-05-26 05:00:00+00:00,0.99883,891358.07
USDT,2022-05-26 06:00:00+00:00,0.99881,1223980.65
USDT,2022-05-26 07:00:00+00:00,0.99881,1956986.1
USDT,2022-05-26 08:00:00+00:00,0.99898,4736741.33
USDT,2022-05-26 09:00:00+00:00,0.99883,3056526.93
USDT,2022-05-26 10:00:00+00:00,0.99882,1092855.37
USDT,2022-05-26 11:00:00+00:00,0.99882,1866417.16
USDT,2022-05-26 12:00:00+00:00,0.99881,2282684.88
USDT,2022-05-26 13:00:00+00:00,0.99888,6108477.55
USDT,2022-05-26 14:00:00+00:00,0.99907,5875691.49
USDT,2022-05-26 15:00:00+00:00,0.99898,3075629.95
USDT,2022-05-26 16:00:00+00:00,0.999,3961108.38
USDT,2022-05-26 17:00:00+00:00,0.99897,1869496.95
USDT,2022-05-26 18:00:00+00:00,0.99902,2679972.12
USDT,2022-05-26 19:00:00+00:00,0.99898,2901963.78
USDT,2022-05-26 20:00:00+00:00,0.99896,3216635.07
USDT,2022-05-26 21:00:00+00:00,0.99883,1885266.15
USDT,2022-05-26 22:00:00+00:00,0.99875,2879669.86
USDT,2022-05-26 23:00:00+00:00,0.9988,4678116.78
USDT,2022-05-27 00:00:00+00:00,0.99885,3826754.2
USDT,2022-05-27 01:00:00+00:00,0.99888,1802023.45
USDT,2022-05-27 02:00:00+00:00,0.99881,4355141.34
USDT,2022-05-27 03:00:00+00:00,0.99886,1582051.52
USDT,2022-05-27 04:00:00+00:00,0.99889,1765942.81
USDT,2022-05-27 05:00:00+00:00,0.99883,2506549.82
USDT,2022-05-27 06:00:00+00:00,0.99882,1980985.38
USDT,2022-05-27 07:00:00+00:00,0.99877,2806854.14
USDT,2022-05-27 08:00:00+00:00,0.99886,2289033.23
USDT,2022-05-27 09:00:00+00:00,0.99885,1388335.63
USDT,2022-05-27 10:00:00+00:00,0.99888,2155363.06
USDT,2022-05-27 11:00:00+00:00,0.99881,2439792.13
USDT,2022-05-27 12:00:00+00:00,0.99888,5396441.55
USDT,2022-05-27 13:00:00+00:00,0.99896,3212222.82
USDT,2022-05-27 14:00:00+00:00,0.99894,2499780.0
USDT,2022-05-27 15:00:00+00:00,0.99883,3553719.76
USDT,2022-05-27 16:00:00+00:00,0.99876,3641942.73
USDT,2022-05-27 17:00:00+00:00,0.99873,4686775.74
USDT,2022-05-27 18:00:00+00:00,0.99873,4413806.95
USDT,2022-05-27 19:00:00+00:00,0.99882,2556104.51
USDT,2022-05-27 20:00:00+00:00,0.99886,2182147.75
USDT,2022-05-27 21:00:00+00:00,0.99885,1622561.11
USDT,2022-05-27 22:00:00+00:00,0.99881,1187677.08
USDT,2022-05-27 23:00:00+00:00,0.99867,3167435.94
USDT,2022-05-28 00:00:00+00:00,0.99873,1751337.14
USDT,2022-05-28 01:00:00+00:00,0.99877,1048853.33
USDT,2022-05-28 02:00:00+00:00,0.99884,790545.41
USDT,2022-05-28 03:00:00+00:00,0.99881,739282.36
USDT,2022-05-28 04:00:00+00:00,0.99888,1069430.72
USDT,2022-05-28 05:00:00+00:00,0.99889,622782.73
USDT,2022-05-28 06:00:00+00:00,0.99892,601078.55
USDT,2022-05-28 07:00:00+00:00,0.99886,574386.06
USDT,2022-05-28 08:00:00+00:00,0.99899,762398.19
USDT,2022-05-28 09:00:00+00:00,0.99897,553199.56
USDT,2022-05-28 10:00:00+00:00,0.99891,447036.96
USDT,2022-05-28 11:00:00+00:00,0.99891,523173.1
USDT,2022-05-28 12:00:00+00:00,0.99891,649536.34
USDT,2022-05-28 13:00:00+00:00,0.9989,1079717.28
USDT,2022-05-28 14:00:00+00:00,0.99899,791905.78
USDT,2022-05-28 15:00:00+00:00,0.99894,1621819.43
USDT,2022-05-28 16:00:00+00:00,0.99898,1076104.62
USDT,2022-05-28 17:00:00+00:00,0.99894,1594526.29
USDT,2022-05-28 18:00:00+00:00,0.99899,721308.87
USDT,2022-05-28 19:00:00+00:00,0.99887,884173.48
USDT,2022-05-28 20:00:00+00:00,0.99887,639773.86
USDT,2022-05-28 21:00:00+00:00,0.9988,631620.63
USDT,2022-05-28 22:00:00+00:00,0.9988,1051848.94
USDT,2022-05-28 23:00:00+00:00,0.99888,615055.2
USDT,2022-05-29 00:00:00+00:00,0.9989,549730.85
USDT,2022-05-29 01:00:00+00:00,0.99889,721597.98
USDT,2022-05-29 02:00:00+00:00,0.999,2500879.07
USDT,2022-05-29 03:00:00+00:00,0.9989,1074655.28
USDT,2022-05-29 04:00:00+00:00,0.99891,947122.26
USDT,2022-05-29 05:00:00+00:00,0.99891,712730.2
USDT,2022-05-29 06:00:00+00:00,0.99888,536173.75
USDT,2022-05-29 07:00:00+00:00,0.99891,624498.85
USDT,2022-05-29 08:00:00+00:00,0.99894,1140520.55
USDT,2022-05-29 09:00:00+00:00,0.99893,1497609.01
USDT,2022-05-29 10:00:00+00:00,0.99891,1280531.04
USDT,2022-05-29 11:00:00+00:00,0.99896,1589087.54
USDT,2022-05-29 12:00:00+00:00,0.99898,682116.65
USDT,2022-05-29 13:00:00+00:00,0.9989,5999855.1
USDT,2022-05-29 14:00:00+00:00,0.99893,1483251.57
USDT,2022-05-29 15:00:00+00:00,0.99893,1460612.13
USDT,2022-05-29 16:00:00+00:00,0.99896,1406473.33
USDT,2022-05-29 17:00:00+00:00,0.99892,1059461.73
USDT,2022-05-29 18:00:00+00:00,0.99895,932832.45
USDT,2022-05-29 19:00:00+00:00,0.9989,1687239.3
USDT,2022-05-29 20:00:00+00:00,0.99896,750565.37
USDT,2022-05-29 21:00:00+00:00,0.99889,926777.11
USDT,2022-05-29 22:00:00+00:00,0.99894,1233035.89
USDT,2022-05-29 23:00:00+00:00,0.99892,670692.66
USDT,2022-05-30 00:00:00+00:00,0.99894,1109817.68
USDT,2022-05-30 01:00:00+00:00,0.99896,2200914.41
USDT,2022-05-30 02:00:00+00:00,0.99897,2573347.44
USDT,2022-05-30 03:00:00+00:00,0.99899,1823165.01
USDT,2022-05-30 04:00:00+00:00,0.99899,805626.76
USDT,2022-05-30 05:00:00+00:00,0.99899,1220900.16
USDT,2022-05-30 06:00:00+00:00,0.99909,5113861.28
USDT,2022-05-30 07:00:00+00:00,0.99913,957796.23
USDT,2022-05-30 08:00:00+00:00,0.9992,1054253.67
USDT,2022-05-30 09:00:00+00:00,0.99926,1052705.2
USDT,2022-05-30 10:00:00+00:00,0.99935,2049874.91
USDT,2022-05-30 11:00:00+00:00,0.99927,1068004.37
USDT,2022-05-30 12:00:00+00:00,0.99925,1563280.32
USDT,2022-05-30 13:00:00+00:00,0.99927,1753250.36
USDT,2022-05-30 14:00:00+00:00,0.99924,2982997.81
USDT,2022-05-30 15:00:00+00:00,0.99927,1563791.34
USDT,2022-05-30 16:00:00+00:00,0.99932,1429169.01
USDT,2022-05-30 17:00:00+00:00,0.9993,1687213.58
USDT,2022-05-30 18:00:00+00:00,0.99935,1672537.45
USDT,2022-05-30 19:00:00+00:00,0.99917,1272067.92
USDT,2022-05-30 20:00:00+00:00,0.99916,3125883.86
USDT,2022-05-30 21:00:00+00:00,0.99916,4361728.46
USDT,2022-05-30 22:00:00+00:00,0.99935,2274333.03
USDT,2022-05-30 23:00:00+00:00,0.99928,2667845.46
USDT,2022-05-31 00:00:00+00:00,0.99935,2018892.2
USDT,2022-05-31 01:00:00+00:00,0.99936,876931.5
USDT,2022-05-31 02:00:00+00:00,0.99935,1097593.42
USDT,2022-05-31 03:00:00+00:00,0.9992,2169640.05
USDT,2022-05-31 04:00:00+00:00,0.99922,1377948.43
USDT,2022-05-31 05:00:00+00:00,0.99916,2644795.32
USDT,2022-05-31 06:00:00+00:00,0.99916,4199836.19
USDT,2022-05-31 07:00:00+00:00,0.99923,3084960.67
USDT,2022-05-31 08:00:00+00:00,0.99918,1178167.83
USDT,2022-05-31 09:00:00+00:00,0.9992,2488219.59
USDT,2022-05-31 10:00:00+00:00,0.99918,2189592.33
USDT,2022-05-31 11:00:00+00:00,0.99928,1583902.52
USDT,2022-05-31 12:00:00+00:00,0.99917,2285845.94
USDT,2022-05-31 13:00:00+00:00,0.9992,3615511.79
USDT,2022-05-31 14:00:00+00:00,0.99927,3203677.92
USDT,2022-05-31 15:00:00+00:00,0.99925,2472586.17
USDT,2022-05-31 16:00:00+00:00,0.99932,3418700.94
USDT,2022-05-31 17:00:00+00:00,0.99931,3278730.76
USDT,2022-05-31 18:00:00+00:00,0.99918,2303248.65
USDT,2022-05-31 19:00:00+00:00,0.99919,2686415.42
USDT,2022-05-31 20:00:00+00:00,0.9993,1699960.72
USDT,2022-05-31 21:00:00+00:00,0.9992,4455445.06
USDT,2022-05-31 22:00:00+00:00,0.99923,2009078.01
USDT,2022-05-31 23:00:00+00:00,0.99915,2069499.75
USDT,2022-06-01 00:00:00+00:00,0.99926,2210198.95
USDT,2022-06-01 01:00:00+00:00,0.99921,2531823.2
USDT,2022-06-01 02:00:00+00:00,0.99921,991949.85
USDT,2022-06-01 03:00:00+00:00,0.99918,1006193.1
USDT,2022-06-01 04:00:00+00:00,0.99913,1167545.81
USDT,2022-06-01 05:00:00+00:00,0.99918,769194.53
USDT,2022-06-01 06:00:00+00:00,0.99919,1407140.39
USDT,2022-06-01 07:00:00+00:00,0.99919,844144.62
USDT,2022-06-01 08:00:00+00:00,0.99916,1039361.35
USDT,2022-06-01 09:00:00+00:00,0.99918,457936.41
USDT,2022-06-01 10:00:00+00:00,0.99919,510589.44
USDT,2022-06-01 11:00:00+00:00,0.99919,770569.94
USDT,2022-06-01 12:00:00+00:00,0.99916,1107712.42
USDT,2022-06-01 13:00:00+00:00,0.99917,1041947.25
USDT,2022-06-01 14:00:00+00:00,0.99915,4458929.7
USDT,2022-06-01 15:00:00+00:00,0.99908,3763782.23
USDT,2022-06-01 16:00:00+00:00,0.99915,3000942.07
USDT,2022-06-01 17:00:00+00:00,0.999,2639161.67
USDT,2022-06-01 18:00:00+00:00,0.99897,3250084.75
USDT,2022-06-01 19:00:00+00:00,0.99885,3140932.14
USDT,2022-06-01 20:00:00+00:00,0.99923,5245759.13
USDT,2022-06-01 21:00:00+00:00,0.99911,2095751.35
USDT,2022-06-01 22:00:00+00:00,0.99911,3944217.83
USDT,2022-06-01 23:00:00+00:00,0.99909,1775873.32
USDT,2022-06-02 00:00:00+00:00,0.9991,1303266.35
USDT,2022-06-02 01:00:00+00:00,0.99906,825166.06
USDT,2022-06-02 02:00:00+00:00,0.99903,979614.7
USDT,2022-06-02 03:00:00+00:00,0.99909,854527.49
USDT,2022-06-02 04:00:00+00:00,0.99909,1361155.05
USDT,2022-06-02 05:00:00+00:00,0.99911,2145182.28
USDT,2022-06-02 06:00:00+00:00,0.99914,895510.85
USDT,2022-06-02 07:00:00+00:00,0.9991,1595680.66
USDT,2022-06-02 08:00:00+00:00,0.99906,2344596.07
USDT,2022-06-02 09:00:00+00:00,0.99905,1673495.63
USDT,2022-06-02 10:00:00+00:00,0.99908,979871.22
USDT,2022-06-02 11:00:00+00:00,0.99916,1020935.33
USDT,2022-06-02 12:00:00+00:00,0.99916,2004343.38
USDT,2022-06-02 13:00:00+00:00,0.99906,2888705.32
USDT,2022-06-02 14:00:00+00:00,0.99922,3527219.27
USDT,2022-06-02 15:00:00+00:00,0.99918,4644281.65
USDT,2022-06-02 16:00:00+00:00,0.99925,2043556.41
USDT,2022-06-02 17:00:00+00:00,0.99924,2075298.12
USDT,2022-06-02 18:00:00+00:00,0.99915,1667883.98
USDT,2022-06-02 19:00:00+00:00,0.99927,1535448.47
USDT,2022-06-02 20:00:00+00:00,0.9992,2092469.63
USDT,2022-06-02 21:00:00+00:00,0.99923,1700932.15
USDT,2022-06-02 22:00:00+00:00,0.99923,1533068.88
USDT,2022-06-02 23:00:00+00:00,0.9993,1079584.07
USDT,2022-06-03 00:00:00+00:00,0.99922,1635901.79
USDT,2022-06-03 01:00:00+00:00,0.99919,1631148.5
USDT,2022-06-03 02:00:00+00:00,0.9992,1286895.25
USDT,2022-06-03 03:00:00+00:00,0.99919,1862832.29
USDT,2022-06-03 04:00:00+00:00,0.99923,1085006.17
USDT,2022-06-03 05:00:00+00:00,0.99921,588243.59
USDT,2022-06-03 06:00:00+00:00,0.99924,986149.22
USDT,2022-06-03 07:00:00+00:00,0.99926,880120.53
USDT,2022-06-03 08:00:00+00:00,0.9992,781150.7
USDT,2022-06-03 09:00:00+00:00,0.99922,788992.04
USDT,2022-06-03 10:00:00+00:00,0.99929,1705364.72
USDT,2022-06-03 11:00:00+00:00,0.99924,1821313.23
USDT,2022-06-03 12:00:00+00:00,0.99906,1567935.97
USDT,2022-06-03 13:00:00+00:00,0.99914,2443759.61
USDT,2022-06-03 14:00:00+00:00,0.99901,2081331.26
USDT,2022-06-03 15:00:00+00:00,0.999,1498546.22
USDT,2022-06-03 16:00:00+00:00,0.99897,1779656.03
USDT,2022-06-03 17:00:00+00:00,0.99894,1632654.07
USDT,2022-06-03 18:00:00+00:00,0.99897,1229537.87
USDT,2022-06-03 19:00:00+00:00,0.99899,1196268.15
USDT,2022-06-03 20:00:00+00:00,0.99904,1936693.82
USDT,2022-06-03 21:00:00+00:00,0.99914,2429194.52
USDT,2022-06-03 22:00:00+00:00,0.9991,2517590.2
USDT,2022-06-03 23:00:00+00:00,0.99903,993174.5
USDT,2022-06-04 00:00:00+00:00,0.99899,1164387.08
USDT,2022-06-04 01:00:00+00:00,0.99899,849496.21
USDT,2022-06-04 02:00:00+00:00,0.99896,1000760.31
USDT,2022-06-04 03:00:00+00:00,0.999,977132.0
USDT,2022-06-04 04:00:00+00:00,0.999,725243.58
USDT,2022-06-04 05:00:00+00:00,0.99895,475843.04
USDT,2022-06-04 06:00:00+00:00,0.99896,430188.98
USDT,2022-06-04 07:00:00+00:00,0.99905,458389.43
USDT,2022-06-04 08:00:00+00:00,0.99905,575298.8
USDT,2022-06-04 09:00:00+00:00,0.99908,857445.39
USDT,2022-06-04 10:00:00+00:00,0.99912,645686.26
USDT,2022-06-04 11:00:00+00:00,0.99915,622876.76
USDT,2022-06-04 12:00:00+00:00,0.99919,1251187.06
USDT,2022-06-04 13:00:00+00:00,0.99919,1560214.88
USDT,2022-06-04 14:00:00+00:00,0.9992,2017875.39
USDT,2022-06-04 15:00:00+00:00,0.9992,1270544.57
USDT,2022-06-04 16:00:00+00:00,0.99915,1476973.86
USDT,2022-06-04 17:00:00+00:00,0.9992,1109155.56
USDT,2022-06-04 18:00:00+00:00,0.9992,1895772.69
USDT,2022-06-04 19:00:00+00:00,0.9992,1210147.71
USDT,2022-06-04 20:00:00+00:00,0.99922,791076.98
USDT,2022-06-04 21:00:00+00:00,0.99925,615565.44
USDT,2022-06-04 22:00:00+00:00,0.99914,927214.96
USDT,2022-06-04 23:00:00+00:00,0.99911,1689615.97
USDT,2022-06-05 00:00:00+00:00,0.9992,879584.04
USDT,2022-06-05 01:00:00+00:00,0.99919,666593.83
USDT,2022-06-05 02:00:00+00:00,0.99931,560783.72
USDT,2022-06-05 03:00:00+00:00,0.9993,1631194.51
USDT,2022-06-05 04:00:00+00:00,0.99931,1239734.32
USDT,2022-06-05 05:00:00+00:00,0.99931,749962.68
USDT,2022-06-05 06:00:00+00:00,0.99931,1086084.16
USDT,2022-06-05 07:00:00+00:00,0.99923,1113347.03
USDT,2022-06-05 08:00:00+00:00,0.99917,572675.21
USDT,2022-06-05 09:00:00+00:00,0.99915,506273.62
USDT,2022-06-05 10:00:00+00:00,0.99916,535204.68
USDT,2022-06-05 11:00:00+00:00,0.99908,287067.77
USDT,2022-06-05 12:00:00+00:00,0.99913,708629.24
USDT,2022-06-05 13:00:00+00:00,0.99918,543684.24
USDT,2022-06-05 14:00:00+00:00,0.9992,973780.65
USDT,2022-06-05 15:00:00+00:00,0.99918,1409160.82
USDT,2022-06-05 16:00:00+00:00,0.9992,1416972.16
USDT,2022-06-05 17:00:00+00:00,0.9992,1170706.91
USDT,2022-06-05 18:00:00+00:00,0.99911,1406754.07
USDT,2022-06-05 19:00:00+00:00,0.99908,540064.1
USDT,2022-06-05 20:00:00+00:00,0.99906,1132432.69
USDT,2022-06-05 21:00:00+00:00,0.99906,528414.05
USDT,2022-06-05 22:00:00+00:00,0.99908,742386.53
USDT,2022-06-05 23:00:00+00:00,0.99906,543631.41
USDT,2022-06-06 00:00:00+00:00,0.99916,846230.2
USDT,2022-06-06 01:00:00+00:00,0.99916,1347541.2
USDT,2022-06-06 02:00:00+00:00,0.99918,650525.28
USDT,2022-06-06 03:00:00+00:00,0.99918,1504752.5
USDT,2022-06-06 04:00:00+00:00,0.99905,2040838.07
USDT,2022-06-06 05:00:00+00:00,0.99915,1655904.13
USDT,2022-06-06 06:00:00+00:00,0.99911,1865410.87
USDT,2022-06-06 07:00:00+00:00,0.99914,1306079.89
USDT,2022-06-06 08:00:00+00:00,0.99915,2642830.71
USDT,2022-06-06 09:00:00+00:00,0.99917,958712.81
USDT,2022-06-06 10:00:00+00:00,0.99918,994258.48
USDT,2022-06-06 11:00:00+00:00,0.99917,2013698.12
USDT,2022-06-06 12:00:00+00:00,0.99917,898880.13
USDT,2022-06-06 13:00:00+00:00,0.99914,1809519.89
USDT,2022-06-06 14:00:00+00:00,0.99914,1380117.01
USDT,2022-06-06 15:00:00+00:00,0.99917,2500041.81
USDT,2022-06-06 16:00:00+00:00,0.99915,2414231.91
USDT,2022-06-06 17:00:00+00:00,0.99919,4095393.62
USDT,2022-06-06 18:00:00+00:00,0.99916,1889972.52
USDT,2022-06-06 19:00:00+00:00,0.9992,1523396.88
USDT,2022-06-06 20:00:00+00:00,0.99916,1317650.84
USDT,2022-06-06 21:00:00+00:00,0.99917,1323358.15
USDT,2022-06-06 22:00:00+00:00,0.99916,1159030.26
USDT,2022-06-06 23:00:00+00:00,0.99916,1264700.07
USDT,2022-06-07 00:00:00+00:00,0.99916,2835698.78
USDT,2022-06-07 01:00:00+00:00,0.99916,3254030.19
USDT,2022-06-07 02:00:00+00:00,0.99915,2589643.92
USDT,2022-06-07 03:00:00+00:00,0.99925,1114823.47
USDT,2022-06-07 04:00:00+00:00,0.99936,841729.25
USDT,2022-06-07 05:00:00+00:00,0.99931,955164.74
USDT,2022-06-07 06:00:00+00:00,0.99928,701606.85
USDT,2022-06-07 07:00:00+00:00,0.99928,757442.04
USDT,2022-06-07 08:00:00+00:00,0.9992,1135629.18
USDT,2022-06-07 09:00:00+00:00,0.99925,860537.55
USDT,2022-06-07 10:00:00+00:00,0.9992,1329476.61
USDT,2022-06-07 11:00:00+00:00,0.9992,1086566.72
USDT,2022-06-07 12:00:00+00:00,0.99919,2091738.01
USDT,2022-06-07 13:00:00+00:00,0.99926,1571498.91
USDT,2022-06-07 14:00:00+00:00,0.99925,1446659.91
USDT,2022-06-07 15:00:00+00:00,0.99917,1652907.59
USDT,2022-06-07 16:00:00+00:00,0.99914,3191543.18
USDT,2022-06-07 17:00:00+00:00,0.99911,2199022.85
USDT,2022-06-07 18:00:00+00:00,0.99918,2348462.31
USDT,2022-06-07 19:00:00+00:00,0.9992,2965093.18
USDT,2022-06-07 20:00:00+00:00,0.9992,4758501.41
USDT,2022-06-07 21:00:00+00:00,0.99919,3713630.06
USDT,2022-06-07 22:00:00+00:00,0.99972,9621690.77
USDT,2022-06-07 23:00:00+00:00,0.99932,3648564.83
USDT,2022-06-08 00:00:00+00:00,0.99933,1789374.15
USDT,2022-06-08 01:00:00+00:00,0.99941,2721222.03
USDT,2022-06-08 02:00:00+00:00,0.99927,2008865.54
USDT,2022-06-08 03:00:00+00:00,0.99935,2816685.47
USDT,2022-06-08 04:00:00+00:00,0.99937,1484183.56
USDT,2022-06-08 05:00:00+00:00,0.99928,1287060.89
USDT,2022-06-08 06:00:00+00:00,0.99929,1624446.64
USDT,2022-06-08 07:00:00+00:00,0.99931,730604.52
USDT,2022-06-08 08:00:00+00:00,0.99932,1171258.07
USDT,2022-06-08 09:00:00+00:00,0.99937,1748128.72
USDT,2022-06-08 10:00:00+00:00,0.99934,948678.52
USDT,2022-06-08 11:00:00+00:00,0.99938,912258.22
USDT,2022-06-08 12:00:00+00:00,0.9993,1061236.72
USDT,2022-06-08 13:00:00+00:00,0.99926,2256852.86
USDT,2022-06-08 14:00:00+00:00,0.99932,1367034.81
USDT,2022-06-08 15:00:00+00:00,0.99942,1379957.74
USDT,2022-06-08 16:00:00+00:00,0.99932,1779044.01
USDT,2022-06-08 17:00:00+00:00,0.99927,1524636.55
USDT,2022-06-08 18:00:00+00:00,0.99931,1925831.09
USDT,2022-06-08 19:00:00+00:00,0.99925,2258676.24
USDT,2022-06-08 20:00:00+00:00,0.99932,1957156.9
USDT,2022-06-08 21:00:00+00:00,0.99935,2177212.21
USDT,2022-06-08 22:00:00+00:00,0.99926,1612421.71
USDT,2022-06-08 23:00:00+00:00,0.99921,1853730.28
USDT,2022-06-09 00:00:00+00:00,0.99926,1969459.15
USDT,2022-06-09 01:00:00+00:00,0.99922,1226432.02
USDT,2022-06-09 02:00:00+00:00,0.99921,1672635.84
USDT,2022-06-09 03:00:00+00:00,0.99925,1094559.83
USDT,2022-06-09 04:00:00+00:00,0.99924,1111210.44
USDT,2022-06-09 05:00:00+00:00,0.99921,788013.74
USDT,2022-06-09 06:00:00+00:00,0.99921,586468.74
USDT,2022-06-09 07:00:00+00:00,0.99921,929115.16
USDT,2022-06-09 08:00:00+00:00,0.99918,650815.99
USDT,2022-06-09 09:00:00+00:00,0.99911,2185189.97
USDT,2022-06-09 10:00:00+00:00,0.9992,2244632.08
USDT,2022-06-09 11:00:00+00:00,0.99919,1563207.74
USDT,2022-06-09 12:00:00+00:00,0.99917,2551788.71
USDT,2022-06-09 13:00:00+00:00,0.99927,1560193.32
USDT,2022-06-09 14:00:00+00:00,0.99923,1124264.02
USDT,2022-06-09 15:00:00+00:00,0.99925,2270700.95
USDT,2022-06-09 16:00:00+00:00,0.99923,2898208.87
USDT,2022-06-09 17:00:00+00:00,0.9992,1672853.69
USDT,2022-06-09 18:00:00+00:00,0.99919,1443871.58
USDT,2022-06-09 19:00:00+00:00,0.99915,1869100.11
USDT,2022-06-09 20:00:00+00:00,0.99919,1596479.35
USDT,2022-06-09 21:00:00+00:00,0.99915,1216356.87
USDT,2022-06-09 22:00:00+00:00,0.99916,1384374.0
USDT,2022-06-09 23:00:00+00:00,0.99915,1584461.56
USDT,2022-06-10 00:00:00+00:00,0.99931,3727909.55
USDT,2022-06-10 01:00:00+00:00,0.99919,1912301.67
USDT,2022-06-10 02:00:00+00:00,0.99914,1191956.62
USDT,2022-06-10 03:00:00+00:00,0.9992,996612.63
USDT,2022-06-10 04:00:00+00:00,0.99916,1190442.34
USDT,2022-06-10 05:00:00+00:00,0.99916,584207.44
USDT,2022-06-10 06:00:00+00:00,0.99915,687392.08
USDT,2022-06-10 07:00:00+00:00,0.99914,1091141.74
USDT,2022-06-10 08:00:00+00:00,0.99912,1155892.26
USDT,2022-06-10 09:00:00+00:00,0.99911,1383845.82
USDT,2022-06-10 10:00:00+00:00,0.99914,1249711.11
USDT,2022-06-10 11:00:00+00:00,0.99909,1271185.99
USDT,2022-06-10 12:00:00+00:00,0.99906,3252690.71
USDT,2022-06-10 13:00:00+00:00,0.99907,3234229.44
USDT,2022-06-10 14:00:00+00:00,0.99913,3658580.83
USDT,2022-06-10 15:00:00+00:00,0.99895,3537123.69
USDT,2022-06-10 16:00:00+00:00,0.99895,3798959.63
USDT,2022-06-10 17:00:00+00:00,0.99898,3364245.38
USDT,2022-06-10 18:00:00+00:00,0.99888,2196126.24
USDT,2022-06-10 19:00:00+00:00,0.99878,1981408.25
USDT,2022-06-10 20:00:00+00:00,0.99887,1981059.95
USDT,2022-06-10 21:00:00+00:00,0.99873,1825665.7
USDT,2022-06-10 22:00:00+00:00,0.9989,1722405.75
USDT,2022-06-10 23:00:00+00:00,0.99894,1342823.74
USDT,2022-06-11 00:00:00+00:00,0.9989,1097005.84
USDT,2022-06-11 01:00:00+00:00,0.99888,998425.99
USDT,2022-06-11 02:00:00+00:00,0.99891,1267510.49
USDT,2022-06-11 03:00:00+00:00,0.99893,700779.3
USDT,2022-06-11 04:00:00+00:00,0.99892,641041.55
USDT,2022-06-11 05:00:00+00:00,0.9989,847784.99
USDT,2022-06-11 06:00:00+00:00,0.99891,741404.38
USDT,2022-06-11 07:00:00+00:00,0.99893,777973.78
USDT,2022-06-11 08:00:00+00:00,0.99887,1926994.2
USDT,2022-06-11 09:00:00+00:00,0.99895,2240757.02
USDT,2022-06-11 10:00:00+00:00,0.99884,2338776.91
USDT,2022-06-11 11:00:00+00:00,0.99871,3156299.55
USDT,2022-06-11 12:00:00+00:00,0.99875,2538297.55
USDT,2022-06-11 13:00:00+00:00,0.99869,2859457.62
USDT,2022-06-11 14:00:00+00:00,0.99875,2503428.89
USDT,2022-06-11 15:00:00+00:00,0.99884,3093019.87
USDT,2022-06-11 16:00:00+00:00,0.99883,3665025.08
USDT,2022-06-11 17:00:00+00:00,0.99886,1930391.81
USDT,2022-06-11 18:00:00+00:00,0.99874,2021339.41
USDT,2022-06-11 19:00:00+00:00,0.99873,3053626.81
USDT,2022-06-11 20:00:00+00:00,0.99882,1429994.92
USDT,2022-06-11 21:00:00+00:00,0.99886,820809.32
USDT,2022-06-11 22:00:00+00:00,0.99887,999430.19
USDT,2022-06-11 23:00:00+00:00,0.99885,1120933.79
USDT,2022-06-12 00:00:00+00:00,0.99883,800525.63
USDT,2022-06-12 01:00:00+00:00,0.99876,854608.22
USDT,2022-06-12 02:00:00+00:00,0.99876,3098514.26
USDT,2022-06-12 03:00:00+00:00,0.99876,1494425.29
USDT,2022-06-12 04:00:00+00:00,0.9987,2121294.63
USDT,2022-06-12 05:00:00+00:00,0.99859,2505160.38
USDT,2022-06-12 06:00:00+00:00,0.99859,1301417.17
USDT,2022-06-12 07:00:00+00:00,0.99856,1711159.01
USDT,2022-06-12 08:00:00+00:00,0.99849,3653131.16
USDT,2022-06-12 09:00:00+00:00,0.9985,1488620.52
USDT,2022-06-12 10:00:00+00:00,0.9986,1087198.89
USDT,2022-06-12 11:00:00+00:00,0.9987,863475.05
USDT,2022-06-12 12:00:00+00:00,0.99869,1036309.45
USDT,2022-06-12 13:00:00+00:00,0.99859,2447631.75
USDT,2022-06-12 14:00:00+00:00,0.99867,4382412.33
USDT,2022-06-12 15:00:00+00:00,0.9986,4218121.94
USDT,2022-06-12 16:00:00+00:00,0.99871,4634110.94
USDT,2022-06-12 17:00:00+00:00,0.9987,1193891.63
USDT,2022-06-12 18:00:00+00:00,0.9988,1241082.52
USDT,2022-06-12 19:00:00+00:00,0.99881,782276.11
USDT,2022-06-12 20:00:00+00:00,0.99875,915580.49
USDT,2022-06-12 21:00:00+00:00,0.99877,888238.97
USDT,2022-06-12 22:00:00+00:00,0.99878,1665712.38
USDT,2022-06-12 23:00:00+00:00,0.99875,1538093.29
USDT,2022-06-13 00:00:00+00:00,0.99873,3078271.45
USDT,2022-06-13 01:00:00+00:00,0.9987,4705415.05
USDT,2022-06-13 02:00:00+00:00,0.99866,3660488.68
USDT,2022-06-13 03:00:00+00:00,0.99872,5514909.06
USDT,2022-06-13 04:00:00+00:00,0.99873,4597708.62
USDT,2022-06-13 05:00:00+00:00,0.99857,2330836.73
USDT,2022-06-13 06:00:00+00:00,0.99846,5469728.51
USDT,2022-06-13 07:00:00+00:00,0.99868,3638033.64
USDT,2022-06-13 08:00:00+00:00,0.998,5885019.54
USDT,2022-06-13 09:00:00+00:00,0.99816,6218722.44
USDT,2022-06-13 10:00:00+00:00,0.99772,10334971.04
USDT,2022-06-13 11:00:00+00:00,0.99751,5384254.98
USDT,2022-06-13 12:00:00+00:00,0.9982,6244671.37
USDT,2022-06-13 13:00:00+00:00,0.99846,5988862.06
USDT,2022-06-13 14:00:00+00:00,0.99851,6138916.01
USDT,2022-06-13 15:00:00+00:00,0.99853,6453692.57
USDT,2022-06-13 16:00:00+00:00,0.99865,4835081.5
USDT,2022-06-13 17:00:00+00:00,0.99879,3543724.6
USDT,2022-06-13 18:00:00+00:00,0.99859,8212858.92
USDT,2022-06-13 19:00:00+00:00,0.99861,3524489.54
USDT,2022-06-13 20:00:00+00:00,0.99849,4490283.48
USDT,2022-06-13 21:00:00+00:00,0.99861,3508668.77
USDT,2022-06-13 22:00:00+00:00,0.99845,3006282.31
USDT,2022-06-13 23:00:00+00:00,0.99831,6495335.7
USDT,2022-06-14 00:00:00+00:00,0.99843,5810305.77
USDT,2022-06-14 01:00:00+00:00,0.99854,3976305.12
USDT,2022-06-14 02:00:00+00:00,0.99848,6781714.21
USDT,2022-06-14 03:00:00+00:00,0.99855,4832661.97
USDT,2022-06-14 04:00:00+00:00,0.9985,5368790.47
USDT,2022-06-14 05:00:00+00:00,0.99854,4298680.32
USDT,2022-06-14 06:00:00+00:00,0.99831,7598975.1
USDT,2022-06-14 07:00:00+00:00,0.99846,3832553.78
USDT,2022-06-14 08:00:00+00:00,0.99851,2116677.24
USDT,2022-06-14 09:00:00+00:00,0.9985,1633335.24
USDT,2022-06-14 10:00:00+00:00,0.9985,2194938.31
USDT,2022-06-14 11:00:00+00:00,0.99862,2411215.41
USDT,2022-06-14 12:00:00+00:00,0.99865,2319899.37
USDT,2022-06-14 13:00:00+00:00,0.99872,3049544.63
USDT,2022-06-14 14:00:00+00:00,0.9987,2330354.49
USDT,2022-06-14 15:00:00+00:00,0.99861,6049837.57
USDT,2022-06-14 16:00:00+00:00,0.99872,3229815.18
USDT,2022-06-14 17:00:00+00:00,0.99874,4493097.83
USDT,2022-06-14 18:00:00+00:00,0.99886,3674870.53
USDT,2022-06-14 19:00:00+00:00,0.99889,5775015.58
USDT,2022-06-14 20:00:00+00:00,0.99891,2560778.2
USDT,2022-06-14 21:00:00+00:00,0.9988,3867879.24
USDT,2022-06-14 22:00:00+00:00,0.99884,2226917.99
USDT,2022-06-14 23:00:00+00:00,0.99881,2176154.87
USDT,2022-06-15 00:00:00+00:00,0.99878,1938633.88
USDT,2022-06-15 01:00:00+00:00,0.99873,2005141.25
USDT,2022-06-15 02:00:00+00:00,0.99876,1867514.02
USDT,2022-06-15 03:00:00+00:00,0.99861,2344441.41
USDT,2022-06-15 04:00:00+00:00,0.99852,2924231.01
USDT,2022-06-15 05:00:00+00:00,0.99839,3102696.48
USDT,2022-06-15 06:00:00+00:00,0.99827,2351642.0
USDT,2022-06-15 07:00:00+00:00,0.9983,4277855.5
USDT,2022-06-15 08:00:00+00:00,0.99821,5344955.24
USDT,2022-06-15 09:00:00+00:00,0.99819,4776618.81
USDT,2022-06-15 10:00:00+00:00,0.99818,4663278.91
USDT,2022-06-15 11:00:00+00:00,0.9984,2921764.34
USDT,2022-06-15 12:00:00+00:00,0.99841,2827964.91
USDT,2022-06-15 13:00:00+00:00,0.99851,4354267.47
USDT,2022-06-15 14:00:00+00:00,0.99861,4641613.59
USDT,2022-06-15 15:00:00+00:00,0.9987,2724929.49
USDT,2022-06-15 16:00:00+00:00,0.9987,3334840.42
USDT,2022-06-15 17:00:00+00:00,0.99878,5880830.85
USDT,2022-06-15 18:00:00+00:00,0.99871,7274525.14
USDT,2022-06-15 19:00:00+00:00,0.99875,9549315.07
USDT,2022-06-15 20:00:00+00:00,0.99874,3403273.61
USDT,2022-06-15 21:00:00+00:00,0.99886,3604545.09
USDT,2022-06-15 22:00:00+00:00,0.99881,6758653.06
USDT,2022-06-15 23:00:00+00:00,0.99878,4770611.45
USDT,2022-06-16 00:00:00+00:00,0.99884,3947058.17
USDT,2022-06-16 01:00:00+00:00,0.9987,2618836.75
USDT,2022-06-16 02:00:00+00:00,0.99875,1729013.8
USDT,2022-06-16 03:00:00+00:00,0.99879,2351814.07
USDT,2022-06-16 04:00:00+00:00,0.99876,1578671.55
USDT,2022-06-16 05:00:00+00:00,0.99873,1102570.06
USDT,2022-06-16 06:00:00+00:00,0.99879,1454586.68
USDT,2022-06-16 07:00:00+00:00,0.99886,1772858.77
USDT,2022-06-16 08:00:00+00:00,0.99879,1286910.11
USDT,2022-06-16 09:00:00+00:00,0.99878,1882397.01
USDT,2022-06-16 10:00:00+00:00,0.99885,2647633.13
USDT,2022-06-16 11:00:00+00:00,0.99878,1695415.41
USDT,2022-06-16 12:00:00+00:00,0.99884,2091868.91
USDT,2022-06-16 13:00:00+00:00,0.99872,2377017.41
USDT,2022-06-16 14:00:00+00:00,0.99873,2255843.54
USDT,2022-06-16 15:00:00+00:00,0.99871,3327994.31
USDT,2022-06-16 16:00:00+00:00,0.99872,3901657.91
USDT,2022-06-16 17:00:00+00:00,0.99871,3433336.51
USDT,2022-06-16 18:00:00+00:00,0.99872,2561232.61
USDT,2022-06-16 19:00:00+00:00,0.99873,2412517.26
USDT,2022-06-16 20:00:00+00:00,0.9987,3153387.06
USDT,2022-06-16 21:00:00+00:00,0.99865,2795941.61
USDT,2022-06-16 22:00:00+00:00,0.99864,2277945.51
USDT,2022-06-16 23:00:00+00:00,0.99862,3773026.0
USDT,2022-06-17 00:00:00+00:00,0.99864,2858910.95
USDT,2022-06-17 01:00:00+00:00,0.99861,2314525.46
USDT,2022-06-17 02:00:00+00:00,0.99861,1863069.37
USDT,2022-06-17 03:00:00+00:00,0.99861,1228642.94
USDT,2022-06-17 04:00:00+00:00,0.99854,1537985.23
USDT,2022-06-17 05:00:00+00:00,0.99849,1037896.76
USDT,2022-06-17 06:00:00+00:00,0.99863,1182584.97
USDT,2022-06-17 07:00:00+00:00,0.99857,1077856.71
USDT,2022-06-17 08:00:00+00:00,0.9986,1373344.45
USDT,2022-06-17 09:00:00+00:00,0.99872,2400666.51
USDT,2022-06-17 10:00:00+00:00,0.99863,1344408.35
USDT,2022-06-17 11:00:00+00:00,0.99861,1432613.62
USDT,2022-06-17 12:00:00+00:00,0.9986,1245667.78
USDT,2022-06-17 13:00:00+00:00,0.99871,1784633.53
USDT,2022-06-17 14:00:00+00:00,0.99872,2242383.83
USDT,2022-06-17 15:00:00+00:00,0.99872,2354931.57
USDT,2022-06-17 16:00:00+00:00,0.99865,2015029.86
USDT,2022-06-17 17:00:00+00:00,0.99868,1849314.3
USDT,2022-06-17 18:00:00+00:00,0.99869,2007456.04
USDT,2022-06-17 19:00:00+00:00,0.99863,2621384.65
USDT,2022-06-17 20:00:00+00:00,0.9988,2335600.69
USDT,2022-06-17 21:00:00+00:00,0.99881,1634983.94
USDT,2022-06-17 22:00:00+00:00,0.99879,1685389.96
USDT,2022-06-17 23:00:00+00:00,0.9988,1347602.76
USDT,2022-06-18 00:00:00+00:00,0.99882,1394765.25
USDT,2022-06-18 01:00:00+00:00,0.99878,1246258.01
USDT,2022-06-18 02:00:00+00:00,0.99871,1138624.47
USDT,2022-06-18 03:00:00+00:00,0.99871,1452496.11
USDT,2022-06-18 04:00:00+00:00,0.99861,1434594.19
USDT,2022-06-18 05:00:00+00:00,0.99861,1358217.71
USDT,2022-06-18 06:00:00+00:00,0.99874,2618252.47
USDT,2022-06-18 07:00:00+00:00,0.99876,3733253.44
USDT,2022-06-18 08:00:00+00:00,0.99849,2862847.3
USDT,2022-06-18 09:00:00+00:00,0.99852,1631141.21
USDT,2022-06-18 10:00:00+00:00,0.99852,1685236.18
USDT,2022-06-18 11:00:00+00:00,0.99861,1159996.65
USDT,2022-06-18 12:00:00+00:00,0.9986,1154709.84
USDT,2022-06-18 13:00:00+00:00,0.99836,1465966.61
USDT,2022-06-18 14:00:00+00:00,0.99861,2132542.31
USDT,2022-06-18 15:00:00+00:00,0.9986,1899357.69
USDT,2022-06-18 16:00:00+00:00,0.9987,2489400.76
USDT,2022-06-18 17:00:00+00:00,0.99871,2262413.48
USDT,2022-06-18 18:00:00+00:00,0.99861,3719395.88
USDT,2022-06-18 19:00:00+00:00,0.99861,3060484.62
USDT,2022-06-18 20:00:00+00:00,0.99833,8172435.82
USDT,2022-06-18 21:00:00+00:00,0.99837,3312055.89
USDT,2022-06-18 22:00:00+00:00,0.99835,2859294.63
USDT,2022-06-18 23:00:00+00:00,0.99846,1482835.89
USDT,2022-06-19 00:00:00+00:00,0.99857,1393132.42
USDT,2022-06-19 01:00:00+00:00,0.9985,1028138.85
USDT,2022-06-19 02:00:00+00:00,0.99849,1351841.77
USDT,2022-06-19 03:00:00+00:00,0.9986,962207.22
USDT,2022-06-19 04:00:00+00:00,0.99858,749602.19
USDT,2022-06-19 05:00:00+00:00,0.99861,1758485.6
USDT,2022-06-19 06:00:00+00:00,0.99852,1261517.21
USDT,2022-06-19 07:00:00+00:00,0.99842,744943.83
USDT,2022-06-19 08:00:00+00:00,0.99837,733786.83
USDT,2022-06-19 09:00:00+00:00,0.99842,1294657.38
USDT,2022-06-19 10:00:00+00:00,0.99846,2208419.23
USDT,2022-06-19 11:00:00+00:00,0.99845,1142474.63
USDT,2022-06-19 12:00:00+00:00,0.99862,1282370.82
USDT,2022-06-19 13:00:00+00:00,0.99865,734339.36
USDT,2022-06-19 14:00:00+00:00,0.99862,888922.5
USDT,2022-06-19 15:00:00+00:00,0.99872,1094614.22
USDT,2022-06-19 16:00:00+00:00,0.99873,1430458.56
USDT,2022-06-19 17:00:00+00:00,0.9987,798386.63
USDT,2022-06-19 18:00:00+00:00,0.99879,1223684.05
USDT,2022-06-19 19:00:00+00:00,0.9988,2255048.61
USDT,2022-06-19 20:00:00+00:00,0.99899,3158697.91
USDT,2022-06-19 21:00:00+00:00,0.99876,1671653.72
USDT,2022-06-19 22:00:00+00:00,0.9988,1492378.48
USDT,2022-06-19 23:00:00+00:00,0.99873,1442112.22
USDT,2022-06-20 00:00:00+00:00,0.99862,1494848.67
USDT,2022-06-20 01:00:00+00:00,0.99861,1327487.57
USDT,2022-06-20 02:00:00+00:00,0.99862,854592.43
USDT,2022-06-20 03:00:00+00:00,0.99864,597706.7
USDT,2022-06-20 04:00:00+00:00,0.99861,962974.65
USDT,2022-06-20 05:00:00+00:00,0.99861,693725.4
USDT,2022-06-20 06:00:00+00:00,0.9986,697699.32
USDT,2022-06-20 07:00:00+00:00,0.99864,652135.92
USDT,2022-06-20 08:00:00+00:00,0.9986,1460065.27
USDT,2022-06-20 09:00:00+00:00,0.99864,1264823.59
USDT,2022-06-20 10:00:00+00:00,0.9987,1542270.67
USDT,2022-06-20 11:00:00+00:00,0.99879,6367488.88
USDT,2022-06-20 12:00:00+00:00,0.99882,1476808.77
USDT,2022-06-20 13:00:00+00:00,0.99883,1186126.67
USDT,2022-06-20 14:00:00+00:00,0.99884,1426795.0
USDT,2022-06-20 15:00:00+00:00,0.99887,1902669.74
USDT,2022-06-20 16:00:00+00:00,0.99881,1457054.73
USDT,2022-06-20 17:00:00+00:00,0.9988,1690785.81
USDT,2022-06-20 18:00:00+00:00,0.99881,1597591.6
USDT,2022-06-20 19:00:00+00:00,0.99881,1188038.44
USDT,2022-06-20 20:00:00+00:00,0.99881,1695293.69
USDT,2022-06-20 21:00:00+00:00,0.99871,1411198.64
USDT,2022-06-20 22:00:00+00:00,0.99875,1265115.57
USDT,2022-06-20 23:00:00+00:00,0.99873,1264849.15
USDT,2022-06-21 00:00:00+00:00,0.99873,1278248.37
USDT,2022-06-21 01:00:00+00:00,0.99872,1171555.53
USDT,2022-06-21 02:00:00+00:00,0.99876,1191342.69
USDT,2022-06-21 03:00:00+00:00,0.99877,1016816.57
USDT,2022-06-21 04:00:00+00:00,0.99873,1180858.07
USDT,2022-06-21 05:00:00+00:00,0.9988,1743968.22
USDT,2022-06-21 06:00:00+00:00,0.9988,985539.45
USDT,2022-06-21 07:00:00+00:00,0.99889,1209816.9
USDT,2022-06-21 08:00:00+00:00,0.99887,1488378.22
USDT,2022-06-21 09:00:00+00:00,0.99889,973454.22
USDT,2022-06-21 10:00:00+00:00,0.99892,1850006.11
USDT,2022-06-21 11:00:00+00:00,0.99887,1264811.46
USDT,2022-06-21 12:00:00+00:00,0.99899,1662913.25
USDT,2022-06-21 13:00:00+00:00,0.999,2423189.4
USDT,2022-06-21 14:00:00+00:00,0.99921,3334239.36
USDT,2022-06-21 15:00:00+00:00,0.99905,1990003.4
USDT,2022-06-21 16:00:00+00:00,0.99909,1984329.91
USDT,2022-06-21 17:00:00+00:00,0.99906,2645230.64
USDT,2022-06-21 18:00:00+00:00,0.99906,2122967.11
USDT,2022-06-21 19:00:00+00:00,0.99902,2956553.67
USDT,2022-06-21 20:00:00+00:00,0.99902,2189714.39
USDT,2022-06-21 21:00:00+00:00,0.99904,1996613.75
USDT,2022-06-21 22:00:00+00:00,0.99904,1243356.82
USDT,2022-06-21 23:00:00+00:00,0.99901,1222455.16
USDT,2022-06-22 00:00:00+00:00,0.99887,1313463.26
USDT,2022-06-22 01:00:00+00:00,0.99881,1684764.41
USDT,2022-06-22 02:00:00+00:00,0.99889,1269761.72
USDT,2022-06-22 03:00:00+00:00,0.9988,1261374.77
USDT,2022-06-22 04:00:00+00:00,0.99888,1113887.91
USDT,2022-06-22 05:00:00+00:00,0.99892,979479.88
USDT,2022-06-22 06:00:00+00:00,0.99879,1101250.61
USDT,2022-06-22 07:00:00+00:00,0.99883,1066033.14
USDT,2022-06-22 08:00:00+00:00,0.99885,779993.55
USDT,2022-06-22 09:00:00+00:00,0.99886,861439.24
USDT,2022-06-22 10:00:00+00:00,0.99888,791383.54
USDT,2022-06-22 11:00:00+00:00,0.99889,992663.52
USDT,2022-06-22 12:00:00+00:00,0.99886,1093162.55
USDT,2022-06-22 13:00:00+00:00,0.99881,2410644.86
USDT,2022-06-22 14:00:00+00:00,0.99883,3192059.01
USDT,2022-06-22 15:00:00+00:00,0.99885,1873565.66
USDT,2022-06-22 16:00:00+00:00,0.9989,2136869.25
USDT,2022-06-22 17:00:00+00:00,0.99898,2415910.64
USDT,2022-06-22 18:00:00+00:00,0.99903,1859813.0
USDT,2022-06-22 19:00:00+00:00,0.99897,3110524.19
USDT,2022-06-22 20:00:00+00:00,0.99893,2024791.04
USDT,2022-06-22 21:00:00+00:00,0.9989,1657844.84
USDT,2022-06-22 22:00:00+00:00,0.99879,2096444.99
USDT,2022-06-22 23:00:00+00:00,0.99888,1562049.95
USDT,2022-06-23 00:00:00+00:00,0.99897,2518132.01
USDT,2022-06-23 01:00:00+00:00,0.99885,1716325.59
USDT,2022-06-23 02:00:00+00:00,0.99898,1644416.22
USDT,2022-06-23 03:00:00+00:00,0.99901,956688.45
USDT,2022-06-23 04:00:00+00:00,0.99894,828581.31
USDT,2022-06-23 05:00:00+00:00,0.99896,799905.28
USDT,2022-06-23 06:00:00+00:00,0.99888,1286512.78
USDT,2022-06-23 07:00:00+00:00,0.99891,829363.95
USDT,2022-06-23 08:00:00+00:00,0.99892,776470.02
USDT,2022-06-23 09:00:00+00:00,0.99902,975441.75
USDT,2022-06-23 10:00:00+00:00,0.99893,1042752.7
USDT,2022-06-23 11:00:00+00:00,0.99908,881481.29
USDT,2022-06-23 12:00:00+00:00,0.99912,981402.1
USDT,2022-06-23 13:00:00+00:00,0.99924,1724801.72
USDT,2022-06-23 14:00:00+00:00,0.99929,2083124.1
USDT,2022-06-23 15:00:00+00:00,0.99939,2509607.76
USDT,2022-06-23 16:00:00+00:00,0.99936,2164347.88
USDT,2022-06-23 17:00:00+00:00,0.99934,1790708.83
USDT,2022-06-23 18:00:00+00:00,0.9994,2364320.88
USDT,2022-06-23 19:00:00+00:00,0.99947,2737623.68
USDT,2022-06-23 20:00:00+00:00,0.99943,3333643.84
USDT,2022-06-23 21:00:00+00:00,0.99913,1824722.17
USDT,2022-06-23 22:00:00+00:00,0.9991,1550144.65
USDT,2022-06-23 23:00:00+00:00,0.99919,1276749.86
USDT,2022-06-24 00:00:00+00:00,0.99916,1428320.14
USDT,2022-06-24 01:00:00+00:00,0.99917,1211961.39
USDT,2022-06-24 02:00:00+00:00,0.99911,1127148.71
USDT,2022-06-24 03:00:00+00:00,0.99905,769766.4
USDT,2022-06-24 04:00:00+00:00,0.99907,960797.64
USDT,2022-06-24 05:00:00+00:00,0.99914,874194.0
USDT,2022-06-24 06:00:00+00:00,0.99911,882044.07
USDT,2022-06-24 07:00:00+00:00,0.99905,822383.09
USDT,2022-06-24 08:00:00+00:00,0.99918,860592.79
USDT,2022-06-24 09:00:00+00:00,0.99911,915626.27
USDT,2022-06-24 10:00:00+00:00,0.99917,763357.41
USDT,2022-06-24 11:00:00+00:00,0.99914,1665816.18
USDT,2022-06-24 12:00:00+00:00,0.99931,1173973.47
USDT,2022-06-24 13:00:00+00:00,0.99928,1471545.34
USDT,2022-06-24 14:00:00+00:00,0.99919,1609885.1
USDT,2022-06-24 15:00:00+00:00,0.99912,2026948.26
USDT,2022-06-24 16:00:00+00:00,0.99911,2461721.13
USDT,2022-06-24 17:00:00+00:00,0.99916,1822865.35
USDT,2022-06-24 18:00:00+00:00,0.99913,1767875.67
USDT,2022-06-24 19:00:00+00:00,0.99921,1513282.54
USDT,2022-06-24 20:00:00+00:00,0.9992,1979136.4
USDT,2022-06-24 21:00:00+00:00,0.99922,2039430.56
USDT,2022-06-24 22:00:00+00:00,0.99937,1555301.9
USDT,2022-06-24 23:00:00+00:00,0.99929,1644431.47
USDT,2022-06-25 00:00:00+00:00,0.99933,1151890.13
USDT,2022-06-25 01:00:00+00:00,0.99924,832399.54
USDT,2022-06-25 02:00:00+00:00,0.9992,1021144.2
USDT,2022-06-25 03:00:00+00:00,0.99922,1097313.48
USDT,2022-06-25 04:00:00+00:00,0.99912,984681.32
USDT,2022-06-25 05:00:00+00:00,0.99917,1733264.96
USDT,2022-06-25 06:00:00+00:00,0.99924,908555.77
USDT,2022-06-25 07:00:00+00:00,0.99929,895988.44
USDT,2022-06-25 08:00:00+00:00,0.99929,652766.97
USDT,2022-06-25 09:00:00+00:00,0.99933,871122.45
USDT,2022-06-25 10:00:00+00:00,0.99934,591254.92
USDT,2022-06-25 11:00:00+00:00,0.99934,617997.97
USDT,2022-06-25 12:00:00+00:00,0.99931,1046164.74
USDT,2022-06-25 13:00:00+00:00,0.99932,801749.18
USDT,2022-06-25 14:00:00+00:00,0.9993,766247.15
USDT,2022-06-25 15:00:00+00:00,0.99933,1013463.83
USDT,2022-06-25 16:00:00+00:00,0.9993,856501.4
USDT,2022-06-25 17:00:00+00:00,0.99936,1083924.64
USDT,2022-06-25 18:00:00+00:00,0.99935,855694.99
USDT,2022-06-25 19:00:00+00:00,0.99943,957306.57
USDT,2022-06-25 20:00:00+00:00,0.99934,870552.41
USDT,2022-06-25 21:00:00+00:00,0.99929,1279188.08
USDT,2022-06-25 22:00:00+00:00,0.99961,1503271.94
USDT,2022-06-25 23:00:00+00:00,0.9993,1750985.13
USDT,2022-06-26 00:00:00+00:00,0.99944,917104.23
USDT,2022-06-26 01:00:00+00:00,0.99938,1492427.91
USDT,2022-06-26 02:00:00+00:00,0.99951,902953.45
USDT,2022-06-26 03:00:00+00:00,0.99958,1021667.03
USDT,2022-06-26 04:00:00+00:00,0.99929,736530.69
USDT,2022-06-26 05:00:00+00:00,0.99932,647182.26
USDT,2022-06-26 06:00:00+00:00,0.99931,851685.82
USDT,2022-06-26 07:00:00+00:00,0.99931,938382.82
USDT,2022-06-26 08:00:00+00:00,0.9993,793047.98
USDT,2022-06-26 09:00:00+00:00,0.9993,949411.87
USDT,2022-06-26 10:00:00+00:00,0.99933,1681709.86
USDT,2022-06-26 11:00:00+00:00,0.99931,1029307.81
USDT,2022-06-26 12:00:00+00:00,0.9994,1549228.92
USDT,2022-06-26 13:00:00+00:00,0.9994,1074936.63
USDT,2022-06-26 14:00:00+00:00,0.99941,909372.95
USDT,2022-06-26 15:00:00+00:00,0.99952,1382909.47
USDT,2022-06-26 16:00:00+00:00,0.99943,941490.19
USDT,2022-06-26 17:00:00+00:00,0.99942,1124972.18
USDT,2022-06-26 18:00:00+00:00,0.99939,1204468.73
USDT,2022-06-26 19:00:00+00:00,0.9994,667787.14
USDT,2022-06-26 20:00:00+00:00,0.99944,1094796.69
USDT,2022-06-26 21:00:00+00:00,0.99939,804006.94
USDT,2022-06-26 22:00:00+00:00,0.99953,1178055.85
USDT,2022-06-26 23:00:00+00:00,0.99937,1007337.37
USDT,2022-06-27 00:00:00+00:00,0.99939,1108740.54
USDT,2022-06-27 01:00:00+00:00,0.99938,1014286.75
USDT,2022-06-27 02:00:00+00:00,0.99944,966795.58
USDT,2022-06-27 03:00:00+00:00,0.99943,796037.4
USDT,2022-06-27 04:00:00+00:00,0.99944,728794.93
USDT,2022-06-27 05:00:00+00:00,0.99943,733558.04
USDT,2022-06-27 06:00:00+00:00,0.99943,344336.07
USDT,2022-06-27 07:00:00+00:00,0.99942,730507.82
USDT,2022-06-27 08:00:00+00:00,0.99934,1766382.44
USDT,2022-06-27 09:00:00+00:00,0.99937,849637.18
USDT,2022-06-27 10:00:00+00:00,0.99939,2178557.08
USDT,2022-06-27 11:00:00+00:00,0.99937,1372992.66
USDT,2022-06-27 12:00:00+00:00,0.99932,1713660.58
USDT,2022-06-27 13:00:00+00:00,0.99916,2196141.85
USDT,2022-06-27 14:00:00+00:00,0.99916,1716862.99
USDT,2022-06-27 15:00:00+00:00,0.99913,2156372.52
USDT,2022-06-27 16:00:00+00:00,0.9991,2683129.24
USDT,2022-06-27 17:00:00+00:00,0.99908,2266861.68
USDT,2022-06-27 18:00:00+00:00,0.99906,2221291.02
USDT,2022-06-27 19:00:00+00:00,0.99904,2175281.1
USDT,2022-06-27 20:00:00+00:00,0.99907,1486663.33
USDT,2022-06-27 21:00:00+00:00,0.99911,1555482.19
USDT,2022-06-27 22:00:00+00:00,0.99905,1301038.7
USDT,2022-06-27 23:00:00+00:00,0.99905,1013038.99
USDT,2022-06-28 00:00:00+00:00,0.99909,2251906.18
USDT,2022-06-28 01:00:00+00:00,0.99915,2306201.31
USDT,2022-06-28 02:00:00+00:00,0.99921,2549558.79
USDT,2022-06-28 03:00:00+00:00,0.99919,3120230.02
USDT,2022-06-28 04:00:00+00:00,0.99913,3793387.24
USDT,2022-06-28 05:00:00+00:00,0.99901,2293322.56
USDT,2022-06-28 06:00:00+00:00,0.99906,968665.78
USDT,2022-06-28 07:00:00+00:00,0.99909,1388598.44
USDT,2022-06-28 08:00:00+00:00,0.99909,8507887.05
USDT,2022-06-28 09:00:00+00:00,0.99909,1344496.31
USDT,2022-06-28 10:00:00+00:00,0.99909,1155036.17
USDT,2022-06-28 11:00:00+00:00,0.9991,1903937.16
USDT,2022-06-28 12:00:00+00:00,0.99909,1191880.42
USDT,2022-06-28 13:00:00+00:00,0.9991,1767545.18
USDT,2022-06-28 14:00:00+00:00,0.99906,2637496.56
USDT,2022-06-28 15:00:00+00:00,0.99905,2850416.39
USDT,2022-06-28 16:00:00+00:00,0.99901,3200486.43
USDT,2022-06-28 17:00:00+00:00,0.99899,4248227.45
USDT,2022-06-28 18:00:00+00:00,0.99896,4386537.25
USDT,2022-06-28 19:00:00+00:00,0.99875,1481496.64
USDT,2022-06-28 20:00:00+00:00,0.99885,2725083.87
USDT,2022-06-28 21:00:00+00:00,0.99876,1658286.52
USDT,2022-06-28 22:00:00+00:00,0.99881,1505647.0
USDT,2022-06-28 23:00:00+00:00,0.99876,2007368.91
USDT,2022-06-29 00:00:00+00:00,0.99877,1619622.11
USDT,2022-06-29 01:00:00+00:00,0.99882,794980.97
USDT,2022-06-29 02:00:00+00:00,0.99878,1473313.02
USDT,2022-06-29 03:00:00+00:00,0.99876,1272446.59
USDT,2022-06-29 04:00:00+00:00,0.9987,1585812.55
USDT,2022-06-29 05:00:00+00:00,0.9987,1320682.38
USDT,2022-06-29 06:00:00+00:00,0.99857,1742008.88
USDT,2022-06-29 07:00:00+00:00,0.99859,844810.68
USDT,2022-06-29 08:00:00+00:00,0.99862,738356.61
USDT,2022-06-29 09:00:00+00:00,0.99861,893345.04
USDT,2022-06-29 10:00:00+00:00,0.99873,1137740.62
USDT,2022-06-29 11:00:00+00:00,0.9987,1745025.3
USDT,2022-06-29 12:00:00+00:00,0.99861,1176423.06
USDT,2022-06-29 13:00:00+00:00,0.99863,1340397.07
USDT,2022-06-29 14:00:00+00:00,0.99871,2263629.21
USDT,2022-06-29 15:00:00+00:00,0.99873,1419458.64
USDT,2022-06-29 16:00:00+00:00,0.99867,1457000.93
USDT,2022-06-29 17:00:00+00:00,0.99863,1977766.35
USDT,2022-06-29 18:00:00+00:00,0.99865,2172990.69
USDT,2022-06-29 19:00:00+00:00,0.9986,1617882.0
USDT,2022-06-29 20:00:00+00:00,0.99863,1888773.89
USDT,2022-06-29 21:00:00+00:00,0.99879,1607563.39
USDT,2022-06-29 22:00:00+00:00,0.99875,884472.58
USDT,2022-06-29 23:00:00+00:00,0.99876,924354.48
USDT,2022-06-30 00:00:00+00:00,0.9988,862963.9
USDT,2022-06-30 01:00:00+00:00,0.99889,1102347.63
USDT,2022-06-30 02:00:00+00:00,0.99894,1613592.85
USDT,2022-06-30 03:00:00+00:00,0.99894,1569527.94
USDT,2022-06-30 04:00:00+00:00,0.99871,894480.98
USDT,2022-06-30 05:00:00+00:00,0.99874,605863.13
USDT,2022-06-30 06:00:00+00:00,0.99865,1197641.61
USDT,2022-06-30 07:00:00+00:00,0.99865,1064497.2
USDT,2022-06-30 08:00:00+00:00,0.99863,1034031.92
USDT,2022-06-30 09:00:00+00:00,0.99867,2255125.47
USDT,2022-06-30 10:00:00+00:00,0.99866,1100090.5
USDT,2022-06-30 11:00:00+00:00,0.99862,1315071.62
USDT,2022-06-30 12:00:00+00:00,0.99862,1317860.6
USDT,2022-06-30 13:00:00+00:00,0.99876,1794824.05
USDT,2022-06-30 14:00:00+00:00,0.99881,1779285.88
USDT,2022-06-30 15:00:00+00:00,0.99879,2269137.31
USDT,2022-06-30 16:00:00+00:00,0.99873,1673347.76
USDT,2022-06-30 17:00:00+00:00,0.99871,1652585.82
USDT,2022-06-30 18:00:00+00:00,0.9987,1427847.98
USDT,2022-06-30 19:00:00+00:00,0.99867,1704793.2
USDT,2022-06-30 20:00:00+00:00,0.9988,2181532.3
USDT,2022-06-30 21:00:00+00:00,0.99872,2357020.01
USDT,2022-06-30 22:00:00+00:00,0.9986,1114575.51
USDT,2022-06-30 23:00:00+00:00,0.99892,1965750.69
